Date,ASII.JK,BBCA.JK,BMRI.JK,ICBP.JK,KLBF.JK,SMGR.JK,TLKM.JK,UNTR.JK
2020-06-02,3038.072998046875,4515.4970703125,1718.7503662109375,7419.6201171875,1245.178955078125,8367.8828125,2381.025146484375,8905.50390625
2020-06-03,3140.8408203125,4869.32275390625,1808.0360107421875,7441.50732421875,1272.150390625,8346.3720703125,2410.329833984375,9286.1982421875
2020-06-04,3057.341552734375,4877.74755859375,1759.6729736328125,7441.50732421875,1267.6551513671875,8260.3271484375,2417.65625,9245.408203125
2020-06-05,3211.493408203125,4822.98779296875,1804.3155517578125,7550.94287109375,1267.6551513671875,8109.7470703125,2366.372802734375,9299.79296875
2020-06-08,3227.55078125,4970.416015625,1953.1253662109375,7682.26171875,1281.1407470703125,8733.57421875,2366.372802734375,9544.5244140625
2020-06-09,3211.493408203125,4890.38427734375,1962.426025390625,7791.69580078125,1267.6551513671875,8131.25927734375,2300.4365234375,9666.892578125
2020-06-10,3115.148681640625,4886.171875,1826.636962890625,7572.82861328125,1321.597900390625,7937.65771484375,2278.45751953125,9367.775390625
2020-06-11,3018.803955078125,4785.0791015625,1744.7919921875,7529.05419921875,1276.6456298828125,8131.25927734375,2256.4794921875,8946.2919921875
2020-06-12,3076.610595703125,4776.6533203125,1819.196533203125,7529.05419921875,1240.68359375,8088.2353515625,2219.84765625,8946.2919921875
2020-06-15,3044.49560546875,4633.4384765625,1755.95263671875,7616.60205078125,1263.16015625,8109.7470703125,2263.805419921875,8769.5419921875
2020-06-16,3192.224365234375,4852.47412109375,1869.419677734375,7769.81005859375,1281.1407470703125,8367.8828125,2344.3935546875,9218.2158203125
2020-06-17,3192.224365234375,4818.77587890625,1822.916748046875,7835.4697265625,1285.6361083984375,8281.8369140625,2351.719970703125,9626.1025390625
2020-06-18,3083.03369140625,4705.04638671875,1793.1551513671875,7660.37548828125,1267.6551513671875,8023.70263671875,2403.003662109375,9598.9091796875
2020-06-19,3140.8408203125,4696.6220703125,1815.4765625,7813.5830078125,1312.6075439453125,8174.2822265625,2403.003662109375,9707.6806640625
2020-06-22,3140.8408203125,4667.13720703125,1789.434814453125,7966.79052734375,1321.597900390625,8238.81640625,2344.3935546875,9625.0966796875
2020-06-23,3147.26318359375,4734.53173828125,1781.994384765625,7813.5830078125,1290.131103515625,8217.3046875,2293.1103515625,9440.0
2020-06-24,3211.493408203125,4806.13916015625,1915.923095703125,7944.9033203125,1312.6075439453125,8152.77001953125,2329.7412109375,9525.4287109375
2020-06-25,3249.291015625,4822.98779296875,1869.419677734375,7857.357421875,1308.1121826171875,8131.25927734375,2315.0888671875,9383.0458984375
2020-06-26,3249.291015625,4755.59326171875,1860.119384765625,8076.22509765625,1299.121826171875,8174.2822265625,2337.0673828125,9383.0458984375
2020-06-29,3182.9794921875,4780.86669921875,1837.7978515625,8229.431640625,1294.6265869140625,8152.77001953125,2329.7412109375,9511.1904296875
2020-06-30,3182.9794921875,4797.71484375,1841.51806640625,8185.65869140625,1312.6075439453125,8317.240234375,2348.27197265625,9425.759765625
2020-07-01,3189.610595703125,4886.171875,1856.399169921875,8054.33837890625,1317.1025390625,8338.84375,2340.57275390625,9682.0498046875
2020-07-02,3229.39794921875,4945.14306640625,1860.119384765625,8360.7529296875,1344.073974609375,8317.240234375,2417.5654296875,9767.4794921875
2020-07-03,3216.135498046875,4945.14306640625,1860.119384765625,8251.3173828125,1344.073974609375,8446.8583984375,2402.166748046875,9767.4794921875
2020-07-06,3209.504150390625,4999.90087890625,1888.0211181640625,8251.3173828125,1375.5406494140625,8598.08203125,2348.27197265625,9810.1962890625
2020-07-07,3202.873046875,5046.23681640625,1878.7205810546875,8316.978515625,1362.0550537109375,8360.4462890625,2402.166748046875,9867.1484375
2020-07-08,3255.9228515625,5223.14892578125,1962.426025390625,8273.205078125,1366.5501708984375,8403.65234375,2425.2646484375,10507.8740234375
2020-07-09,3249.291015625,5138.9052734375,1953.1253662109375,8185.65869140625,1375.5406494140625,8209.2236328125,2394.46728515625,10507.8740234375
2020-07-10,3202.873046875,5223.14892578125,1925.2237548828125,8076.22509765625,1321.597900390625,8144.41455078125,2394.46728515625,10208.869140625
2020-07-13,3249.291015625,5202.087890625,1953.1253662109375,8098.11083984375,1312.6075439453125,8079.60498046875,2379.069091796875,10536.34765625
2020-07-14,3282.447265625,5223.14892578125,1971.7264404296875,8273.205078125,1353.0645751953125,8338.84375,2371.3701171875,10436.6806640625
2020-07-15,3415.071533203125,5181.0263671875,1962.426025390625,8273.205078125,1357.559814453125,8166.017578125,2379.069091796875,10393.96484375
2020-07-16,3481.3837890625,5206.30029296875,1962.426025390625,8382.6396484375,1335.08349609375,8122.81201171875,2386.768310546875,10436.6806640625
2020-07-17,3448.2275390625,5155.7529296875,1925.2237548828125,8119.99853515625,1317.1025390625,8079.60498046875,2355.971435546875,10507.8740234375
2020-07-20,3381.91552734375,5172.6025390625,1897.32177734375,8163.77197265625,1335.08349609375,8166.017578125,2355.971435546875,10479.39453125
2020-07-21,3564.273681640625,5223.14892578125,1971.7264404296875,8163.77197265625,1366.5501708984375,8187.62109375,2355.971435546875,11006.212890625
2020-07-22,3514.539306640625,5206.30029296875,2018.2296142578125,8207.5458984375,1415.9976806640625,8295.6357421875,2363.670654296875,11390.6484375
2020-07-23,3431.649658203125,5223.14892578125,2120.5361328125,8229.431640625,1451.959716796875,8166.017578125,2363.670654296875,11433.36328125
2020-07-24,3348.75927734375,5138.9052734375,2083.333984375,8220.4716796875,1411.5025634765625,8014.7939453125,2325.17431640625,11077.4033203125
2020-07-27,3398.49365234375,5138.9052734375,2185.64013671875,8063.677734375,1393.5216064453125,8101.20751953125,2340.57275390625,11960.1796875
2020-07-28,3431.649658203125,5210.51220703125,2176.33935546875,8108.4775390625,1362.0550537109375,8122.81201171875,2325.17431640625,12301.8994140625
2020-07-29,3365.337890625,5168.390625,2120.5361328125,8175.67431640625,1371.0452880859375,8187.62109375,2309.775634765625,12244.9462890625
2020-07-30,3415.071533203125,5256.84716796875,2157.738525390625,8242.8720703125,1407.00732421875,7971.58935546875,2348.27197265625,12159.5146484375
2020-08-03,3236.029052734375,5164.177734375,2046.131103515625,8332.46875,1402.5120849609375,7885.17578125,2248.181884765625,11646.9365234375
2020-08-04,3289.078369140625,5231.57421875,2074.033203125,8982.0419921875,1415.9976806640625,7949.98486328125,2271.279541015625,11646.9365234375
2020-08-05,3348.75927734375,5227.361328125,2120.5361328125,9452.4228515625,1451.959716796875,8166.017578125,2325.17431640625,12259.18359375
2020-08-06,3464.80615234375,5273.6953125,2148.437744140625,9250.8310546875,1438.47412109375,8295.6357421875,2325.17431640625,13540.6318359375
2020-08-07,3497.96142578125,5206.30029296875,2157.738525390625,9116.435546875,1420.4930419921875,8360.4462890625,2294.376953125,14067.4482421875
2020-08-10,3398.49365234375,5155.7529296875,2157.738525390625,9116.435546875,1447.464599609375,8295.6357421875,2286.67822265625,14110.1650390625
2020-08-11,3464.80615234375,5202.087890625,2222.8427734375,9138.8349609375,1438.47412109375,8295.6357421875,2255.881103515625,13825.3994140625
2020-08-12,3580.8515625,5273.6953125,2287.94677734375,9094.0380859375,1451.959716796875,8511.66796875,2271.279541015625,13398.248046875
2020-08-13,3580.8515625,5307.39306640625,2250.744384765625,9183.6337890625,1460.9501953125,8403.65234375,2317.47509765625,13270.1064453125
2020-08-14,3564.273681640625,5395.85009765625,2241.443603515625,9116.435546875,1460.9501953125,8209.2236328125,2332.87353515625,13141.9609375
2020-08-18,3564.273681640625,5357.93994140625,2287.94677734375,9138.8349609375,1456.4549560546875,8425.255859375,2348.27197265625,13440.96484375
2020-08-19,3514.539306640625,5332.6669921875,2269.345458984375,9049.240234375,1442.96923828125,8252.4306640625,2309.775634765625,13369.7705078125
2020-08-24,3514.539306640625,5320.02880859375,2232.143310546875,9161.2353515625,1438.47412109375,8382.0498046875,2309.775634765625,13099.2451171875
2020-08-25,3514.539306640625,5362.15283203125,2325.1494140625,9340.427734375,1456.4549560546875,8900.52734375,2294.376953125,13412.48828125
2020-08-26,3547.696044921875,5341.09130859375,2362.351806640625,9273.2294921875,1429.4833984375,9030.1474609375,2325.17431640625,13241.626953125
2020-08-27,3514.539306640625,5560.12548828125,2343.75048828125,9273.2294921875,1451.959716796875,9224.576171875,2302.076416015625,13398.248046875
2020-08-28,3531.117431640625,5471.6708984375,2315.8486328125,9250.8310546875,1447.464599609375,9202.9716796875,2278.978759765625,13341.294921875
2020-08-31,3381.91552734375,5286.33154296875,2213.5419921875,9161.2353515625,1420.4930419921875,9116.5595703125,2201.986572265625,13099.2451171875
2020-09-01,3481.3837890625,5492.73193359375,2278.64599609375,9161.2353515625,1433.978759765625,9505.41796875,2232.783447265625,13384.0107421875
2020-09-02,3514.539306640625,5421.12353515625,2260.044921875,9138.8349609375,1438.47412109375,9246.177734375,2271.279541015625,13298.580078125
2020-09-03,3431.649658203125,5475.8818359375,2222.8427734375,9161.2353515625,1433.978759765625,9094.9560546875,2232.783447265625,13327.056640625
2020-09-04,3348.75927734375,5374.7890625,2204.241455078125,9228.431640625,1429.4833984375,8943.7333984375,2201.986572265625,13156.1982421875
2020-09-07,3332.181640625,5294.75634765625,2176.33935546875,9250.8310546875,1438.47412109375,9138.1630859375,2232.783447265625,13184.6748046875
2020-09-08,3398.49365234375,5336.87939453125,2222.8427734375,9250.8310546875,1420.4930419921875,8814.115234375,2201.986572265625,13184.6748046875
2020-09-09,3249.291015625,5261.05908203125,2148.437744140625,9206.033203125,1398.0167236328125,8727.701171875,2155.79052734375,12899.9072265625
2020-09-10,3023.83056640625,4894.595703125,1999.628173828125,8937.244140625,1330.58837890625,8122.81201171875,2078.79833984375,12187.9931640625
2020-09-11,3070.248779296875,4974.6279296875,2036.8306884765625,9183.6337890625,1415.9976806640625,8122.81201171875,2163.489990234375,13056.529296875
2020-09-14,3176.34814453125,5096.78125,2139.136962890625,9452.4228515625,1429.4833984375,8511.66796875,2225.083984375,13099.2451171875
2020-09-15,3196.241943359375,4936.71826171875,2111.235107421875,9318.029296875,1389.0264892578125,8317.240234375,2178.888427734375,13597.5859375
2020-09-16,3169.717041015625,4844.048828125,2101.934814453125,9362.8271484375,1384.5311279296875,8122.81201171875,2148.091552734375,13683.015625
2020-09-17,3222.7666015625,4848.2607421875,2074.033203125,9138.8349609375,1362.0550537109375,8036.3984375,2171.18896484375,13327.056640625
2020-09-18,3169.717041015625,4742.9560546875,2074.033203125,9116.435546875,1389.0264892578125,8058.0009765625,2225.083984375,13554.8701171875
2020-09-21,3096.77392578125,4721.89453125,2036.8306884765625,9094.0380859375,1348.5693359375,7949.98486328125,2163.489990234375,13440.96484375
2020-09-22,3096.77392578125,4591.31640625,1971.7264404296875,9183.6337890625,1308.1121826171875,7798.76318359375,2140.392333984375,12999.578125
2020-09-23,3070.248779296875,4637.65185546875,1934.524169921875,9273.2294921875,1375.5406494140625,7690.74609375,2155.79052734375,13184.6748046875
2020-09-24,3050.35546875,4587.10302734375,1888.0211181640625,9049.240234375,1362.0550537109375,7604.3330078125,2101.895751953125,13028.0537109375
2020-09-25,3222.7666015625,4726.10791015625,1990.3277587890625,9004.4423828125,1420.4930419921875,7604.3330078125,2071.09912109375,13213.15234375
2020-09-28,3143.192138671875,4646.07568359375,1915.923095703125,9026.83984375,1371.0452880859375,7885.17578125,2048.0009765625,12857.1962890625
2020-09-29,3030.46142578125,4637.65185546875,1888.0211181640625,9094.0380859375,1357.559814453125,7863.57275390625,2024.903564453125,12899.9072265625
2020-09-30,2957.5185546875,4566.04345703125,1845.23828125,9026.83984375,1393.5216064453125,7928.38232421875,1971.0087890625,12985.337890625
2020-10-01,3056.986328125,4692.40966796875,1934.524169921875,9094.0380859375,1447.464599609375,8274.0341796875,2117.29443359375,12971.1015625
2020-10-02,3043.723876953125,4637.65185546875,1934.524169921875,9026.83984375,1411.5025634765625,8166.017578125,2063.39990234375,12914.1484375
2020-10-05,3023.83056640625,4650.28759765625,1990.3277587890625,9049.240234375,1407.00732421875,8166.017578125,2040.3018798828125,12714.810546875
2020-10-06,3063.6171875,4801.92724609375,2046.131103515625,9049.240234375,1407.00732421875,8144.41455078125,2040.3018798828125,12885.669921875
2020-10-07,3088.297607421875,4848.2607421875,2064.732666015625,8959.642578125,1429.4833984375,8187.62109375,2048.0009765625,12782.947265625
2020-10-08,3168.339599609375,4869.32275390625,2027.5302734375,9026.83984375,1438.47412109375,8338.84375,2078.79833984375,12969.455078125
2020-10-09,3161.66943359375,4865.10986328125,2064.732666015625,9004.4423828125,1411.5025634765625,8101.20751953125,2101.895751953125,12854.681640625
2020-10-12,3134.98876953125,4932.505859375,2092.63427734375,8914.8447265625,1420.4930419921875,8122.81201171875,2101.895751953125,12912.0673828125
2020-10-13,3161.66943359375,4932.505859375,2111.235107421875,8892.4462890625,1424.988037109375,8079.60498046875,2101.895751953125,12912.0673828125
2020-10-14,3215.03125,4970.416015625,2148.437744140625,8914.8447265625,1429.4833984375,8036.3984375,2163.489990234375,12897.720703125
2020-10-15,3161.66943359375,4873.53515625,2083.333984375,8735.6513671875,1402.5120849609375,7863.57275390625,2140.392333984375,12452.97265625
2020-10-16,3288.403076171875,4852.47412109375,2074.033203125,8735.6513671875,1393.5216064453125,7928.38232421875,2117.29443359375,12553.3984375
2020-10-19,3335.094482421875,4970.416015625,2120.5361328125,8802.84765625,1411.5025634765625,7928.38232421875,2086.49755859375,12653.828125
2020-10-20,3451.822265625,4890.38427734375,2101.934814453125,8713.2529296875,1407.00732421875,8187.62109375,2055.700439453125,12782.947265625
2020-10-21,3501.848876953125,4869.32275390625,2055.431884765625,8690.8544921875,1407.00732421875,8209.2236328125,2063.39990234375,12782.947265625
2020-10-22,3501.848876953125,4886.171875,2027.5302734375,8646.0546875,1420.4930419921875,8058.0009765625,2078.79833984375,12711.2138671875
2020-10-23,3601.90185546875,4860.89794921875,2064.732666015625,8713.2529296875,1424.988037109375,8144.41455078125,2024.903564453125,12582.0927734375
2020-10-26,3601.90185546875,4898.80859375,2148.437744140625,8758.05078125,1389.0264892578125,8295.6357421875,2040.3018798828125,12467.318359375
2020-10-27,3618.576904296875,4877.74755859375,2148.437744140625,8646.0546875,1371.0452880859375,8274.0341796875,2017.2041015625,12122.9990234375
2020-11-02,3601.90185546875,4903.0205078125,2222.8427734375,8735.6513671875,1344.073974609375,7885.17578125,1971.0087890625,11735.634765625
2020-11-03,3668.603759765625,4961.99169921875,2232.143310546875,8713.2529296875,1326.0931396484375,7712.35009765625,1986.4071044921875,11993.875
2020-11-04,3601.90185546875,4903.0205078125,2120.5361328125,8758.05078125,1308.1121826171875,7885.17578125,1986.4071044921875,11821.71484375
2020-11-05,3668.603759765625,5181.0263671875,2222.8427734375,8870.046875,1348.5693359375,8598.08203125,2132.693115234375,11979.5302734375
2020-11-06,3885.384765625,5307.39306640625,2250.744384765625,8847.6484375,1362.0550537109375,8943.7333984375,2178.888427734375,12036.9150390625
2020-11-09,3735.3056640625,5294.75634765625,2287.94677734375,8735.6513671875,1330.58837890625,8835.7177734375,2217.384765625,11979.5302734375
2020-11-10,3835.3583984375,5459.033203125,2371.652099609375,8668.455078125,1344.073974609375,9159.767578125,2201.986572265625,11850.4091796875
2020-11-11,4002.11279296875,5509.57958984375,2371.652099609375,8601.2568359375,1321.597900390625,9678.2431640625,2371.3701171875,12309.505859375
2020-11-12,4002.11279296875,5408.486328125,2297.24755859375,8758.05078125,1335.08349609375,9786.2587890625,2340.57275390625,12108.650390625
2020-11-13,3935.41162109375,5383.2138671875,2325.1494140625,8690.8544921875,1344.073974609375,9678.2431640625,2302.076416015625,12122.9990234375
2020-11-16,3952.086669921875,5459.033203125,2306.5478515625,8735.6513671875,1339.5787353515625,9462.2109375,2363.670654296875,12194.73046875
2020-11-17,3868.709716796875,5518.00439453125,2325.1494140625,9183.6337890625,1348.5693359375,9483.8134765625,2479.15966796875,12079.95703125
2020-11-18,3852.033935546875,5534.8525390625,2362.351806640625,9206.033203125,1353.0645751953125,9635.037109375,2448.362060546875,12051.26171875
2020-11-19,3818.683349609375,5572.7626953125,2353.05078125,9273.2294921875,1344.073974609375,9635.037109375,2440.6630859375,12338.197265625
2020-11-20,3818.683349609375,5560.12548828125,2343.75048828125,9049.240234375,1344.073974609375,9807.8623046875,2479.15966796875,12223.4248046875
2020-11-23,3868.709716796875,5560.12548828125,2380.952880859375,9138.8349609375,1344.073974609375,10455.958984375,2556.15185546875,12682.51953125
2020-11-24,3868.709716796875,5530.640625,2390.253173828125,9071.638671875,1335.08349609375,10131.9091796875,2579.249755859375,12869.02734375
2020-11-25,3701.95458984375,5400.0625,2427.455810546875,8959.642578125,1321.597900390625,10283.1318359375,2525.35498046875,13901.99609375
2020-11-26,3768.65673828125,5459.033203125,2501.860595703125,9071.638671875,1339.5787353515625,10304.736328125,2671.640625,14059.806640625
2020-11-27,3701.95458984375,5379.0009765625,2473.958984375,9497.2216796875,1330.58837890625,10304.736328125,2663.941650390625,14188.927734375
2020-11-30,3535.19970703125,5227.361328125,2353.05078125,8870.046875,1353.0645751953125,10110.3076171875,2486.85888671875,13199.0029296875
2020-12-01,3701.95458984375,5387.42578125,2427.455810546875,9049.240234375,1335.08349609375,10369.5458984375,2494.557861328125,13873.2998046875
2020-12-02,3818.683349609375,5433.759765625,2473.958984375,9116.435546875,1344.073974609375,10326.33984375,2563.85107421875,14920.609375
2020-12-03,3751.980712890625,5442.18359375,2446.05712890625,8982.0419921875,1317.1025390625,10369.5458984375,2540.75341796875,14978.0
2020-12-04,3802.007568359375,5383.2138671875,2455.357421875,8914.8447265625,1331.546630859375,10088.703125,2502.257080078125,15207.544921875
2020-12-07,3902.060302734375,5492.73193359375,2492.559814453125,8914.8447265625,1340.5738525390625,10153.513671875,2563.85107421875,15480.1318359375
2020-12-08,3802.007568359375,5467.4580078125,2483.25927734375,8780.4501953125,1331.546630859375,10002.291015625,2540.75341796875,15365.361328125
2020-12-10,3885.384765625,5555.84423828125,2529.76220703125,8914.8447265625,1336.060302734375,10110.3076171875,2509.956298828125,14934.9599609375
2020-12-11,3785.33203125,5691.04296875,2520.46142578125,8802.84765625,1322.51904296875,9915.87890625,2525.35498046875,15006.69140625
2020-12-14,3785.33203125,5762.86767578125,2501.860595703125,8802.84765625,1340.5738525390625,10369.5458984375,2556.15185546875,15724.029296875
2020-12-15,3968.762451171875,5737.517578125,2492.559814453125,8690.8544921875,1340.5738525390625,10585.578125,2656.2421875,15250.587890625
2020-12-16,4085.490234375,5872.7177734375,2520.46142578125,8758.05078125,1394.7386474609375,10888.0234375,2779.430419921875,15594.9111328125
2020-12-17,4135.51708984375,5860.04248046875,2557.6640625,8713.2529296875,1390.224853515625,11168.865234375,2725.535400390625,15566.21484375
2020-12-18,4135.51708984375,5745.96826171875,2492.559814453125,8690.8544921875,1390.224853515625,10844.8173828125,2702.437744140625,15279.28125
2020-12-21,4102.166015625,5771.31884765625,2492.559814453125,8758.05078125,1394.7386474609375,10801.611328125,2710.136962890625,16226.1640625
2020-12-22,4052.139892578125,5674.14404296875,2380.952880859375,8601.2568359375,1358.62890625,10758.404296875,2586.948974609375,15178.849609375
2020-12-23,4002.11279296875,5682.5927734375,2362.351806640625,8534.0595703125,1322.51904296875,10671.9912109375,2556.15185546875,14963.65234375
2020-12-28,4052.139892578125,5729.06787109375,2427.455810546875,8489.26171875,1354.1151123046875,10844.8173828125,2640.843505859375,15451.4423828125
2020-12-29,4035.46435546875,5716.39306640625,2390.253173828125,8332.46875,1345.0877685546875,10866.4208984375,2633.144775390625,15207.544921875
2020-12-30,4018.788818359375,5720.61767578125,2353.05078125,8578.857421875,1336.060302734375,10736.80078125,2548.452880859375,15264.9326171875
2021-01-04,4152.19287109375,5775.54248046875,2418.155029296875,8578.857421875,1331.546630859375,10866.4208984375,2687.0390625,15293.6279296875
2021-01-05,4118.84130859375,5991.01708984375,2390.253173828125,8466.8623046875,1327.0328369140625,10715.1982421875,2671.640625,15092.771484375
2021-01-06,4102.166015625,5868.49267578125,2390.253173828125,8444.4619140625,1354.1151123046875,10391.1494140625,2594.64794921875,14805.837890625
2021-01-07,4052.139892578125,5885.392578125,2408.8544921875,8511.66015625,1340.5738525390625,10628.7841796875,2610.046630859375,15379.70703125
2021-01-08,4285.595703125,5957.216796875,2436.75634765625,8534.0595703125,1349.601318359375,10650.388671875,2748.633056640625,15652.2939453125
2021-01-11,4352.2978515625,6206.490234375,2548.36328125,8534.0595703125,1588.828369140625,10391.1494140625,2771.731201171875,15236.240234375
2021-01-12,4352.2978515625,6050.16650390625,2585.565673828125,8444.4619140625,1516.6090087890625,10477.5615234375,2702.437744140625,15049.732421875
2021-01-13,4519.052734375,6016.3671875,2576.265380859375,8354.8671875,1412.79345703125,10412.751953125,2679.33984375,15035.38671875
2021-01-14,4519.052734375,5931.8671875,2548.36328125,8377.265625,1439.8758544921875,10304.736328125,2694.73828125,15092.771484375
2021-01-15,4385.64892578125,5876.94287109375,2501.860595703125,8399.666015625,1485.0130615234375,10326.33984375,2679.33984375,15035.38671875
2021-01-18,4452.35107421875,6016.3671875,2576.265380859375,8623.65625,1498.5540771484375,10931.2294921875,2656.2421875,15322.3232421875
2021-01-19,4452.35107421875,5995.2421875,2594.866455078125,8735.6513671875,1430.8482666015625,10715.1982421875,2625.4453125,14877.5712890625
2021-01-20,4452.35107421875,5995.2421875,2743.676025390625,8668.455078125,1435.362060546875,10758.404296875,2671.640625,14906.2646484375
2021-01-21,4535.728515625,5978.34228515625,2697.1728515625,8578.857421875,1494.0404052734375,10585.578125,2679.33984375,14863.224609375
2021-01-22,4469.02685546875,5982.56591796875,2678.57177734375,8489.26171875,1457.9307861328125,10499.166015625,2610.046630859375,14447.1689453125
2021-01-25,4318.947265625,5944.5419921875,2715.774169921875,8511.66015625,1448.9033203125,10175.1171875,2594.64794921875,13916.33984375
2021-01-26,4235.56982421875,5762.86767578125,2743.676025390625,8511.66015625,1394.7386474609375,10153.513671875,2509.956298828125,13744.1787109375
2021-01-27,4185.54296875,5737.517578125,2715.774169921875,8511.66015625,1363.142578125,10002.291015625,2602.34716796875,13428.5498046875
2021-01-28,4185.54296875,5830.46728515625,2622.768310546875,8377.265625,1367.65625,9743.052734375,2494.557861328125,13701.138671875
2021-01-29,4068.81591796875,5712.1689453125,2446.05712890625,8153.27490234375,1322.51904296875,9159.767578125,2394.46728515625,13112.9228515625
2021-02-01,4018.788818359375,5762.86767578125,2492.559814453125,8265.271484375,1345.0877685546875,9959.0849609375,2486.85888671875,13686.7900390625
2021-02-02,3985.43701171875,5745.96826171875,2408.8544921875,8511.66015625,1372.1700439453125,9462.2109375,2517.655517578125,12955.1083984375
2021-02-03,4102.166015625,5767.0927734375,2418.155029296875,8444.4619140625,1408.27978515625,9397.4013671875,2494.557861328125,12883.3740234375
2021-02-04,4135.51708984375,5792.443359375,2446.05712890625,8354.8671875,1394.7386474609375,9181.369140625,2533.05419921875,12825.986328125
2021-02-05,4068.81591796875,5843.142578125,2436.75634765625,8265.271484375,1435.362060546875,9721.44921875,2533.05419921875,13256.3896484375
2021-02-08,4068.81591796875,5847.3681640625,2446.05712890625,8153.27490234375,1417.3072509765625,9548.6240234375,2525.35498046875,13959.380859375
2021-02-09,3885.384765625,5898.06689453125,2418.155029296875,7884.48583984375,1372.1700439453125,9419.0048828125,2463.7607421875,13500.2841796875
2021-02-10,3935.41162109375,5847.3681640625,2418.155029296875,8063.677734375,1376.68359375,9548.6240234375,2456.0615234375,13471.58984375
2021-02-11,3902.060302734375,5813.56787109375,2418.155029296875,8041.2802734375,1376.68359375,9462.2109375,2456.0615234375,13485.935546875
2021-02-15,3968.762451171875,5745.96826171875,2418.155029296875,8041.2802734375,1376.68359375,9656.6396484375,2479.15966796875,13342.46875
2021-02-16,3952.086669921875,5864.267578125,2408.8544921875,7906.8837890625,1376.68359375,9527.0205078125,2471.4599609375,13256.3896484375
2021-02-17,3868.709716796875,5830.46728515625,2362.351806640625,7906.8837890625,1367.65625,9483.8134765625,2425.2646484375,13112.9228515625
2021-02-18,3818.683349609375,5691.04296875,2325.1494140625,7839.6875,1345.0877685546875,9246.177734375,2448.362060546875,13184.65625
2021-02-19,3852.033935546875,5767.0927734375,2371.652099609375,7705.2919921875,1430.8482666015625,9289.384765625,2471.4599609375,13242.0419921875
2021-02-22,3802.007568359375,5737.517578125,2371.652099609375,7727.69287109375,1417.3072509765625,9094.9560546875,2440.6630859375,13342.46875
2021-02-23,3818.683349609375,5767.0927734375,2353.05078125,7660.494140625,1390.224853515625,9030.1474609375,2671.640625,13270.7373046875
2021-02-24,3751.980712890625,5682.5927734375,2371.652099609375,7750.09130859375,1358.62890625,8878.9248046875,2679.33984375,12940.76171875
2021-02-25,3718.629638671875,5665.69384765625,2334.449951171875,7682.89404296875,1354.1151123046875,8922.1318359375,2687.0390625,13572.0166015625
2021-02-26,3601.90185546875,5669.91796875,2287.94677734375,7682.89404296875,1327.0328369140625,8814.115234375,2687.0390625,12940.76171875
2021-03-01,3735.3056640625,5952.99169921875,2446.05712890625,7705.2919921875,1372.1700439453125,9224.576171875,2687.0390625,13170.30859375
2021-03-02,3718.629638671875,5927.64208984375,2455.357421875,7794.8896484375,1399.2523193359375,10110.3076171875,2663.941650390625,13141.615234375
2021-03-03,3785.33203125,5914.9677734375,2455.357421875,7817.2880859375,1399.2523193359375,9786.2587890625,2648.54296875,13069.8828125
2021-03-04,3718.629638671875,5678.36865234375,2436.75634765625,7705.2919921875,1403.7659912109375,9678.2431640625,2586.948974609375,12825.986328125
2021-03-05,3668.603759765625,5745.96826171875,2408.8544921875,7615.6962890625,1403.7659912109375,9678.2431640625,2556.15185546875,12510.3583984375
2021-03-08,3701.95458984375,5678.36865234375,2390.253173828125,7503.701171875,1403.7659912109375,9440.607421875,2571.55029296875,13385.509765625
2021-03-09,3685.27978515625,5581.1943359375,2390.253173828125,7458.90283203125,1394.7386474609375,9505.41796875,2533.05419921875,12926.4150390625
2021-03-10,3618.576904296875,5665.69384765625,2418.155029296875,7503.701171875,1430.8482666015625,9764.65625,2617.74609375,12166.037109375
2021-03-12,3651.928466796875,5716.39306640625,2501.860595703125,7503.701171875,1439.8758544921875,9872.6728515625,2656.2421875,12180.3857421875
2021-03-15,3685.27978515625,5631.89404296875,2473.958984375,7615.6962890625,1430.8482666015625,9613.43359375,2602.34716796875,12108.650390625
2021-03-16,3701.95458984375,5598.0927734375,2436.75634765625,7705.2919921875,1430.8482666015625,9613.43359375,2586.948974609375,12151.6923828125
2021-03-17,3718.629638671875,5585.4189453125,2427.455810546875,7727.69287109375,1435.362060546875,9570.2275390625,2610.046630859375,12079.95703125
2021-03-18,3818.683349609375,5665.69384765625,2529.76220703125,7794.8896484375,1421.8209228515625,9829.4658203125,2656.2421875,12452.97265625
2021-03-19,3852.033935546875,5712.1689453125,2520.46142578125,7906.8837890625,1448.9033203125,10196.7197265625,2648.54296875,12553.3984375
2021-03-22,3718.629638671875,5593.86962890625,2464.658447265625,7906.8837890625,1444.3896484375,10023.89453125,2602.34716796875,12409.9345703125
2021-03-23,3718.629638671875,5547.39404296875,2483.25927734375,8242.8720703125,1421.8209228515625,9829.4658203125,2586.948974609375,12309.505859375
2021-03-24,3635.2529296875,5441.77001953125,2471.822265625,8287.6689453125,1376.68359375,9959.0849609375,2594.64794921875,12108.650390625
2021-03-25,3635.2529296875,5382.62060546875,2462.204345703125,8018.88037109375,1435.362060546875,9743.052734375,2625.4453125,12252.1162109375
2021-03-26,3735.3056640625,5420.6455078125,2471.822265625,8153.27490234375,1426.334716796875,9570.2275390625,2687.0390625,12567.74609375
2021-03-29,3685.27978515625,5374.169921875,2452.58642578125,8265.271484375,1390.224853515625,9635.037109375,2625.4453125,12510.3583984375
2021-03-30,3601.90185546875,5403.7451171875,2433.3505859375,8130.875,1390.224853515625,9397.4013671875,2602.34716796875,12338.197265625
2021-03-31,3518.524169921875,5251.646484375,2366.0244140625,8242.8720703125,1417.3072509765625,9008.54296875,2633.144775390625,12696.8681640625
2021-04-01,3568.55126953125,5260.09619140625,2385.26025390625,8018.88037109375,1399.2523193359375,9008.54296875,2610.046630859375,12725.560546875
2021-04-05,3568.55126953125,5200.94580078125,2394.87841796875,7996.48095703125,1399.2523193359375,8900.52734375,2602.34716796875,12739.90625
2021-04-06,3568.55126953125,5209.39599609375,2414.1142578125,7906.8837890625,1403.7659912109375,8965.337890625,2594.64794921875,12811.640625
2021-04-07,3551.875732421875,5281.22119140625,2433.3505859375,7974.08154296875,1399.2523193359375,8943.7333984375,2617.74609375,12811.640625
2021-04-08,3535.19970703125,5256.7158203125,2414.1142578125,7884.48583984375,1412.79345703125,9021.4501953125,2610.046630859375,12955.1083984375
2021-04-09,3518.524169921875,5312.4091796875,2491.05810546875,7951.68310546875,1399.2523193359375,9131.46875,2586.948974609375,13041.1884765625
2021-04-12,3385.120849609375,5196.73681640625,2423.732421875,7750.09130859375,1363.142578125,8735.4033203125,2548.452880859375,12295.1552734375
2021-04-13,3385.120849609375,5141.041015625,2423.732421875,7727.69287109375,1345.0877685546875,9241.486328125,2563.85107421875,12926.4150390625
2021-04-14,3501.848876953125,5402.3779296875,2433.3505859375,7839.6875,1349.601318359375,9725.5634765625,2571.55029296875,12768.5986328125
2021-04-15,3501.848876953125,5380.95654296875,2423.732421875,7839.6875,1367.65625,9527.53125,2586.948974609375,12452.97265625
2021-04-16,3501.848876953125,5376.6728515625,2423.732421875,8018.88037109375,1349.601318359375,9373.5068359375,2586.948974609375,12668.1748046875
2021-04-19,3468.498046875,5372.38916015625,2394.87841796875,8018.88037109375,1349.601318359375,9175.4755859375,2571.55029296875,12739.90625
2021-04-20,3535.19970703125,5342.3994140625,2385.26025390625,7974.08154296875,1349.601318359375,9285.4931640625,2556.15185546875,12899.984375
2021-04-21,3485.17431640625,5282.419921875,2356.406494140625,7884.48583984375,1349.601318359375,9197.4794921875,2525.35498046875,13178.505859375
2021-04-22,3635.2529296875,5325.26318359375,2356.406494140625,7839.6875,1345.0877685546875,9087.4619140625,2563.85107421875,12636.12109375
2021-04-23,3751.980712890625,5475.2099609375,2366.0244140625,7951.68310546875,1354.1151123046875,9153.4716796875,2548.452880859375,12665.4375
2021-04-26,3751.980712890625,5385.24072265625,2298.698486328125,7794.8896484375,1340.5738525390625,9263.4892578125,2502.257080078125,12636.12109375
2021-04-27,3685.27978515625,5488.0625,2327.552734375,7705.2919921875,1331.546630859375,9065.45703125,2432.9638671875,12665.4375
2021-04-28,3568.55126953125,5415.23046875,2385.26025390625,7682.89404296875,1327.0328369140625,9263.4892578125,2417.5654296875,12562.822265625
2021-04-29,3618.576904296875,5492.3466796875,2394.87841796875,7727.69287109375,1327.0328369140625,9285.4931640625,2463.7607421875,12533.5078125
2021-04-30,3668.603759765625,5488.0625,2375.642333984375,7794.8896484375,1299.9505615234375,9175.4755859375,2463.7607421875,12416.2353515625
2021-05-03,3676.736328125,5475.2099609375,2327.552734375,7660.494140625,1295.436767578125,8955.439453125,2440.6630859375,12284.3037109375
2021-05-04,3727.56640625,5483.77734375,2346.78857421875,7638.09619140625,1327.0328369140625,8845.421875,2471.4599609375,12650.78125
2021-05-05,3744.51025390625,5505.1982421875,2327.552734375,7638.09619140625,1304.46435546875,8933.435546875,2463.7607421875,13002.59765625
2021-05-06,3676.736328125,5505.1982421875,2337.170654296875,7615.6962890625,1318.0054931640625,8823.41796875,2456.0615234375,12782.7109375
2021-05-07,3608.962646484375,5483.77734375,2289.08056640625,7570.89892578125,1318.0054931640625,8625.3857421875,2456.0615234375,12753.3935546875
2021-05-10,3642.849609375,5500.91455078125,2298.698486328125,7705.2919921875,1327.0328369140625,8757.4072265625,2440.6630859375,12753.3935546875
2021-05-11,3541.189453125,5552.32421875,2269.844482421875,7638.09619140625,1304.46435546875,8735.4033203125,2448.362060546875,12577.484375
2021-05-17,3507.301513671875,5569.46142578125,2279.46240234375,7391.7060546875,1318.0054931640625,8559.375,2456.0615234375,12562.822265625
2021-05-18,3490.3583984375,5475.2099609375,2269.844482421875,7436.50341796875,1308.9779052734375,8383.3466796875,2448.362060546875,12841.3466796875
2021-05-19,3422.584228515625,5436.6513671875,2183.28271484375,7414.1044921875,1304.46435546875,8163.3115234375,2432.9638671875,12826.6875
2021-05-20,3507.301513671875,5466.6416015625,2173.664306640625,7503.701171875,1318.0054931640625,8383.3466796875,2548.452880859375,12914.6416015625
2021-05-21,3422.584228515625,5449.50341796875,2240.99072265625,7458.90283203125,1327.0328369140625,8295.3330078125,2517.655517578125,12709.416015625
2021-05-24,3456.471435546875,5419.513671875,2212.13671875,7346.9072265625,1308.9779052734375,8119.30517578125,2509.956298828125,12430.892578125
2021-05-25,3439.52783203125,5445.2197265625,2269.844482421875,7324.5078125,1318.0054931640625,8273.330078125,2540.75341796875,12606.8017578125
2021-05-27,3490.3583984375,5372.38916015625,2212.13671875,7414.1044921875,1281.8956298828125,8361.34375,2602.34716796875,12694.755859375
2021-05-28,3490.3583984375,5432.3671875,2231.372802734375,7279.7099609375,1299.9505615234375,8493.3662109375,2517.655517578125,12797.369140625
2021-05-31,3558.132568359375,5462.3564453125,2308.31640625,7346.9072265625,1308.9779052734375,8537.3720703125,2648.54296875,13222.4833984375
2021-06-02,3608.962646484375,5539.47216796875,2346.78857421875,7369.3056640625,1304.46435546875,9175.4755859375,2656.2421875,13940.77734375
2021-06-03,3625.90673828125,5655.1455078125,2404.496337890625,7794.8896484375,1354.1151123046875,9285.4931640625,2687.0390625,13867.4814453125
2021-06-04,3541.189453125,5638.0087890625,2356.406494140625,7570.89892578125,1340.5738525390625,9131.46875,2694.73828125,13794.1875
2021-06-07,3558.132568359375,5595.1669921875,2356.406494140625,7481.3017578125,1349.601318359375,9153.4716796875,2733.234619140625,13471.6875
2021-06-08,3575.07568359375,5509.48291015625,2308.31640625,7324.5078125,1333.9619140625,8955.439453125,2694.73828125,13735.548828125
2021-06-09,3608.962646484375,5595.1669921875,2366.0244140625,7302.10888671875,1324.76220703125,9153.4716796875,2741.65380859375,13706.2333984375
2021-06-10,3659.79296875,5672.28271484375,2385.26025390625,7302.10888671875,1324.76220703125,9087.4619140625,2814.44091796875,13251.802734375
2021-06-11,3575.07568359375,5543.7568359375,2414.1142578125,7324.5078125,1333.9619140625,9087.4619140625,2806.353515625,13471.6875
2021-06-14,3507.301513671875,5492.3466796875,2414.1142578125,7302.10888671875,1320.162353515625,8955.439453125,2757.828857421875,13193.1640625
2021-06-15,3490.3583984375,5543.7568359375,2433.3505859375,7302.10888671875,1333.9619140625,8977.443359375,2782.09130859375,12929.302734375
2021-06-16,3490.3583984375,5470.92529296875,2414.1142578125,7324.5078125,1310.962646484375,8977.443359375,2757.828857421875,13281.1181640625
2021-06-17,3456.471435546875,5423.798828125,2385.26025390625,7279.7099609375,1292.563232421875,8713.400390625,2709.303955078125,12899.984375
2021-06-18,3388.697265625,5419.513671875,2385.26025390625,6943.72314453125,1251.164306640625,8713.400390625,2709.303955078125,13354.4169921875
2021-06-21,3334.478271484375,5355.251953125,2317.9345703125,7100.51708984375,1361.5611572265625,8801.4140625,2668.86669921875,12665.4375
2021-06-22,3334.478271484375,5432.3671875,2375.642333984375,7212.5126953125,1306.36279296875,8537.3720703125,2668.86669921875,12680.099609375
2021-06-23,3341.25537109375,5338.115234375,2317.9345703125,7145.3154296875,1251.164306640625,8537.3720703125,2725.478759765625,12372.2568359375
2021-06-24,3348.032958984375,5320.97802734375,2298.698486328125,7190.11328125,1260.364013671875,8559.375,2628.42919921875,12489.5302734375
2021-06-25,3334.478271484375,5303.84130859375,2269.844482421875,7190.11328125,1246.5643310546875,8559.375,2628.42919921875,12518.8466796875
2021-06-28,3192.1533203125,5188.16796875,2192.900634765625,7145.3154296875,1264.9637451171875,8207.3193359375,2563.729248046875,11961.802734375
2021-06-29,3280.25927734375,5179.59912109375,2221.7548828125,7391.7060546875,1264.9637451171875,8427.35546875,2555.641845703125,11873.849609375
2021-06-30,3348.032958984375,5162.46240234375,2269.844482421875,7302.10888671875,1287.9632568359375,8361.34375,2547.554443359375,11873.849609375
2021-07-01,3405.64111328125,5162.46240234375,2298.698486328125,7615.6962890625,1287.9632568359375,8273.330078125,2515.204345703125,11917.82421875
2021-07-02,3388.697265625,5226.72607421875,2289.08056640625,7548.4990234375,1287.9632568359375,8185.31591796875,2482.854736328125,11961.802734375
2021-07-05,3348.032958984375,5235.2939453125,2250.608642578125,7369.3056640625,1278.763427734375,8097.30126953125,2458.59228515625,11859.189453125
2021-07-06,3320.923095703125,5188.16796875,2221.7548828125,7526.1005859375,1260.364013671875,8185.31591796875,2434.329833984375,12167.029296875
2021-07-07,3320.923095703125,5196.73681640625,2212.13671875,7570.89892578125,1246.5643310546875,7877.2666015625,2450.504638671875,11947.1435546875
2021-07-08,3307.36865234375,5153.89404296875,2269.844482421875,7593.29638671875,1218.965087890625,7789.25244140625,2434.329833984375,11756.5751953125
2021-07-09,3327.70068359375,5158.1787109375,2221.7548828125,7660.494140625,1214.365234375,7833.25830078125,2555.641845703125,11434.0771484375
2021-07-12,3334.478271484375,5286.70458984375,2231.372802734375,7906.8837890625,1228.164794921875,7745.24462890625,2531.379638671875,11419.4189453125
2021-07-13,3320.923095703125,5179.59912109375,2221.7548828125,8018.88037109375,1223.5650634765625,7569.216796875,2482.854736328125,11155.5546875
2021-07-14,3205.70751953125,5132.4736328125,2192.900634765625,7794.8896484375,1255.7640380859375,7503.20654296875,2474.767333984375,10906.3486328125
2021-07-15,3259.927001953125,5239.57763671875,2260.226806640625,7772.4892578125,1255.7640380859375,7459.19921875,2531.379638671875,11272.826171875
2021-07-16,3307.36865234375,5235.2939453125,2260.226806640625,7682.89404296875,1278.763427734375,7789.25244140625,2563.729248046875,11316.8037109375
2021-07-19,3239.594970703125,5145.3251953125,2212.13671875,7615.6962890625,1278.763427734375,7569.216796875,2604.1669921875,11199.5302734375
2021-07-21,3300.5908203125,5149.609375,2279.46240234375,7615.6962890625,1241.9644775390625,7789.25244140625,2596.0791015625,11170.212890625
2021-07-22,3375.142578125,5273.8515625,2327.552734375,7906.8837890625,1246.5643310546875,7811.25537109375,2636.5166015625,11800.5537109375
2021-07-23,3354.810302734375,5171.0302734375,2298.698486328125,7750.09130859375,1237.3646240234375,7657.2314453125,2563.729248046875,11580.6669921875
2021-07-26,3232.8173828125,5145.3251953125,2231.372802734375,7817.2880859375,1237.3646240234375,7525.2099609375,2579.904296875,11844.5302734375
2021-07-27,3226.0400390625,5145.3251953125,2240.99072265625,7615.6962890625,1232.7647705078125,7371.18505859375,2644.60400390625,11727.2587890625
2021-07-28,3192.1533203125,5123.90478515625,2269.844482421875,7615.6962890625,1209.765380859375,7217.15966796875,2579.904296875,11595.3251953125
2021-07-29,3151.488525390625,5175.31494140625,2212.13671875,7481.3017578125,1191.365966796875,7063.1357421875,2612.25439453125,11580.6669921875
2021-07-30,3198.930419921875,5115.33642578125,2192.900634765625,7279.7099609375,1159.166748046875,6777.08935546875,2620.341796875,11463.3935546875
2021-08-02,3266.70458984375,5106.7685546875,2183.28271484375,7279.7099609375,1200.565673828125,6865.103515625,2676.954345703125,11316.8037109375
2021-08-03,3348.032958984375,5265.28369140625,2221.7548828125,7369.3056640625,1209.765380859375,7305.17431640625,2693.12890625,11228.8486328125
2021-08-04,3320.923095703125,5243.86279296875,2240.99072265625,7324.5078125,1200.565673828125,7437.1953125,2725.478759765625,11096.9169921875
2021-08-05,3314.146484375,5398.09375,2327.552734375,7302.10888671875,1191.365966796875,7393.18798828125,2701.21630859375,11082.2578125
2021-08-06,3348.032958984375,5278.13623046875,2298.698486328125,7414.1044921875,1168.3665771484375,7437.1953125,2685.04150390625,11082.2578125
2021-08-09,3293.81396484375,5312.4091796875,2231.372802734375,7302.10888671875,1140.7674560546875,7349.1806640625,2628.42919921875,10964.986328125
2021-08-10,3327.70068359375,5398.09375,2231.372802734375,7212.5126953125,1200.565673828125,7459.19921875,2612.25439453125,11140.89453125
2021-08-12,3348.032958984375,5398.09375,2279.46240234375,7234.91162109375,1186.7659912109375,7723.24169921875,2709.303955078125,12137.7109375
2021-08-13,3405.64111328125,5492.3466796875,2308.31640625,7346.9072265625,1195.9659423828125,7811.25537109375,2668.86669921875,12108.3935546875
2021-08-16,3439.52783203125,5500.91455078125,2298.698486328125,7391.7060546875,1195.9659423828125,7965.279296875,2701.21630859375,11829.8720703125
2021-08-18,3541.189453125,5655.1455078125,2327.552734375,7481.3017578125,1205.1656494140625,8295.3330078125,2765.91650390625,11566.0078125
2021-08-19,3490.3583984375,5655.1455078125,2250.608642578125,7302.10888671875,1149.9671630859375,8009.28759765625,2741.65380859375,11316.8037109375
2021-08-20,3456.471435546875,5655.1455078125,2269.844482421875,7302.10888671875,1191.365966796875,8251.326171875,2749.741455078125,11140.89453125
2021-08-23,3456.471435546875,5646.5771484375,2298.698486328125,7369.3056640625,1195.9659423828125,8405.3515625,2782.09130859375,11155.5546875
2021-08-24,3439.52783203125,5655.1455078125,2240.99072265625,7346.9072265625,1191.365966796875,8251.326171875,2749.741455078125,11038.28125
2021-08-25,3490.3583984375,5655.1455078125,2289.08056640625,7369.3056640625,1232.7647705078125,8295.3330078125,2725.478759765625,11214.1904296875
2021-08-26,3456.471435546875,5620.87255859375,2240.99072265625,7369.3056640625,1237.3646240234375,7723.24169921875,2717.391357421875,11302.1455078125
2021-08-27,3422.584228515625,5578.02978515625,2231.372802734375,7436.50341796875,1255.7640380859375,7789.25244140625,2685.04150390625,11419.4189453125
2021-08-30,3575.07568359375,5625.15673828125,2289.08056640625,7705.2919921875,1283.3634033203125,8031.291015625,2749.741455078125,11727.2587890625
2021-08-31,3541.189453125,5612.3037109375,2346.78857421875,7548.4990234375,1237.3646240234375,8141.30859375,2749.741455078125,11771.236328125
2021-09-01,3507.301513671875,5625.15673828125,2308.31640625,7526.1005859375,1255.7640380859375,7943.27734375,2701.21630859375,11756.5751953125
2021-09-02,3558.132568359375,5603.7353515625,2327.552734375,7570.89892578125,1274.1634521484375,8053.2939453125,2725.478759765625,11917.82421875
2021-09-03,3625.90673828125,5655.1455078125,2356.406494140625,7593.29638671875,1324.76220703125,8097.30126953125,2741.65380859375,12533.5078125
2021-09-06,3676.736328125,5633.72509765625,2385.26025390625,7638.09619140625,1361.5611572265625,8097.30126953125,2741.65380859375,12753.3935546875
2021-09-07,3625.90673828125,5629.44091796875,2404.496337890625,7743.79638671875,1343.16162109375,7855.2626953125,2733.566162109375,12636.12109375
2021-09-08,3558.132568359375,5518.05126953125,2404.496337890625,7743.79638671875,1343.16162109375,7525.2099609375,2693.12890625,12254.982421875
2021-09-09,3693.68017578125,5629.44091796875,2442.96826171875,7835.7119140625,1370.7608642578125,7701.23876953125,2741.65380859375,12782.7109375
2021-09-10,3676.736328125,5586.59912109375,2385.26025390625,7812.73291015625,1352.3614501953125,7833.25830078125,2693.12890625,12445.5537109375
2021-09-13,3693.68017578125,5616.58837890625,2366.0244140625,7743.79638671875,1352.3614501953125,7833.25830078125,2709.303955078125,12240.326171875
2021-09-14,3744.51025390625,5608.01953125,2346.78857421875,7766.775390625,1361.5611572265625,7833.25830078125,2782.09130859375,12548.166015625
2021-09-15,3659.79296875,5565.17822265625,2356.406494140625,7697.83984375,1370.7608642578125,7833.25830078125,2790.1787109375,12694.755859375
2021-09-16,3642.849609375,5569.46142578125,2366.0244140625,7559.9677734375,1324.76220703125,7679.23486328125,2782.09130859375,12694.755859375
2021-09-17,3676.736328125,5586.59912109375,2327.552734375,7491.0322265625,1333.9619140625,7635.22705078125,2854.878662109375,12020.439453125
2021-09-20,3592.0185546875,5642.29296875,2317.9345703125,7468.0537109375,1315.5625,7481.20263671875,2846.791015625,12064.41796875
2021-09-21,3541.189453125,5560.89306640625,2298.698486328125,7628.90380859375,1292.563232421875,7415.19189453125,2854.878662109375,12079.0751953125
2021-09-22,3575.07568359375,5616.58837890625,2337.170654296875,7536.9892578125,1306.36279296875,7525.2099609375,2903.4033203125,12240.326171875
2021-09-23,3490.3583984375,5638.0087890625,2337.170654296875,7582.94677734375,1283.3634033203125,7481.20263671875,2879.140625,12357.5986328125
2021-09-24,3490.3583984375,5642.29296875,2298.698486328125,7628.90380859375,1287.9632568359375,7305.17431640625,2879.140625,12943.9619140625
2021-09-27,3507.301513671875,5638.0087890625,2269.844482421875,7674.861328125,1287.9632568359375,7217.15966796875,2846.791015625,13413.05078125
2021-09-28,3439.52783203125,5586.59912109375,2289.08056640625,7559.9677734375,1269.5635986328125,6909.1103515625,2854.878662109375,14072.7080078125
2021-09-29,3608.962646484375,5638.0087890625,2308.31640625,7559.9677734375,1297.1629638671875,7459.19921875,2854.878662109375,14952.25390625
2021-09-30,3727.56640625,5997.8818359375,2366.0244140625,7674.861328125,1315.5625,7217.15966796875,2984.278076171875,15245.4326171875
2021-10-01,3693.68017578125,5792.23974609375,2346.78857421875,7651.88232421875,1287.9632568359375,7129.14599609375,2960.015625,15245.4326171875
2021-10-04,3778.397216796875,5963.6083984375,2491.05810546875,7950.60400390625,1269.5635986328125,7283.17041015625,2968.103271484375,15890.435546875
2021-10-05,3761.453857421875,5950.755859375,2471.822265625,8111.45458984375,1260.364013671875,7019.12841796875,2968.103271484375,15304.0732421875
2021-10-06,4049.49365234375,6152.11279296875,2539.1484375,8134.43408203125,1260.364013671875,7019.12841796875,3040.890380859375,15553.275390625
2021-10-07,3863.114990234375,6134.97607421875,2577.6201171875,8134.43408203125,1260.364013671875,7107.14208984375,3008.540283203125,15381.0546875
2021-10-08,4030.482421875,6246.36572265625,2654.56396484375,8180.39111328125,1269.5635986328125,7107.14208984375,3073.240478515625,15514.6767578125
2021-10-11,3945.091064453125,6216.3759765625,2654.56396484375,8134.43408203125,1251.164306640625,6931.11376953125,3081.327880859375,15648.2939453125
2021-10-12,4013.404296875,6272.0703125,2693.035888671875,8157.41357421875,1260.364013671875,6975.12109375,3057.0654296875,15603.75390625
2021-10-13,4286.6572265625,6447.72216796875,2731.5078125,8226.34765625,1274.1634521484375,7305.17431640625,3048.977783203125,15574.060546875
2021-10-14,4252.5009765625,6640.51171875,2760.36181640625,8571.02734375,1320.162353515625,7855.2626953125,3097.502685546875,15262.2822265625
2021-10-15,4269.5791015625,6554.8291015625,2750.743896484375,8525.0703125,1329.362060546875,7723.24169921875,3081.327880859375,15143.509765625
2021-10-18,4252.5009765625,6447.72216796875,2760.36181640625,8548.048828125,1324.76220703125,7833.25830078125,3065.15283203125,15618.599609375
2021-10-19,4337.892578125,6426.3017578125,2769.979736328125,8548.048828125,1333.9619140625,7723.24169921875,3024.71533203125,15232.587890625
2021-10-21,4201.265625,6340.61865234375,2760.36181640625,8479.11328125,1370.7608642578125,7745.24462890625,3113.677490234375,14668.41796875
2021-10-22,4218.34375,6447.72216796875,2769.979736328125,8364.2197265625,1338.5618896484375,7789.25244140625,3129.8525390625,14074.556640625
2021-10-25,4132.9521484375,6447.72216796875,2741.1259765625,8364.2197265625,1347.7615966796875,7547.2138671875,3057.0654296875,14252.7138671875
2021-10-26,4201.265625,6447.72216796875,2760.36181640625,8364.2197265625,1416.7596435546875,7371.18505859375,3073.240478515625,14549.6455078125
2021-10-27,4098.79541015625,6383.46044921875,2750.743896484375,8134.43408203125,1471.9580078125,7613.224609375,3065.15283203125,14549.6455078125
2021-10-28,4098.79541015625,6319.19775390625,2702.65380859375,8088.47705078125,1462.75830078125,7767.248046875,3032.802978515625,13658.8525390625
2021-10-29,4115.87353515625,6404.88134765625,2760.36181640625,8088.47705078125,1471.9580078125,8009.28759765625,3073.240478515625,13985.4765625
2021-11-01,4115.87353515625,6340.61865234375,2760.36181640625,8088.47705078125,1462.75830078125,8119.30517578125,2992.365478515625,14015.171875
2021-11-02,4030.482421875,6254.93408203125,2702.65380859375,8134.43408203125,1490.357421875,7899.26904296875,2960.015625,13658.8525390625
2021-11-03,4081.71728515625,6297.775390625,2741.1259765625,8065.49755859375,1504.1571044921875,8339.3408203125,3008.540283203125,13257.9951171875
2021-11-04,4081.71728515625,6319.19775390625,2760.36181640625,8088.47705078125,1499.55712890625,8713.400390625,3048.977783203125,13302.53515625
2021-11-05,4047.560546875,6383.46044921875,2731.5078125,8088.47705078125,1499.55712890625,8713.400390625,3048.977783203125,13302.53515625
2021-11-08,4047.560546875,6490.5654296875,2693.035888671875,8180.39111328125,1490.357421875,8427.35546875,3032.802978515625,13747.9306640625
2021-11-09,3996.326171875,6576.2490234375,2644.9462890625,8203.3701171875,1490.357421875,8493.3662109375,3000.452880859375,13688.544921875
2021-11-10,4218.34375,6554.8291015625,2750.743896484375,8180.39111328125,1494.957275390625,8427.35546875,2992.365478515625,13391.6142578125
2021-11-11,4218.34375,6576.2490234375,2779.597900390625,8134.43408203125,1462.75830078125,8295.3330078125,2951.927978515625,13287.6884765625
2021-11-12,4201.265625,6447.72216796875,2731.5078125,8226.34765625,1481.15771484375,8295.3330078125,2911.490966796875,13540.078125
2021-11-15,4184.18701171875,6426.3017578125,2712.27197265625,8203.3701171875,1467.358154296875,8097.30126953125,2911.490966796875,13228.3017578125
2021-11-16,4218.34375,6404.88134765625,2779.597900390625,8111.45458984375,1490.357421875,8075.2978515625,2968.103271484375,13317.3798828125
2021-11-17,4269.5791015625,6512.345703125,2779.597900390625,8134.43408203125,1485.7576904296875,7965.279296875,2935.753173828125,13644.0048828125
2021-11-18,4235.42236328125,6361.89501953125,2760.36181640625,8341.240234375,1485.7576904296875,7899.26904296875,2935.753173828125,13525.234375
2021-11-19,4252.5009765625,6383.388671875,2789.2158203125,8295.283203125,1467.358154296875,7877.2666015625,3154.114990234375,13465.8486328125
2021-11-22,4235.42236328125,6426.3740234375,2827.687744140625,8341.240234375,1471.9580078125,7855.2626953125,3073.240478515625,13658.8525390625
2021-11-23,4269.5791015625,6426.3740234375,2750.743896484375,8226.34765625,1481.15771484375,7525.2099609375,3073.240478515625,13450.998046875
2021-11-24,4252.5009765625,6426.3740234375,2750.743896484375,8272.3046875,1481.15771484375,7547.2138671875,3073.240478515625,13332.2265625
2021-11-25,4252.5009765625,6383.388671875,2827.687744140625,8226.34765625,1490.357421875,7503.20654296875,3234.98974609375,13569.7724609375
2021-11-26,4030.482421875,6254.43017578125,2731.5078125,8157.41357421875,1462.75830078125,7283.17041015625,3243.0771484375,12946.2158203125
2021-11-29,4081.71728515625,6361.89501953125,2760.36181640625,8157.41357421875,1476.5579833984375,7217.15966796875,3348.214599609375,12961.0625
2021-11-30,3945.091064453125,6254.43017578125,2693.035888671875,7766.775390625,1471.9580078125,7041.1318359375,3226.90234375,12678.9765625
2021-12-01,3859.699462890625,6275.923828125,2721.889892578125,8203.3701171875,1462.75830078125,7129.14599609375,3299.689453125,13079.8349609375
2021-12-02,3996.326171875,6447.8671875,2769.979736328125,8134.43408203125,1485.7576904296875,7107.14208984375,3364.389404296875,13792.4716796875
2021-12-03,3928.012451171875,6340.40283203125,2750.743896484375,7996.56201171875,1481.15771484375,6953.11767578125,3291.60205078125,13480.693359375
2021-12-06,3859.699462890625,6318.90966796875,2760.36181640625,8042.52001953125,1453.5584716796875,7151.14892578125,3372.476806640625,13332.2265625
2021-12-07,4047.560546875,6318.90966796875,2808.451904296875,8042.52001953125,1485.7576904296875,7107.14208984375,3356.3017578125,13658.8525390625
2021-12-08,3962.16943359375,6383.388671875,2750.743896484375,8065.49755859375,1467.358154296875,7063.1357421875,3307.777099609375,13272.83984375
2021-12-09,4098.79541015625,6318.90966796875,2827.687744140625,8226.34765625,1481.15771484375,7063.1357421875,3356.3017578125,13257.9951171875
2021-12-10,4047.560546875,6340.40283203125,2769.979736328125,8134.43408203125,1481.15771484375,6931.11376953125,3356.3017578125,13658.8525390625
2021-12-13,4030.482421875,6275.923828125,2741.1259765625,8042.52001953125,1476.5579833984375,6953.11767578125,3299.689453125,13079.8349609375
2021-12-14,4013.404296875,6275.923828125,2760.36181640625,7996.56201171875,1481.15771484375,6821.0966796875,3315.8642578125,13064.990234375
2021-12-15,4098.79541015625,6275.923828125,2798.833740234375,8088.47705078125,1485.7576904296875,6777.08935546875,3299.689453125,12886.8291015625
2021-12-16,3962.16943359375,6254.43017578125,2789.2158203125,8042.52001953125,1494.957275390625,6667.07177734375,3315.8642578125,12961.0625
2021-12-17,3962.16943359375,6447.8671875,2750.743896484375,8088.47705078125,1481.15771484375,6535.05078125,3315.8642578125,12901.67578125
2021-12-20,3876.777587890625,6340.40283203125,2721.889892578125,8111.45458984375,1485.7576904296875,6447.03564453125,3299.689453125,12649.28515625
2021-12-21,3859.699462890625,6340.40283203125,2750.743896484375,8042.52001953125,1476.5579833984375,6535.05078125,3364.389404296875,13079.8349609375
2021-12-22,3842.620849609375,6297.416015625,2712.27197265625,7973.5830078125,1444.3587646484375,6381.025390625,3323.951904296875,12946.2158203125
2021-12-23,3910.934326171875,6275.923828125,2721.889892578125,8065.49755859375,1462.75830078125,6425.0322265625,3364.389404296875,13198.609375
2021-12-24,3876.777587890625,6275.923828125,2712.27197265625,8019.54052734375,1448.9586181640625,6403.02880859375,3323.951904296875,13154.0693359375
2021-12-27,3876.777587890625,6318.90966796875,2693.035888671875,7950.60400390625,1481.15771484375,6513.046875,3299.689453125,13079.8349609375
2021-12-28,3910.934326171875,6318.90966796875,2712.27197265625,7996.56201171875,1476.5579833984375,6469.03955078125,3307.777099609375,13629.1572265625
2021-12-29,3928.012451171875,6275.923828125,2731.5078125,7973.5830078125,1485.7576904296875,6359.02197265625,3299.689453125,13540.078125
2021-12-30,3893.856201171875,6275.923828125,2702.65380859375,7996.56201171875,1485.7576904296875,6381.025390625,3267.339599609375,13154.0693359375
2022-01-03,3910.934326171875,6297.416015625,2712.27197265625,7927.6259765625,1490.357421875,6403.02880859375,3380.564453125,12961.0625
2022-01-04,3945.091064453125,6361.89501953125,2760.36181640625,8065.49755859375,1490.357421875,6491.04345703125,3372.476806640625,13020.44921875
2022-01-05,3808.464111328125,6404.88134765625,2702.65380859375,8111.45458984375,1494.957275390625,6359.02197265625,3275.42724609375,13035.294921875
2022-01-06,3876.777587890625,6426.3740234375,2702.65380859375,8134.43408203125,1490.357421875,6315.0146484375,3332.03955078125,12901.67578125
2022-01-07,3893.856201171875,6576.82421875,2712.27197265625,8157.41357421875,1522.5565185546875,6293.01171875,3372.476806640625,13168.916015625
2022-01-10,3859.699462890625,6533.83837890625,2712.27197265625,8134.43408203125,1559.35546875,6249.00439453125,3315.8642578125,12946.2158203125
2022-01-11,3893.856201171875,6619.810546875,2712.27197265625,7996.56201171875,1540.9560546875,6116.9833984375,3307.777099609375,12916.5224609375
2022-01-12,3910.934326171875,6619.810546875,2750.743896484375,8042.52001953125,1563.955322265625,6138.98681640625,3323.951904296875,13124.375
2022-01-13,3945.091064453125,6619.810546875,2741.1259765625,8065.49755859375,1563.955322265625,6227.0009765625,3380.564453125,13465.8486328125
2022-01-14,3910.934326171875,6748.76708984375,2760.36181640625,8042.52001953125,1559.35546875,6160.990234375,3388.65185546875,13970.6298828125
2022-01-17,3876.777587890625,6662.79541015625,2769.979736328125,8065.49755859375,1568.55517578125,6006.96533203125,3380.564453125,13955.7822265625
2022-01-18,3859.699462890625,6598.3173828125,2789.2158203125,8065.49755859375,1577.7548828125,5918.951171875,3437.1767578125,14044.861328125
2022-01-19,3825.542724609375,6598.3173828125,2702.65380859375,8042.52001953125,1563.955322265625,5874.94482421875,3437.1767578125,13807.3154296875
2022-01-20,3774.307861328125,6684.28857421875,2760.36181640625,7835.7119140625,1563.955322265625,5830.9375,3412.9140625,13569.7724609375
2022-01-21,3825.542724609375,6834.73828125,2808.451904296875,7973.5830078125,1568.55517578125,6094.97998046875,3501.87646484375,13955.7822265625
2022-01-24,3774.307861328125,6705.78125,2798.833740234375,7904.64697265625,1563.955322265625,6138.98681640625,3477.61376953125,13896.3955078125
2022-01-25,3723.0732421875,6684.28857421875,2779.597900390625,8042.52001953125,1563.955322265625,5984.9619140625,3469.5263671875,13747.9306640625
2022-01-26,3723.0732421875,6619.810546875,2875.777587890625,8042.52001953125,1563.955322265625,6050.97265625,3550.4013671875,13525.234375
2022-01-27,3740.1513671875,6705.78125,2904.631591796875,7996.56201171875,1554.7554931640625,5940.95458984375,3453.351806640625,13807.3154296875
2022-01-28,3740.1513671875,6684.28857421875,2943.103271484375,7973.5830078125,1536.3560791015625,6006.96533203125,3445.263916015625,13807.3154296875
2022-01-31,3740.1513671875,6555.3310546875,2875.777587890625,8019.54052734375,1508.7568359375,5918.951171875,3388.65185546875,13733.0859375
2022-02-02,3757.229248046875,6705.78125,2875.777587890625,7973.5830078125,1554.7554931640625,6050.97265625,3372.476806640625,13614.3125
2022-02-03,3757.229248046875,6641.30322265625,2875.777587890625,7812.73291015625,1527.1563720703125,6072.97607421875,3396.739501953125,13554.9267578125
2022-02-04,3757.229248046875,6641.30322265625,2875.777587890625,7927.6259765625,1554.7554931640625,6182.99365234375,3421.001708984375,13361.919921875
2022-02-07,3740.1513671875,6705.78125,2885.395751953125,7950.60400390625,1550.1556396484375,6359.02197265625,3469.5263671875,13421.3076171875
2022-02-08,3791.385986328125,6641.30322265625,2933.485595703125,7927.6259765625,1508.7568359375,6293.01171875,3421.001708984375,13168.916015625
2022-02-09,3791.385986328125,6834.73828125,2952.7216796875,7973.5830078125,1517.9566650390625,6447.03564453125,3461.439208984375,13465.8486328125
2022-02-10,3723.0732421875,6662.79541015625,2971.95751953125,7927.6259765625,1508.7568359375,6403.02880859375,3607.013427734375,13540.078125
2022-02-11,3723.0732421875,6727.27392578125,2971.95751953125,7950.60400390625,1504.1571044921875,6491.04345703125,3598.92626953125,13688.544921875
2022-02-14,3620.602294921875,6619.810546875,3000.8115234375,7858.68994140625,1471.9580078125,6337.0185546875,3558.488525390625,13926.08984375
2022-02-15,3757.229248046875,6770.259765625,3039.283203125,7858.68994140625,1508.7568359375,6403.02880859375,3566.576171875,14356.6416015625
2022-02-16,3740.1513671875,6856.23193359375,3020.047607421875,7812.73291015625,1490.357421875,6513.046875,3558.488525390625,14133.943359375
2022-02-17,3740.1513671875,6791.75244140625,3020.047607421875,7835.7119140625,1471.9580078125,6447.03564453125,3566.576171875,14089.4033203125
2022-02-18,3825.542724609375,6813.24658203125,3020.047607421875,7835.7119140625,1471.9580078125,6469.03955078125,3558.488525390625,14208.1748046875
2022-02-21,3808.464111328125,6834.73828125,3020.047607421875,7812.73291015625,1462.75830078125,6403.02880859375,3534.226318359375,13955.7822265625
2022-02-22,3808.464111328125,6791.75244140625,3029.66552734375,7835.7119140625,1490.357421875,6381.025390625,3477.61376953125,13940.935546875
2022-02-23,3859.699462890625,6920.7099609375,3029.66552734375,7996.56201171875,1517.9566650390625,6337.0185546875,3518.051513671875,14252.7138671875
2022-02-24,3893.856201171875,6877.72412109375,2962.339599609375,7835.7119140625,1499.55712890625,6072.97607421875,3429.089111328125,14965.3505859375
2022-02-25,3962.16943359375,6920.7099609375,2962.339599609375,7812.73291015625,1513.3568115234375,6337.0185546875,3509.964111328125,14787.1904296875
2022-03-01,3893.856201171875,6920.7099609375,2943.103271484375,7582.94677734375,1453.5584716796875,6249.00439453125,3518.051513671875,14757.4970703125
2022-03-02,3774.307861328125,6856.23193359375,2933.485595703125,7284.22509765625,1471.9580078125,5918.951171875,3469.5263671875,15158.35546875
2022-03-04,3842.620849609375,6791.75244140625,2943.103271484375,7192.31005859375,1508.7568359375,5830.9375,3558.488525390625,16078.845703125
2022-03-07,3962.16943359375,6619.810546875,2904.631591796875,6801.673828125,1476.5579833984375,5544.89111328125,3647.450927734375,16242.15625
2022-03-08,4269.5791015625,6576.82421875,2904.631591796875,6985.5029296875,1462.75830078125,5610.90185546875,3736.4130859375,15262.2822265625
2022-03-09,4303.7353515625,6748.76708984375,2933.485595703125,7008.4814453125,1458.1583251953125,5654.9091796875,3590.83837890625,15677.986328125
2022-03-10,4269.5791015625,6813.24658203125,2952.7216796875,7123.37451171875,1476.5579833984375,6116.9833984375,3566.576171875,15410.7470703125
2022-03-11,4286.6572265625,6834.73828125,2943.103271484375,6939.544921875,1485.7576904296875,6028.96875,3712.15087890625,15856.1474609375
2022-03-14,4354.97021484375,6942.20263671875,2981.575439453125,6916.56640625,1499.55712890625,5962.9580078125,3704.063232421875,14757.4970703125
2022-03-15,4303.7353515625,7006.68212890625,2991.193603515625,6824.65234375,1490.357421875,5830.9375,3736.4130859375,14534.7998046875
2022-03-16,4372.04833984375,7049.66748046875,3058.51953125,7008.4814453125,1490.357421875,5874.94482421875,3744.50048828125,14846.5771484375
2022-03-17,4389.12744140625,6877.72412109375,3058.51953125,6962.52392578125,1481.15771484375,5940.95458984375,3623.1884765625,14995.0439453125
2022-03-18,4372.04833984375,6791.75244140625,3048.901123046875,6962.52392578125,1499.55712890625,5852.94091796875,3671.713134765625,15098.9697265625
2022-03-21,4508.67529296875,6791.75244140625,3083.417724609375,6847.63134765625,1517.9566650390625,5786.93017578125,3679.80078125,15054.4296875
2022-03-22,4491.59716796875,6813.24658203125,3093.494384765625,6870.609375,1522.5565185546875,5852.94091796875,3679.80078125,15173.2021484375
2022-03-23,4423.2841796875,6791.75244140625,3133.80029296875,6893.587890625,1527.1563720703125,5786.93017578125,3679.80078125,15277.12890625
2022-03-24,4491.59716796875,6813.24658203125,3194.259521484375,6939.544921875,1554.7554931640625,5786.93017578125,3687.88818359375,15796.7587890625
2022-03-25,4372.04833984375,6834.73828125,3164.030029296875,6663.80126953125,1536.3560791015625,5720.91943359375,3655.5380859375,15633.4462890625
2022-03-28,4576.98876953125,6895.8408203125,3174.106689453125,6686.77978515625,1499.55712890625,5962.9580078125,3720.238525390625,15796.7587890625
2022-03-29,4474.51904296875,6852.19677734375,3194.259521484375,6709.7587890625,1499.55712890625,5874.94482421875,3687.88818359375,15455.2890625
2022-03-30,4542.83251953125,6874.01904296875,3174.106689453125,6778.69482421875,1527.1563720703125,5940.95458984375,3704.063232421875,15366.2099609375
2022-03-31,4491.59716796875,6961.30810546875,3184.18310546875,6755.71630859375,1481.15771484375,5852.94091796875,3704.063232421875,15173.2021484375
2022-04-01,4576.98876953125,6917.66357421875,3174.106689453125,6916.56640625,1485.7576904296875,5962.9580078125,3704.063232421875,15395.9013671875
2022-04-04,4662.38037109375,6895.8408203125,3153.953369140625,6939.544921875,1550.1556396484375,6028.96875,3671.713134765625,15900.6845703125
2022-04-05,4713.61572265625,6895.8408203125,3153.953369140625,6962.52392578125,1481.15771484375,6006.96533203125,3655.5380859375,16153.07421875
2022-04-06,4781.9287109375,6764.90771484375,3093.494384765625,6801.673828125,1467.358154296875,5896.9482421875,3582.75146484375,16301.541015625
2022-04-07,4713.61572265625,6764.90771484375,3103.571044921875,6962.52392578125,1453.5584716796875,5808.93408203125,3671.713134765625,16123.3828125
2022-04-08,4781.9287109375,6852.19677734375,3103.571044921875,6847.63134765625,1453.5584716796875,5874.94482421875,3704.063232421875,16984.486328125
2022-04-11,4679.458984375,6743.08447265625,3093.494384765625,6916.56640625,1458.1583251953125,5737.28564453125,3712.15087890625,16895.404296875
2022-04-12,4747.771484375,6808.5517578125,3103.571044921875,6801.673828125,1458.1583251953125,5692.10986328125,3744.50048828125,16598.47265625
2022-04-13,4764.8505859375,6808.5517578125,3113.6474609375,6732.7373046875,1467.358154296875,5601.75927734375,3793.025390625,17385.34375
2022-04-14,4696.53759765625,6721.26318359375,3093.494384765625,6594.86572265625,1458.1583251953125,5443.64501953125,3784.938232421875,17697.12109375
2022-04-18,4781.9287109375,6721.26318359375,3073.34130859375,6525.9296875,1471.9580078125,5556.583984375,3809.20068359375,17815.89453125
2022-04-19,4713.61572265625,6655.7958984375,3053.18798828125,6594.86572265625,1448.9586181640625,5466.23291015625,3784.938232421875,17578.349609375
2022-04-20,4713.61572265625,6677.61865234375,3164.030029296875,6732.7373046875,1435.1590576171875,5375.88134765625,3744.50048828125,17367.00390625
2022-04-21,4781.9287109375,6917.66357421875,3345.407470703125,6824.65234375,1471.9580078125,5488.82080078125,3736.4130859375,17229.16796875
2022-04-22,4816.0849609375,6874.01904296875,3335.3310546875,6709.7587890625,1448.9586181640625,5421.0576171875,3736.4130859375,17336.375
2022-04-25,4833.16357421875,6983.1298828125,3315.177978515625,6824.65234375,1476.5579833984375,5398.4697265625,3809.20068359375,16922.873046875
2022-04-26,4918.55517578125,7092.2421875,3365.560546875,6962.52392578125,1494.957275390625,5782.4609375,3849.6376953125,17612.041015625
2022-04-27,4867.3203125,7157.70849609375,3315.177978515625,6985.5029296875,1485.7576904296875,5850.22412109375,3857.724853515625,17703.931640625
2022-04-28,5174.72998046875,7092.2421875,3607.397216796875,7008.4814453125,1508.7568359375,5782.4609375,3736.4130859375,18546.244140625
2022-05-09,4942.66943359375,6633.9736328125,3355.484130859375,6801.673828125,1407.5599365234375,5533.99609375,3485.701171875,17903.0234375
2022-05-10,4907.615234375,6568.5068359375,3264.79541015625,7330.181640625,1485.7576904296875,5511.40869140625,3509.964111328125,18148.0625
2022-05-11,4837.50634765625,6677.61865234375,3224.4892578125,7628.90380859375,1504.1571044921875,5850.22412109375,3501.87646484375,18515.6171875
2022-05-12,4802.4521484375,6350.283203125,3174.106689453125,7376.138671875,1453.5584716796875,5669.5224609375,3477.61376953125,17948.96875
2022-05-13,4995.25146484375,6393.9287109375,3143.876953125,7514.01025390625,1471.9580078125,5692.10986328125,3445.263916015625,18515.6171875
2022-05-17,4907.615234375,6459.39599609375,3164.030029296875,7192.31005859375,1494.957275390625,5737.28564453125,3380.564453125,18423.7265625
2022-05-18,4977.72412109375,6612.1513671875,3184.18310546875,7445.0751953125,1494.957275390625,5850.22412109375,3437.1767578125,18561.560546875
2022-05-19,4907.615234375,6503.04052734375,3184.18310546875,7330.181640625,1476.5579833984375,5624.34716796875,3404.82666015625,18362.466796875
2022-05-20,4995.25146484375,6459.39599609375,3224.4892578125,7399.11767578125,1494.957275390625,5737.28564453125,3372.476806640625,18316.521484375
2022-05-23,4872.56005859375,6437.5732421875,3174.106689453125,7330.181640625,1499.55712890625,5872.81201171875,3323.951904296875,18163.373046875
2022-05-24,5012.77783203125,6415.7509765625,3194.259521484375,7491.0322265625,1485.7576904296875,6053.51416015625,3356.3017578125,18561.560546875
2022-05-25,4977.72412109375,6437.5732421875,3164.030029296875,7582.94677734375,1499.55712890625,5895.39990234375,3396.739501953125,18484.984375
2022-05-27,5065.3603515625,6612.1513671875,3264.79541015625,7927.6259765625,1481.15771484375,6053.51416015625,3477.61376953125,18622.818359375
2022-05-30,5082.88720703125,6612.1513671875,3305.1015625,7858.68994140625,1499.55712890625,6482.6806640625,3437.1767578125,18530.9296875
2022-05-31,5152.99560546875,6764.90771484375,3426.019775390625,7881.66943359375,1574.77001953125,6595.61962890625,3485.701171875,19174.15234375
2022-06-02,5135.46875,6612.1513671875,3305.1015625,7858.68994140625,1508.9588623046875,6482.6806640625,3469.5263671875,19373.244140625
2022-06-03,5117.94140625,6633.9736328125,3305.1015625,7881.66943359375,1504.258056640625,6414.91748046875,3485.701171875,19970.5234375
2022-06-06,5065.3603515625,6503.04052734375,3284.9482421875,7950.60400390625,1541.8643798828125,6505.26806640625,3509.964111328125,19710.169921875
2022-06-07,5047.8330078125,6437.5732421875,3345.407470703125,7881.66943359375,1499.55712890625,6460.09326171875,3437.1767578125,20108.35546875
2022-06-08,5030.3056640625,6633.9736328125,3385.713623046875,7881.66943359375,1527.761962890625,6527.85595703125,3437.147705078125,20246.1875
2022-06-09,5047.8330078125,6546.68505859375,3395.7900390625,7927.6259765625,1537.1636962890625,6324.56640625,3395.231201171875,19848.00390625
2022-06-10,4855.033203125,6415.7509765625,3295.024658203125,7812.73291015625,1527.761962890625,6234.2158203125,3370.08154296875,19725.486328125
2022-06-13,4925.142578125,6415.7509765625,3264.79541015625,7904.64697265625,1527.761962890625,5917.9873046875,3420.381103515625,18791.283203125
2022-06-14,4890.08837890625,6459.39599609375,3305.1015625,7950.60400390625,1527.761962890625,6166.4521484375,3445.531005859375,19327.302734375
2022-06-15,4697.28857421875,6393.9287109375,3345.407470703125,7904.64697265625,1518.3603515625,6234.2158203125,3403.61474609375,18224.6328125
2022-06-16,4802.4521484375,6612.1513671875,3375.636962890625,7973.5830078125,1527.761962890625,6234.2158203125,3386.847900390625,18377.783203125
2022-06-17,4872.56005859375,6546.68505859375,3254.71875,7858.68994140625,1527.761962890625,6166.4521484375,3453.914306640625,17642.669921875
2022-06-20,4855.033203125,6655.7958984375,3325.25439453125,8249.326171875,1523.061279296875,6414.91748046875,3386.847900390625,17765.189453125
2022-06-21,4802.4521484375,6677.61865234375,3325.25439453125,8410.1767578125,1527.761962890625,6460.09326171875,3445.531005859375,17857.078125
2022-06-22,4767.39794921875,6546.68505859375,3284.9482421875,8479.11328125,1527.761962890625,6460.09326171875,3395.231201171875,17887.708984375
2022-06-23,4819.9794921875,6568.5068359375,3284.9482421875,8571.02734375,1598.2740478515625,6595.61962890625,3487.447509765625,17933.65234375
2022-06-24,4679.76171875,6524.86181640625,3345.407470703125,8662.9423828125,1607.67578125,6889.26025390625,3479.064208984375,17933.65234375
2022-06-27,4662.23486328125,6415.7509765625,3315.177978515625,8731.8779296875,1593.5732421875,6618.20751953125,3411.997802734375,17887.708984375
2022-06-28,4697.28857421875,6372.1064453125,3274.871826171875,8731.8779296875,1598.2740478515625,6414.91748046875,3378.46484375,18255.263671875
2022-06-29,4557.07080078125,6350.283203125,3204.336181640625,8685.9208984375,1588.87255859375,6595.61962890625,3386.847900390625,17474.208984375
2022-06-30,4644.70751953125,6328.46142578125,3194.259521484375,8777.8349609375,1560.667724609375,6437.50537109375,3353.31494140625,17397.634765625
2022-07-01,4574.59814453125,6328.46142578125,3063.2646484375,8594.005859375,1584.171630859375,6211.6279296875,3370.08154296875,16233.7080078125
2022-07-04,4557.07080078125,6153.8828125,2982.652587890625,8479.11328125,1537.1636962890625,6143.86474609375,3344.931640625,16249.0224609375
2022-07-05,4434.380859375,6328.46142578125,3083.417724609375,8433.1552734375,1588.87255859375,6053.51416015625,3344.931640625,17137.28125
2022-07-06,4259.1083984375,6372.1064453125,3033.03515625,8685.9208984375,1584.171630859375,6076.1015625,3370.08154296875,16417.48828125
2022-07-07,4171.47314453125,6197.52783203125,2992.72900390625,8708.8994140625,1579.470947265625,5985.7509765625,3386.847900390625,16402.169921875
2022-07-08,4189.0,6241.171875,3012.882080078125,8662.9423828125,1570.0692138671875,6030.92626953125,3361.697998046875,16815.671875
2022-07-11,4241.58154296875,6219.35107421875,3012.882080078125,8685.9208984375,1598.2740478515625,5872.81201171875,3386.847900390625,16677.837890625
2022-07-12,4276.63623046875,6262.99462890625,2992.72900390625,8571.02734375,1579.470947265625,5782.4609375,3361.697998046875,16494.060546875
2022-07-13,4083.836669921875,6110.2392578125,2932.26953125,8548.048828125,1588.87255859375,5782.4609375,3303.014892578125,17321.05859375
2022-07-14,4276.63623046875,6132.0615234375,2932.26953125,8502.0908203125,1617.077392578125,5895.39990234375,3370.08154296875,18255.263671875
2022-07-15,4171.47314453125,6110.2392578125,2891.963623046875,8594.005859375,1579.470947265625,5759.873046875,3479.064208984375,17780.50390625
2022-07-18,4224.05419921875,6241.171875,2962.499267578125,8731.8779296875,1555.966796875,5872.81201171875,3512.597412109375,17673.30078125
2022-07-19,4259.1083984375,6262.99462890625,2992.72900390625,8685.9208984375,1598.2740478515625,5917.9873046875,3487.447509765625,17826.447265625
2022-07-20,4399.326171875,6459.39599609375,3184.18310546875,8685.9208984375,1626.4788818359375,5872.81201171875,3529.36376953125,18484.984375
2022-07-21,4329.2177734375,6459.39599609375,3184.18310546875,8731.8779296875,1579.470947265625,5895.39990234375,3571.2802734375,18377.783203125
2022-07-22,4259.1083984375,6393.9287109375,3164.030029296875,8639.9638671875,1612.37646484375,5895.39990234375,3546.13037109375,18423.7265625
2022-07-25,4259.1083984375,6372.1064453125,3133.80029296875,8685.9208984375,1588.87255859375,5872.81201171875,3554.513671875,18730.025390625
2022-07-26,4276.63623046875,6372.1064453125,3224.4892578125,8616.9853515625,1593.5732421875,5940.5751953125,3562.897216796875,18745.337890625
2022-07-27,4276.63623046875,6393.9287109375,3264.79541015625,8525.0703125,1588.87255859375,5805.048828125,3604.813232421875,19051.634765625
2022-07-28,4241.58154296875,6415.7509765625,3244.64208984375,8249.326171875,1570.0692138671875,5805.048828125,3554.513671875,19174.15234375
2022-07-29,4434.380859375,6415.7509765625,3335.3310546875,8111.45458984375,1523.061279296875,5895.39990234375,3546.13037109375,19786.744140625
2022-08-01,4539.54443359375,6546.68505859375,3214.412353515625,8180.39111328125,1490.155517578125,5827.63671875,3604.813232421875,19710.169921875
2022-08-02,4539.54443359375,6633.9736328125,3295.024658203125,8453.541015625,1494.8564453125,5827.63671875,3730.562744140625,20138.984375
2022-08-03,4627.18017578125,6655.7958984375,3325.25439453125,8288.7099609375,1494.8564453125,5850.22412109375,3772.4794921875,20797.525390625
2022-08-04,4627.18017578125,6808.5517578125,3325.25439453125,8406.4462890625,1499.55712890625,6098.68896484375,3814.3955078125,20338.076171875
2022-08-05,4644.70751953125,6874.01904296875,3325.25439453125,8288.7099609375,1494.8564453125,6143.86474609375,3898.228515625,19909.263671875
2022-08-08,4697.28857421875,6874.01904296875,3365.560546875,8288.7099609375,1518.3603515625,6324.56640625,3940.144775390625,19848.00390625
2022-08-09,4732.34326171875,6895.8408203125,3415.943359375,8218.06640625,1490.155517578125,6279.39111328125,3889.844970703125,19832.69140625
2022-08-10,4802.4521484375,6895.8408203125,3466.325927734375,8218.06640625,1504.258056640625,6324.56640625,3822.779052734375,19817.375
2022-08-11,4872.56005859375,6939.4853515625,3436.096435546875,8359.3525390625,1490.155517578125,6256.80322265625,3831.162353515625,19541.708984375
2022-08-12,4872.56005859375,6917.66357421875,3415.943359375,8170.9716796875,1518.3603515625,6347.154296875,3814.3955078125,19357.931640625
2022-08-15,4819.9794921875,6939.4853515625,3405.86669921875,8359.3525390625,1499.55712890625,6256.80322265625,3730.562744140625,19909.263671875
2022-08-16,4890.08837890625,6961.30810546875,3436.096435546875,8241.6142578125,1537.1636962890625,6211.6279296875,3697.029541015625,19848.00390625
2022-08-18,4890.08837890625,6983.1298828125,3466.325927734375,8265.162109375,1537.1636962890625,6166.4521484375,3814.3955078125,19602.966796875
2022-08-19,4890.08837890625,6895.8408203125,3426.019775390625,8194.51953125,1513.6595458984375,5940.5751953125,3856.312255859375,19388.55859375
2022-08-22,4855.033203125,6983.1298828125,3436.096435546875,8218.06640625,1513.6595458984375,5963.1630859375,3898.228515625,19480.447265625
2022-08-23,4890.08837890625,6895.8408203125,3476.40234375,8288.7099609375,1527.761962890625,6030.92626953125,3906.61181640625,19679.54296875
2022-08-24,4942.66943359375,6939.4853515625,3476.40234375,8265.162109375,1518.3603515625,5940.5751953125,3982.061279296875,19985.841796875
2022-08-25,4890.08837890625,7048.59716796875,3456.24951171875,8265.162109375,1513.6595458984375,5917.9873046875,3831.162353515625,20184.931640625
2022-08-26,4819.9794921875,6983.1298828125,3426.019775390625,8218.06640625,1523.061279296875,5917.9873046875,3764.095947265625,20276.8203125
2022-08-29,4784.9248046875,7114.06494140625,3446.1728515625,8335.8046875,1532.462890625,5895.39990234375,3789.24560546875,20215.560546875
2022-08-30,4837.50634765625,7135.88623046875,3486.47900390625,8218.06640625,1532.462890625,5917.9873046875,3755.712890625,20414.654296875
2022-08-31,4890.08837890625,7157.70849609375,3567.091064453125,7817.75927734375,1579.470947265625,5963.1630859375,3822.779052734375,20736.263671875
2022-09-01,4855.033203125,7114.06494140625,3597.32080078125,8194.51953125,1555.966796875,5827.63671875,3839.54541015625,20384.0234375
2022-09-02,4855.033203125,7179.53076171875,3567.091064453125,8218.06640625,1574.77001953125,5805.048828125,3856.312255859375,20766.892578125
2022-09-05,4819.9794921875,7223.17529296875,3607.397216796875,8194.51953125,1541.8643798828125,5895.39990234375,3873.07861328125,21042.560546875
2022-09-06,4837.50634765625,7223.17529296875,3557.0146484375,8147.423828125,1560.667724609375,5895.39990234375,3780.8623046875,21747.041015625
2022-09-07,4662.23486328125,7310.46484375,3577.16796875,8053.2353515625,1565.368408203125,5917.9873046875,3764.095947265625,21486.693359375
2022-09-08,4662.23486328125,7288.64208984375,3607.397216796875,8029.6875,1565.368408203125,5917.9873046875,3822.779052734375,21073.189453125
2022-09-09,4749.87060546875,7310.46484375,3657.780029296875,7959.044921875,1598.2740478515625,5963.1630859375,3856.312255859375,21011.9296875
2022-09-12,4890.08837890625,7310.46484375,3698.085693359375,8100.3291015625,1645.2822265625,5985.7509765625,3806.01220703125,21134.447265625
2022-09-13,5047.8330078125,7441.39794921875,3808.927734375,8029.6875,1687.58935546875,6076.1015625,3789.24560546875,21042.560546875
2022-09-14,5012.77783203125,7419.57568359375,3748.46875,8029.6875,1687.58935546875,6008.33837890625,3755.712890625,20828.15234375
2022-09-15,4942.66943359375,7637.79833984375,3768.621826171875,8100.3291015625,1725.1959228515625,5985.7509765625,3772.4794921875,21379.484375
2022-09-16,4837.50634765625,7375.93115234375,3667.8564453125,8147.423828125,1786.3062744140625,6211.6279296875,3697.029541015625,21027.24609375
2022-09-19,4995.25146484375,7550.509765625,3718.2392578125,8194.51953125,1762.80224609375,6324.56640625,3772.4794921875,21011.9296875
2022-09-20,5030.3056640625,7463.22021484375,3708.16259765625,8359.3525390625,1739.29833984375,6505.26806640625,3755.712890625,20920.04296875
2022-09-21,5012.77783203125,7397.75439453125,3738.392578125,8194.51953125,1729.8966064453125,6505.26806640625,3713.796142578125,21027.24609375
2022-09-22,5030.3056640625,7397.75439453125,3708.16259765625,8312.2568359375,1743.9990234375,6573.03125,3713.796142578125,21502.00390625
2022-09-23,5012.77783203125,7310.46484375,3708.16259765625,8477.0888671875,1734.597412109375,6708.55859375,3671.8798828125,20828.15234375
2022-09-26,4890.08837890625,7354.109375,3728.3154296875,8547.73046875,1739.29833984375,6708.55859375,3738.946044921875,20399.3359375
2022-09-27,4872.56005859375,7244.998046875,3768.621826171875,8335.8046875,1739.29833984375,6776.32177734375,3722.179443359375,20460.595703125
2022-09-28,4767.39794921875,7266.8203125,3748.46875,8288.7099609375,1711.093505859375,6685.970703125,3747.329345703125,20215.560546875
2022-09-29,4749.87060546875,7310.46484375,3728.3154296875,8335.8046875,1720.4951171875,6776.32177734375,3722.179443359375,20292.134765625
2022-09-30,4644.70751953125,7463.22021484375,3798.85107421875,8147.423828125,1720.4951171875,6753.73388671875,3738.946044921875,20108.35546875
2022-10-03,4644.70751953125,7419.57568359375,3738.392578125,8218.06640625,1701.6917724609375,6731.14599609375,3738.946044921875,20215.560546875
2022-10-04,4714.81591796875,7463.22021484375,3718.2392578125,8029.6875,1706.392578125,6731.14599609375,3722.179443359375,20705.6328125
2022-10-05,4679.76171875,7375.93115234375,3738.392578125,8147.423828125,1734.597412109375,6618.20751953125,3738.946044921875,20764.017578125
2022-10-06,4627.18017578125,7354.109375,3758.545166015625,8312.2568359375,1739.29833984375,6618.20751953125,3713.796142578125,20622.765625
2022-10-07,4539.54443359375,7157.70849609375,3798.85107421875,8382.8994140625,1734.597412109375,6527.85595703125,3646.72998046875,20716.93359375
2022-10-10,4557.07080078125,7244.998046875,3748.46875,8429.994140625,1781.6055908203125,6640.79541015625,3705.412841796875,20277.482421875
2022-10-11,4574.59814453125,7201.353515625,3748.46875,8477.0888671875,1725.1959228515625,6798.90966796875,3613.196533203125,20214.70703125
2022-10-12,4512.7705078125,7266.8203125,3798.85107421875,8429.994140625,1786.3062744140625,6776.32177734375,3638.3466796875,20308.873046875
2022-10-13,4512.7705078125,7223.17529296875,3819.00439453125,8335.8046875,1748.699951171875,6640.79541015625,3604.813232421875,20214.70703125
2022-10-14,4512.7705078125,7201.353515625,3788.774658203125,8194.51953125,1734.597412109375,6505.26806640625,3596.43017578125,21187.775390625
2022-10-17,4566.06982421875,7201.353515625,3808.927734375,8312.2568359375,1814.5111083984375,6776.32177734375,3629.963134765625,20654.158203125
2022-10-18,4512.7705078125,7244.998046875,3829.080810546875,8429.994140625,1786.3062744140625,6798.90966796875,3562.897216796875,20089.1484375
2022-10-19,4637.13720703125,7223.17529296875,3819.00439453125,8594.826171875,1861.519287109375,7002.19873046875,3520.980712890625,19963.587890625
2022-10-20,4566.06982421875,7419.57568359375,3990.3056640625,8948.0380859375,1908.52734375,7047.3740234375,3646.72998046875,19979.28515625
2022-10-21,4672.67138671875,7550.509765625,4171.68310546875,8877.396484375,1856.8184814453125,6866.6728515625,3655.11328125,20089.1484375
2022-10-24,4725.9716796875,7768.7333984375,4131.37646484375,8877.396484375,1875.6217041015625,6844.0849609375,3697.029541015625,20324.568359375
2022-10-25,4761.50537109375,7594.15380859375,4121.2998046875,8971.5859375,1880.322509765625,6753.73388671875,3680.26318359375,20089.1484375
2022-10-26,4672.67138671875,7463.22021484375,4111.22314453125,9230.6083984375,1917.928955078125,6753.73388671875,3663.49658203125,20842.490234375
2022-10-27,4725.9716796875,7594.15380859375,4111.22314453125,9254.15625,1889.72412109375,6934.435546875,3663.49658203125,20559.98828125
2022-10-28,4654.904296875,7637.79833984375,4111.22314453125,9230.6083984375,1899.1256103515625,7002.19873046875,3730.562744140625,20246.09375
2022-10-31,4725.9716796875,7681.44287109375,4252.294921875,9159.9658203125,1927.3304443359375,7182.90087890625,3680.26318359375,20277.482421875
2022-11-01,4672.67138671875,7681.44287109375,4191.8359375,8948.0380859375,1866.2200927734375,7250.6640625,3705.412841796875,19743.865234375
2022-11-02,4566.06982421875,7637.79833984375,4060.8408203125,9042.228515625,1852.11767578125,7318.4267578125,3537.7470703125,19273.025390625
2022-11-03,4530.53662109375,7681.44287109375,4101.14697265625,8995.1328125,1852.11767578125,7250.6640625,3462.2978515625,19461.361328125
2022-11-04,4566.06982421875,7659.62060546875,4091.070556640625,9089.3232421875,1847.4168701171875,7453.953125,3529.36376953125,19634.00390625
2022-11-07,4619.37060546875,7725.08740234375,4131.37646484375,9183.513671875,1899.1256103515625,7453.953125,3588.047119140625,19634.00390625
2022-11-08,4637.13720703125,7637.79833984375,4091.070556640625,9183.513671875,1861.519287109375,7182.90087890625,3537.7470703125,19571.2265625
2022-11-09,4654.904296875,7746.91015625,4091.070556640625,9183.513671875,1842.7159423828125,7115.1376953125,3512.597412109375,19461.361328125
2022-11-10,4637.13720703125,7681.44287109375,4070.91796875,9159.9658203125,1861.519287109375,7205.48876953125,3495.83056640625,18456.904296875
2022-11-11,4583.83740234375,7725.08740234375,4201.91259765625,9277.703125,1880.322509765625,7341.0146484375,3479.064208984375,18205.791015625
2022-11-14,4477.236328125,7637.79833984375,4131.37646484375,9183.513671875,1889.72412109375,7228.076171875,3395.231201171875,18017.453125
2022-11-15,4423.93603515625,7681.44287109375,4131.37646484375,9230.6083984375,1908.52734375,7182.90087890625,3395.231201171875,17986.064453125
2022-11-16,4388.40185546875,7506.86474609375,4030.611572265625,9207.0615234375,1908.52734375,6889.26025390625,3395.231201171875,18048.84375
2022-11-17,4477.236328125,7615.9765625,3990.3056640625,9112.87109375,1908.52734375,6889.26025390625,3386.847900390625,17970.37109375
2022-11-18,4423.93603515625,7703.265625,4101.14697265625,9089.3232421875,1936.732177734375,6979.61083984375,3361.697998046875,18080.234375
2022-11-21,4495.0029296875,7615.9765625,4070.91796875,9230.6083984375,1983.740234375,6934.435546875,3378.46484375,18080.234375
2022-11-22,4423.93603515625,7768.7333984375,4080.994140625,9089.3232421875,1899.1256103515625,6957.0234375,3353.31494140625,18174.400390625
2022-11-23,4406.1689453125,7746.91015625,4111.22314453125,9324.796875,1927.3304443359375,6911.84765625,3328.1650390625,18598.158203125
2022-11-24,4406.1689453125,7856.021484375,4121.2998046875,9230.6083984375,1946.1337890625,6866.6728515625,3378.46484375,18817.880859375
2022-11-25,4388.40185546875,7834.19921875,4101.14697265625,9324.796875,1974.3385009765625,6957.0234375,3378.46484375,18739.408203125
2022-11-28,4423.93603515625,7877.84326171875,4080.994140625,9395.439453125,1993.1417236328125,6957.0234375,3336.548095703125,18676.62890625
2022-11-29,4299.568359375,7834.19921875,4161.6064453125,9395.439453125,1974.3385009765625,6866.6728515625,3336.548095703125,19273.025390625
2022-11-30,4299.568359375,8117.888671875,4242.21826171875,9513.177734375,1946.1337890625,6866.6728515625,3386.847900390625,19335.8046875
2022-12-01,4388.40185546875,7856.021484375,4191.8359375,9560.2724609375,1927.3304443359375,6957.0234375,3319.78173828125,19257.33203125
2022-12-02,4352.86865234375,7799.06201171875,4242.21826171875,9607.3671875,1936.732177734375,6934.435546875,3353.31494140625,18347.041015625
2022-12-05,4281.80078125,7689.52587890625,4383.28955078125,9748.6513671875,1936.732177734375,6957.0234375,3219.182373046875,17891.896484375
2022-12-06,4175.20068359375,7601.89453125,4393.36669921875,9748.6513671875,1908.52734375,6482.6806640625,3017.9833984375,17640.78125
2022-12-07,4068.599853515625,7404.7275390625,4181.75927734375,9725.10546875,1908.52734375,6324.56640625,3085.049560546875,17609.39453125
2022-12-08,4033.066162109375,7448.54296875,4050.764404296875,9607.3671875,2011.945068359375,6279.39111328125,3135.349609375,17138.552734375
2022-12-09,4033.066162109375,7514.2646484375,4000.38232421875,9560.2724609375,2002.5433349609375,6279.39111328125,3059.899658203125,16400.90625
2022-12-12,4033.066162109375,7623.80322265625,4010.45849609375,9795.7470703125,2021.3465576171875,6098.68896484375,3101.81640625,16871.744140625
2022-12-13,4139.66650390625,7623.80322265625,3990.3056640625,9701.5576171875,1983.740234375,6342.16259765625,3143.732666015625,16840.357421875
2022-12-14,4139.66650390625,7558.0810546875,4010.45849609375,9725.10546875,1993.1417236328125,6342.16259765625,3143.732666015625,16856.048828125
2022-12-15,4121.89990234375,7448.54296875,3990.3056640625,9701.5576171875,1927.3304443359375,6546.01806640625,3076.66650390625,16652.021484375
2022-12-16,4104.13330078125,7536.171875,4070.91796875,9819.294921875,1993.1417236328125,6364.81298828125,3085.049560546875,16667.71484375
2022-12-19,4050.8330078125,7579.9873046875,4030.611572265625,9560.2724609375,2040.1500244140625,6296.86181640625,3118.582763671875,16856.048828125
2022-12-20,4050.8330078125,7514.2646484375,4050.764404296875,9701.5576171875,1974.3385009765625,6138.3076171875,3118.582763671875,16730.4921875
2022-12-21,4050.8330078125,7601.89453125,4030.611572265625,9630.9150390625,1974.3385009765625,6093.00634765625,3177.265869140625,16714.80078125
2022-12-22,4104.13330078125,7514.2646484375,4010.45849609375,9536.724609375,1936.732177734375,6093.00634765625,3143.732666015625,16950.220703125
2022-12-23,4033.066162109375,7448.54296875,4000.38232421875,9442.5341796875,1917.928955078125,6115.6572265625,3168.882568359375,16871.744140625
2022-12-26,4015.298828125,7514.2646484375,4050.764404296875,9560.2724609375,1946.1337890625,6160.95849609375,3143.732666015625,16573.548828125
2022-12-27,4033.066162109375,7536.171875,4010.45849609375,9489.6298828125,1908.52734375,6047.70556640625,3194.032470703125,16714.80078125
2022-12-28,3997.532470703125,7579.9873046875,4020.534912109375,9583.8203125,1908.52734375,6047.70556640625,3126.966064453125,16432.29296875
2022-12-29,4015.298828125,7514.2646484375,4020.534912109375,9583.8203125,1964.93701171875,6047.70556640625,3168.882568359375,16495.07421875
2022-12-30,4050.8330078125,7492.35791015625,4000.38232421875,9418.9873046875,1964.93701171875,5957.10302734375,3143.732666015625,16369.517578125
2023-01-02,4050.8330078125,7492.35791015625,3980.228759765625,9560.2724609375,1936.732177734375,6002.40380859375,3185.649169921875,16196.875
2023-01-03,4015.298828125,7492.35791015625,4010.45849609375,9583.8203125,1993.1417236328125,6070.35595703125,3235.948974609375,16259.65625
2023-01-04,4033.066162109375,7317.09814453125,4040.688232421875,9513.177734375,1964.93701171875,6138.3076171875,3202.41552734375,15161.029296875
2023-01-05,3819.864501953125,7229.46728515625,3960.075439453125,9630.9150390625,1946.1337890625,6070.35595703125,3160.499267578125,15490.6181640625
2023-01-06,3873.1650390625,7273.283203125,3949.9990234375,9583.8203125,1927.3304443359375,6410.11474609375,3110.199462890625,15678.955078125
2023-01-09,3802.09765625,7404.7275390625,3919.769775390625,9607.3671875,1974.3385009765625,6500.71728515625,3177.265869140625,15506.3095703125
2023-01-10,3784.330810546875,7163.7451171875,3738.392578125,9607.3671875,1927.3304443359375,6387.46435546875,3210.799072265625,15663.2568359375
2023-01-11,3713.263671875,7119.9306640625,3607.397216796875,9913.484375,1917.928955078125,6342.16259765625,3244.33203125,15741.7314453125
2023-01-12,3802.09765625,7163.7451171875,3708.16259765625,9842.841796875,1899.1256103515625,6704.572265625,3235.948974609375,15663.2568359375
2023-01-13,3873.1650390625,7054.2080078125,3698.085693359375,9842.841796875,1927.3304443359375,6523.36767578125,3168.882568359375,15161.029296875
2023-01-16,3979.765625,7141.83837890625,3748.46875,9795.7470703125,1936.732177734375,6704.572265625,3227.565673828125,15208.115234375
2023-01-17,3944.232421875,7295.18994140625,3929.84619140625,9748.6513671875,1946.1337890625,6546.01806640625,3311.3984375,15270.892578125
2023-01-18,4015.298828125,7273.283203125,3849.234130859375,9866.3896484375,1964.93701171875,6342.16259765625,3294.6318359375,15537.701171875
2023-01-19,4157.43408203125,7295.18994140625,3929.84619140625,9889.9375,1974.3385009765625,6455.416015625,3261.0986328125,16479.376953125
2023-01-20,4192.96728515625,7273.283203125,4020.534912109375,9889.9375,1936.732177734375,6387.46435546875,3244.33203125,16808.966796875
2023-01-24,4210.7333984375,7207.56005859375,3990.3056640625,9795.7470703125,1936.732177734375,6432.76513671875,3227.565673828125,16400.90625
2023-01-25,4228.50146484375,7185.65283203125,3909.693603515625,9819.294921875,1927.3304443359375,6387.46435546875,3219.182373046875,16353.822265625
2023-01-26,4192.96728515625,7426.6357421875,3960.075439453125,9489.6298828125,1917.928955078125,6636.62060546875,3328.1650390625,15851.5947265625
2023-01-27,4175.20068359375,7623.80322265625,4040.688232421875,9418.9873046875,1927.3304443359375,6591.3193359375,3319.78173828125,16055.6240234375
2023-01-30,4175.20068359375,7623.80322265625,4010.45849609375,9513.177734375,2021.3465576171875,6546.01806640625,3319.78173828125,15851.5947265625
2023-01-31,4264.03466796875,7426.6357421875,4010.45849609375,9513.177734375,1936.732177734375,6704.572265625,3227.565673828125,15412.1435546875
2023-02-01,4264.03466796875,7448.54296875,3909.693603515625,9772.19921875,1955.535400390625,6636.62060546875,3244.33203125,15522.005859375
2023-02-02,4210.7333984375,7404.7275390625,3919.769775390625,9654.462890625,2068.354736328125,6636.62060546875,3261.0986328125,15129.6396484375
2023-02-03,4175.20068359375,7623.80322265625,4000.38232421875,9866.3896484375,2049.55126953125,6591.3193359375,3252.71533203125,15066.859375
2023-02-06,4157.43408203125,7645.7099609375,3980.228759765625,9678.009765625,2040.1500244140625,6568.6689453125,3252.71533203125,15019.7783203125
2023-02-07,4175.20068359375,7755.248046875,4101.14697265625,9678.009765625,2077.75634765625,6568.6689453125,3185.649169921875,15631.869140625
2023-02-08,4121.89990234375,7733.33984375,4111.22314453125,9725.10546875,2115.36279296875,6546.01806640625,3219.182373046875,15569.087890625
2023-02-09,4033.066162109375,7799.06201171875,4131.37646484375,9701.5576171875,2115.36279296875,6636.62060546875,3160.499267578125,15380.7529296875
2023-02-10,4050.8330078125,7733.33984375,4151.5302734375,9701.5576171875,2218.780517578125,7021.68017578125,3185.649169921875,15380.7529296875
2023-02-13,4068.599853515625,7777.15478515625,4171.68310546875,9678.009765625,2096.5595703125,6885.77685546875,3177.265869140625,15459.2265625
2023-02-14,4068.599853515625,7842.87646484375,4181.75927734375,9701.5576171875,2190.575927734375,6931.078125,3185.649169921875,15537.701171875
2023-02-15,4033.066162109375,7777.15478515625,4121.2998046875,9701.5576171875,2171.7724609375,6908.42724609375,3177.265869140625,15616.1728515625
2023-02-16,4050.8330078125,7623.80322265625,4101.14697265625,9607.3671875,2152.96923828125,6817.82568359375,3160.499267578125,15474.9228515625
2023-02-17,4033.066162109375,7645.7099609375,4151.5302734375,9748.6513671875,2115.36279296875,6727.22265625,3152.115966796875,15459.2265625
2023-02-20,3979.765625,7667.6171875,4141.453125,9748.6513671875,2162.370849609375,6817.82568359375,3202.41552734375,15255.1962890625
2023-02-21,3961.998291015625,7623.80322265625,4111.22314453125,9701.5576171875,2152.96923828125,6863.12646484375,3219.182373046875,15066.859375
2023-02-22,3997.532470703125,7601.89453125,4030.611572265625,9630.9150390625,2030.748291015625,6727.22265625,3235.948974609375,15270.892578125
2023-02-23,4015.298828125,7645.7099609375,4060.8408203125,9630.9150390625,2049.55126953125,6908.42724609375,3328.1650390625,15506.3095703125
2023-02-24,4086.3662109375,7601.89453125,4080.994140625,9583.8203125,2134.166259765625,6704.572265625,3386.847900390625,15663.2568359375
2023-02-27,4121.89990234375,7689.52587890625,4091.070556640625,9466.08203125,2040.1500244140625,6681.92138671875,3319.78173828125,15804.51171875
2023-02-28,4335.10205078125,7667.6171875,4030.611572265625,9536.724609375,1983.740234375,6546.01806640625,3252.71533203125,17515.2265625
2023-03-01,4370.63525390625,7536.171875,4070.91796875,9324.796875,1983.740234375,6568.6689453125,3294.6318359375,17311.197265625
2023-03-02,4370.63525390625,7558.0810546875,4121.2998046875,9277.703125,1974.3385009765625,6478.06640625,3252.71533203125,17782.03515625
2023-03-03,4299.568359375,7426.6357421875,4050.764404296875,9159.9658203125,1936.732177734375,6500.71728515625,3269.482177734375,17656.4765625
2023-03-06,4317.3349609375,7360.91259765625,4080.994140625,9183.513671875,1983.740234375,6455.416015625,3252.71533203125,17358.279296875
2023-03-07,4228.50146484375,7382.8203125,4101.14697265625,9395.439453125,1955.535400390625,6410.11474609375,3252.71533203125,16840.357421875
2023-03-08,4210.7333984375,7514.2646484375,4141.453125,9230.6083984375,1974.3385009765625,6251.560546875,3303.014892578125,16573.548828125
2023-03-09,4281.80078125,7514.2646484375,4211.98876953125,9230.6083984375,1955.535400390625,6274.21142578125,3328.1650390625,16965.9140625
2023-03-10,4246.267578125,7404.7275390625,4181.75927734375,9183.513671875,1936.732177734375,6138.3076171875,3361.697998046875,16840.357421875
2023-03-13,4210.7333984375,7492.35791015625,4171.68310546875,9089.3232421875,1983.740234375,6002.40380859375,3411.997802734375,17625.08984375
2023-03-14,4104.13330078125,7295.18994140625,4000.38232421875,9089.3232421875,1964.93701171875,5957.10302734375,3370.08154296875,17012.994140625
2023-03-15,4104.13330078125,7295.18994140625,4050.764404296875,8783.2060546875,1946.1337890625,5594.69384765625,3361.697998046875,17107.1640625
2023-03-16,4157.43408203125,7273.283203125,3970.152099609375,8853.8486328125,2002.5433349609375,5436.1396484375,3395.231201171875,16903.134765625
2023-03-17,4157.43408203125,7339.0048828125,4070.91796875,8995.1328125,2087.157958984375,5526.7421875,3395.231201171875,17860.5078125
2023-03-20,4175.20068359375,7360.91259765625,4030.611572265625,9065.775390625,2040.1500244140625,5504.091796875,3344.931640625,17389.669921875
2023-03-21,4175.20068359375,7448.54296875,4232.14208984375,9136.41796875,2077.75634765625,5662.6455078125,3453.914306640625,17248.416015625
2023-03-24,4228.50146484375,7733.33984375,4393.36669921875,9395.439453125,2002.5433349609375,5707.94677734375,3411.997802734375,17373.974609375
2023-03-27,4175.20068359375,7623.80322265625,4321.0673828125,9395.439453125,1974.3385009765625,5662.6455078125,3395.231201171875,17452.4453125
2023-03-28,4157.43408203125,7601.89453125,4289.29541015625,9513.177734375,2021.3465576171875,5775.8984375,3395.231201171875,17938.982421875
2023-03-29,4228.50146484375,7865.5712890625,4384.61279296875,9395.439453125,2068.354736328125,5775.8984375,3437.147705078125,18284.265625
2023-03-30,4192.96728515625,7887.91455078125,4331.658203125,9301.25,2040.1500244140625,5775.8984375,3428.7646484375,18190.09765625
2023-03-31,4264.03466796875,7820.87890625,4374.0224609375,9395.439453125,1974.3385009765625,5707.94677734375,3403.61474609375,18268.568359375
2023-04-03,4264.03466796875,7865.5712890625,4458.7490234375,9395.439453125,1955.535400390625,5753.24755859375,3420.381103515625,18111.623046875
2023-04-04,4281.80078125,7843.224609375,4405.79443359375,9607.3671875,1974.3385009765625,5775.8984375,3403.61474609375,18598.158203125
2023-04-05,4264.03466796875,7798.5341796875,4426.97607421875,9536.724609375,1964.93701171875,5458.79052734375,3479.064208984375,18708.017578125
2023-04-06,4210.7333984375,7820.87890625,4384.61279296875,9489.6298828125,1927.3304443359375,5458.79052734375,3562.897216796875,18708.017578125
2023-04-10,4246.267578125,7865.5712890625,4321.0673828125,9489.6298828125,1946.1337890625,5481.44091796875,3604.813232421875,18959.134765625
2023-04-11,4317.3349609375,7887.91455078125,4321.0673828125,9607.3671875,1946.1337890625,5572.04296875,3604.813232421875,19084.69140625
2023-04-12,4441.703125,7954.951171875,4363.431640625,9466.08203125,1917.928955078125,5617.34423828125,3613.196533203125,19618.30859375
2023-04-13,4441.703125,7977.29736328125,4342.2490234375,9654.462890625,1908.52734375,5526.7421875,3638.3466796875,19492.75
2023-04-14,4406.1689453125,8044.33349609375,4426.97607421875,9654.462890625,1936.732177734375,5549.392578125,3638.3466796875,18974.830078125
2023-04-17,4423.93603515625,8066.67822265625,4342.2490234375,9630.9150390625,1917.928955078125,5481.44091796875,3579.663818359375,19147.466796875
2023-04-18,4566.06982421875,8156.06005859375,4384.61279296875,9607.3671875,1936.732177734375,5458.79052734375,3579.663818359375,19508.4453125
2023-04-26,4761.50537109375,8223.0966796875,4405.79443359375,9607.3671875,1955.535400390625,5458.79052734375,3688.64599609375,19712.4765625
2023-04-27,4761.50537109375,8178.40576171875,4405.79443359375,9654.462890625,1993.1417236328125,5458.79052734375,3621.580078125,19508.4453125
2023-04-28,4797.03857421875,8089.02294921875,4384.61279296875,9960.580078125,1993.1417236328125,5390.83837890625,3562.897216796875,22651.4296875
2023-05-02,4743.73828125,8089.02294921875,4448.158203125,9795.7470703125,1946.1337890625,5322.88671875,3512.597412109375,21083.857421875
2023-05-03,4708.20458984375,7977.29736328125,4426.97607421875,10125.4130859375,1936.732177734375,5300.236328125,3479.064208984375,19614.2578125
2023-05-04,4690.43798828125,8044.33349609375,4384.61279296875,10172.505859375,1964.93701171875,5484.8193359375,3479.064208984375,19202.767578125
2023-05-05,4769.54248046875,8044.33349609375,4384.61279296875,10243.1484375,2021.3465576171875,5390.25341796875,3495.83056640625,18928.443359375
2023-05-08,4750.15380859375,8044.33349609375,4342.2490234375,10384.43359375,1974.3385009765625,5508.46044921875,3403.61474609375,19594.662109375
2023-05-09,4905.26123046875,7977.29736328125,4278.70458984375,10360.8857421875,1936.732177734375,5792.158203125,3411.997802734375,19810.205078125
2023-05-10,4905.26123046875,7977.29736328125,4299.88623046875,10266.6962890625,1936.732177734375,5721.23388671875,3462.2978515625,19810.205078125
2023-05-11,4847.0966796875,7887.91455078125,4321.0673828125,10337.3388671875,2002.5433349609375,5555.7431640625,3428.7646484375,19457.498046875
2023-05-12,4827.7080078125,7865.5712890625,4236.3408203125,10243.1484375,2019.7738037109375,5579.384765625,3336.548095703125,19437.90234375
2023-05-15,4924.6494140625,7843.224609375,4278.70458984375,10360.8857421875,2048.490966796875,5532.10205078125,3336.548095703125,19202.767578125
2023-05-16,4866.484375,7776.18798828125,4227.8681640625,10360.8857421875,2105.92529296875,5579.384765625,3336.548095703125,19163.580078125
2023-05-17,4905.26123046875,7843.224609375,4236.3408203125,10360.8857421875,2067.6357421875,5603.0263671875,3344.931640625,18830.47265625
2023-05-19,5021.59130859375,8044.33349609375,4299.88623046875,10313.791015625,2077.208251953125,5603.0263671875,3370.08154296875,18262.2265625
2023-05-22,5118.53369140625,8044.33349609375,4426.97607421875,10360.8857421875,2038.91845703125,5721.23388671875,3386.847900390625,18712.904296875
2023-05-23,5118.53369140625,8156.06005859375,4342.2490234375,10525.71875,2029.3460693359375,5626.66748046875,3386.847900390625,19202.767578125
2023-05-24,5176.69873046875,8066.67822265625,4299.88623046875,10549.2666015625,1952.76708984375,5603.0263671875,3487.447509765625,19281.146484375
2023-05-25,5118.53369140625,8089.02294921875,4384.61279296875,10549.2666015625,1962.33935546875,5579.384765625,3453.914306640625,18418.982421875
2023-05-26,5118.53369140625,8178.40576171875,4342.2490234375,10549.2666015625,1962.33935546875,5579.384765625,3462.2978515625,18085.873046875
2023-05-29,5118.53369140625,8178.40576171875,4363.431640625,10525.71875,2019.7738037109375,5579.384765625,3520.980712890625,17929.1171875
2023-05-30,5040.97998046875,8267.787109375,4363.431640625,10549.2666015625,1981.4842529296875,5579.384765625,3453.914306640625,17635.197265625
2023-05-31,5002.20263671875,8089.02294921875,4278.70458984375,11020.2158203125,1943.1947021484375,5484.8193359375,3386.847900390625,17419.654296875
2023-06-05,5293.02880859375,8223.0966796875,4299.88623046875,10878.931640625,1962.33935546875,5508.46044921875,3420.381103515625,17909.51953125
2023-06-06,5273.64013671875,8178.40576171875,4278.70458984375,10643.4560546875,1952.76708984375,5532.10205078125,3428.7646484375,18183.84765625
2023-06-07,5273.64013671875,8133.71533203125,4257.5224609375,10643.4560546875,1962.33935546875,5532.10205078125,3479.064208984375,17909.51953125
2023-06-08,5254.251953125,8156.06005859375,4257.5224609375,10643.4560546875,1952.76708984375,5555.7431640625,3495.83056640625,18281.8203125
2023-06-09,5273.64013671875,8133.71533203125,4342.2490234375,10714.0986328125,1962.33935546875,5603.0263671875,3479.064208984375,18085.873046875
2023-06-12,5254.251953125,8178.40576171875,4321.0673828125,10643.4560546875,1971.911865234375,5721.23388671875,3538.119140625,18438.576171875
2023-06-13,5234.86328125,8178.40576171875,4321.0673828125,10596.3603515625,1991.056640625,5673.951171875,3520.646728515625,18007.49609375
2023-06-14,5351.1943359375,8111.369140625,4278.70458984375,10643.4560546875,1962.33935546875,5650.3095703125,3494.4384765625,18007.49609375
2023-06-15,5331.80615234375,8089.02294921875,4342.2490234375,10667.0029296875,1991.056640625,5744.87548828125,3511.910888671875,18144.65625
2023-06-16,5312.4169921875,8089.02294921875,4363.431640625,10549.2666015625,2010.2012939453125,5673.951171875,3468.23046875,17948.708984375
2023-06-19,5331.80615234375,8044.33349609375,4342.2490234375,10596.3603515625,1981.4842529296875,5673.951171875,3459.494140625,18144.65625
2023-06-20,5273.64013671875,8089.02294921875,4321.0673828125,10549.2666015625,1981.4842529296875,5697.59228515625,3485.70263671875,18125.064453125
2023-06-21,5370.58251953125,8156.06005859375,4321.0673828125,10667.0029296875,1962.33935546875,5697.59228515625,3476.96630859375,18301.4140625
2023-06-22,5254.251953125,8089.02294921875,4299.88623046875,10525.71875,1933.6221923828125,5697.59228515625,3442.022216796875,18438.576171875
2023-06-23,5254.251953125,8089.02294921875,4299.88623046875,10525.71875,1962.33935546875,5792.158203125,3450.758056640625,18321.009765625
2023-06-26,5273.64013671875,8111.369140625,4342.2490234375,10667.0029296875,1981.4842529296875,5815.79931640625,3485.70263671875,18242.62890625
2023-06-27,5254.251953125,8178.40576171875,4405.79443359375,10667.0029296875,1962.33935546875,5744.87548828125,3494.4384765625,18242.62890625
2023-07-03,5293.02880859375,8111.369140625,4532.88525390625,10902.478515625,1933.6221923828125,5744.87548828125,3494.4384765625,18066.27734375
2023-07-04,5254.251953125,8089.02294921875,4448.158203125,10808.2890625,1900.118896484375,5744.87548828125,3468.23046875,18105.466796875
2023-07-05,5254.251953125,8089.02294921875,4469.33984375,10784.7412109375,1924.0499267578125,5839.44091796875,3476.96630859375,18575.7421875
2023-07-06,5273.64013671875,8111.369140625,4490.52099609375,10737.646484375,1904.905029296875,5910.365234375,3459.494140625,18850.064453125
2023-07-07,5293.02880859375,8066.67822265625,4363.431640625,10797.98046875,1904.905029296875,6075.85595703125,3459.494140625,18614.927734375
2023-07-10,5254.251953125,8089.02294921875,4384.61279296875,10845.865234375,1914.4775390625,6075.85595703125,3450.758056640625,18889.251953125
2023-07-11,5273.64013671875,8066.67822265625,4469.33984375,11037.4033203125,1943.1947021484375,6194.06298828125,3476.96630859375,19183.173828125
2023-07-12,5254.251953125,8200.75,4490.52099609375,11157.115234375,1914.4775390625,6146.77978515625,3476.96630859375,18810.873046875
2023-07-13,5273.64013671875,8156.06005859375,4532.88525390625,11205.0,1933.6221923828125,6359.55322265625,3424.550048828125,18928.443359375
2023-07-14,5234.86328125,8223.0966796875,4575.248046875,11276.8271484375,1981.4842529296875,6501.40185546875,3433.285888671875,18928.443359375
2023-07-17,5176.69873046875,8200.75,4554.06640625,11157.115234375,1933.6221923828125,6406.8359375,3415.813720703125,18987.228515625
2023-07-18,5099.1455078125,8178.40576171875,4532.88525390625,11252.8837890625,1914.4775390625,6406.8359375,3363.397216796875,19006.8203125
2023-07-20,5060.3681640625,8178.40576171875,4681.15673828125,10989.51953125,1866.6156005859375,6335.912109375,3363.397216796875,19104.796875
2023-07-21,5002.20263671875,8178.40576171875,4702.3388671875,11013.4609375,1885.7603759765625,6572.326171875,3372.13330078125,19202.767578125
2023-07-24,5079.75732421875,8133.71533203125,4659.97509765625,11037.4033203125,1885.7603759765625,6572.326171875,3407.07763671875,19908.17578125
2023-07-25,5040.97998046875,8178.40576171875,4702.3388671875,10750.0966796875,1880.97412109375,6619.609375,3389.60546875,19908.17578125
2023-07-26,5118.53369140625,8357.16796875,4723.52001953125,10702.2109375,1852.2569580078125,6454.119140625,3389.60546875,20691.962890625
2023-07-27,5060.3681640625,8245.44140625,4765.88330078125,10702.2109375,1823.539794921875,6312.2705078125,3249.827880859375,20672.369140625
2023-07-28,5137.921875,8156.06005859375,4829.4287109375,10726.1533203125,1828.3260498046875,6383.19482421875,3249.827880859375,20887.908203125
2023-07-31,5312.4169921875,8156.06005859375,4850.6103515625,10726.1533203125,1833.1121826171875,6595.9677734375,3249.827880859375,21573.724609375
2023-08-01,5331.80615234375,8156.06005859375,4787.0654296875,10606.4423828125,1727.8160400390625,6359.55322265625,3276.0361328125,21573.724609375
2023-08-02,5312.4169921875,8223.0966796875,4829.4287109375,10702.2109375,1718.2435302734375,6454.119140625,3223.61962890625,20946.6953125
2023-08-03,5293.02880859375,8267.787109375,4914.1552734375,10726.1533203125,1804.39501953125,6832.38232421875,3249.827880859375,21279.802734375
2023-08-04,5273.64013671875,8178.40576171875,4892.9736328125,10774.0380859375,1794.8226318359375,6690.53369140625,3223.61962890625,21416.966796875
2023-08-07,5331.80615234375,8290.130859375,4977.70068359375,10654.3271484375,1770.8917236328125,6572.326171875,3214.883544921875,21495.345703125
2023-08-08,5312.4169921875,8223.0966796875,4998.88232421875,10678.26953125,1775.6778564453125,6477.76025390625,3258.56396484375,21573.724609375
2023-08-09,5331.80615234375,8401.859375,4998.88232421875,10630.3837890625,1794.8226318359375,6312.2705078125,3293.50830078125,21750.07421875
2023-08-10,5234.86328125,8401.859375,5062.42724609375,10965.5771484375,1766.10546875,6288.62890625,3319.716552734375,21632.505859375
2023-08-11,5234.86328125,8401.859375,5020.06396484375,10989.51953125,1770.8917236328125,6359.55322265625,3328.452880859375,21240.61328125
2023-08-14,5273.64013671875,8357.16796875,5041.24560546875,10917.6923828125,1770.8917236328125,6477.76025390625,3345.925048828125,21514.9375
2023-08-15,5215.474609375,8312.4765625,4914.1552734375,10989.51953125,1770.8917236328125,6477.76025390625,3337.188720703125,21456.15625
2023-08-16,5234.86328125,8312.4765625,4914.1552734375,11181.0576171875,1790.036376953125,6548.6845703125,3345.925048828125,21554.126953125
2023-08-18,5060.3681640625,8267.787109375,4892.9736328125,11205.0,1766.10546875,6359.55322265625,3284.7724609375,21005.48046875
2023-08-21,5021.59130859375,8200.75,4935.3369140625,11181.0576171875,1766.10546875,6335.912109375,3267.30029296875,21221.017578125
2023-08-22,5079.75732421875,8312.4765625,5041.24560546875,11037.4033203125,1775.6778564453125,6383.19482421875,3276.0361328125,21632.505859375
2023-08-23,5079.75732421875,8312.4765625,4956.51904296875,11013.4609375,1732.60205078125,6359.55322265625,3267.30029296875,21848.048828125
2023-08-24,5021.59130859375,8223.0966796875,5041.24560546875,10869.8076171875,1732.60205078125,6501.40185546875,3249.827880859375,20927.099609375
2023-08-25,5002.20263671875,8290.130859375,4998.88232421875,10941.6337890625,1732.60205078125,6501.40185546875,3249.827880859375,20417.638671875
2023-08-28,4982.81494140625,8223.0966796875,5083.60888671875,10821.9228515625,1727.8160400390625,6477.76025390625,3232.355712890625,20691.962890625
2023-08-29,4963.42578125,8267.787109375,5041.24560546875,10893.75,1780.464111328125,6501.40185546875,3249.827880859375,20652.7734375
2023-08-30,5002.20263671875,8223.0966796875,5062.42724609375,10774.0380859375,1766.10546875,6501.40185546875,3328.452880859375,20496.015625
2023-08-31,5002.20263671875,8200.75,5104.79052734375,10726.1533203125,1737.3883056640625,6430.4775390625,3258.56396484375,20378.447265625
2023-09-01,5079.75732421875,8245.44140625,5147.154296875,10726.1533203125,1699.098876953125,6430.4775390625,3249.827880859375,20652.7734375
2023-09-04,5118.53369140625,8245.44140625,5168.3359375,10726.1533203125,1708.671142578125,6406.8359375,3258.56396484375,21025.072265625
2023-09-05,5118.53369140625,8245.44140625,5168.3359375,10702.2109375,1694.3126220703125,6595.9677734375,3267.30029296875,21318.990234375
2023-09-06,5060.3681640625,8178.40576171875,5125.97265625,10582.5,1665.595458984375,6501.40185546875,3310.980712890625,21475.748046875
2023-09-07,4963.42578125,8200.75,4977.70068359375,10726.1533203125,1632.092041015625,6501.40185546875,3284.7724609375,21279.802734375
2023-09-08,4963.42578125,8156.06005859375,4998.88232421875,10654.3271484375,1646.45068359375,6548.6845703125,3223.61962890625,21397.37109375
2023-09-11,4944.0380859375,8156.06005859375,5020.06396484375,10702.2109375,1780.464111328125,6714.17529296875,3232.355712890625,21083.857421875
2023-09-12,4885.873046875,8133.71533203125,4977.70068359375,10726.1533203125,1742.174560546875,6643.2509765625,3241.091796875,21221.017578125
2023-09-13,4885.873046875,8111.369140625,4956.51904296875,10726.1533203125,1708.671142578125,6595.9677734375,3241.091796875,21299.396484375
2023-09-14,4905.26123046875,8133.71533203125,4935.3369140625,10534.615234375,1708.671142578125,6619.609375,3214.883544921875,21475.748046875
2023-09-15,4885.873046875,8044.33349609375,5020.06396484375,10510.6728515625,1689.5263671875,6619.609375,3249.827880859375,22279.130859375
2023-09-18,4885.873046875,8044.33349609375,4998.88232421875,10390.9609375,1737.3883056640625,6501.40185546875,3214.883544921875,22024.400390625
2023-09-19,4924.6494140625,8111.369140625,5083.60888671875,10367.01953125,1713.4573974609375,6477.76025390625,3258.56396484375,22200.751953125
2023-09-20,4885.873046875,8178.40576171875,5147.154296875,10390.9609375,1675.1678466796875,6501.40185546875,3328.452880859375,22337.916015625
2023-09-21,4808.3193359375,8156.06005859375,5083.60888671875,10726.1533203125,1737.3883056640625,6525.04345703125,3328.452880859375,22200.751953125
2023-09-22,4808.3193359375,8111.369140625,5083.60888671875,10869.8076171875,1703.885009765625,6477.76025390625,3372.13330078125,22220.34765625
2023-09-25,4847.0966796875,8044.33349609375,5083.60888671875,10774.0380859375,1699.098876953125,6288.62890625,3293.50830078125,22141.970703125
2023-09-26,4808.3193359375,7999.642578125,5020.06396484375,10702.2109375,1727.8160400390625,6194.06298828125,3284.7724609375,21750.07421875
2023-09-27,4769.54248046875,7932.60693359375,5083.60888671875,10534.615234375,1679.9539794921875,6194.06298828125,3249.827880859375,22181.15625
2023-09-29,4827.7080078125,7887.91455078125,5104.79052734375,10606.4423828125,1679.9539794921875,6075.85595703125,3276.0361328125,22141.970703125
2023-10-02,4866.484375,8111.369140625,5125.97265625,10630.3837890625,1708.671142578125,6123.138671875,3276.0361328125,21887.23828125
2023-10-03,4808.3193359375,8223.0966796875,5147.154296875,10486.73046875,1718.2435302734375,6052.21435546875,3293.50830078125,21162.236328125
2023-10-04,4711.376953125,8223.0966796875,5189.517578125,10726.1533203125,1689.5263671875,5957.64794921875,3302.244384765625,20829.125
2023-10-05,4672.6005859375,8111.369140625,5189.517578125,11133.1728515625,1756.533203125,5910.365234375,3249.827880859375,20496.015625
2023-10-06,4711.376953125,8066.67822265625,5104.79052734375,11013.4609375,1756.533203125,6004.931640625,3302.244384765625,20691.962890625
2023-10-09,4750.15380859375,8089.02294921875,4998.88232421875,10630.3837890625,1703.885009765625,6241.345703125,3284.7724609375,20927.099609375
2023-10-10,4691.9892578125,7977.29736328125,5083.60888671875,10390.9609375,1679.9539794921875,6217.7041015625,3328.452880859375,21064.263671875
2023-10-11,4691.9892578125,7977.29736328125,5125.97265625,10247.3076171875,1675.1678466796875,6170.42138671875,3302.244384765625,21145.54296875
2023-10-12,4690.412109375,8089.02294921875,5147.154296875,10510.6728515625,1665.595458984375,6194.06298828125,3345.925048828125,20823.6328125
2023-10-13,4710.1201171875,8111.369140625,5147.154296875,10414.9033203125,1675.1678466796875,6217.7041015625,3363.397216796875,20984.58984375
2023-10-16,4611.58203125,8133.71533203125,5104.79052734375,10438.8466796875,1684.7401123046875,6099.4970703125,3284.7724609375,21286.37890625
2023-10-17,4611.58203125,7999.642578125,5083.60888671875,10438.8466796875,1746.960693359375,6217.7041015625,3310.980712890625,21226.0234375
2023-10-18,4591.8740234375,7910.2607421875,4956.51904296875,10175.48046875,1727.8160400390625,6052.21435546875,3276.0361328125,21165.6640625
2023-10-19,4513.0439453125,7820.87890625,4850.6103515625,9983.9423828125,1723.02978515625,6123.138671875,3258.56396484375,20944.349609375
2023-10-20,4493.33642578125,8021.9873046875,4871.7919921875,10151.5380859375,1694.3126220703125,6052.21435546875,3232.355712890625,20783.39453125
2023-10-23,4414.505859375,7910.2607421875,4808.2470703125,10055.76953125,1694.3126220703125,5934.0068359375,3153.73095703125,20119.453125
2023-10-24,4572.1669921875,7843.224609375,4871.7919921875,10343.0771484375,1746.960693359375,5981.2900390625,3188.67529296875,20320.6484375
2023-10-25,4552.45947265625,7932.60693359375,4956.51904296875,10007.8837890625,1684.7401123046875,6052.21435546875,3144.994873046875,21185.783203125
2023-10-26,4513.0439453125,7798.5341796875,4829.4287109375,9840.2880859375,1675.1678466796875,5910.365234375,3040.16162109375,21065.06640625
2023-10-27,4513.0439453125,7776.18798828125,4829.4287109375,10079.7109375,1679.9539794921875,5839.44091796875,3057.6337890625,20541.9609375
2023-10-30,4572.1669921875,7910.2607421875,4850.6103515625,10079.7109375,1632.092041015625,5768.5166015625,2987.7451171875,19636.583984375
2023-10-31,4552.45947265625,7820.87890625,4808.2470703125,9912.115234375,1617.7335205078125,5768.5166015625,3048.897705078125,20220.048828125
2023-11-01,4572.1669921875,7686.80712890625,4787.0654296875,9936.0576171875,1536.3682861328125,5721.23388671875,3162.466796875,19395.150390625
2023-11-02,4572.1669921875,7910.2607421875,4998.88232421875,9912.115234375,1526.7957763671875,5910.365234375,3162.466796875,19093.361328125
2023-11-03,4650.99658203125,7954.951171875,4935.3369140625,10007.8837890625,1522.0096435546875,5863.08251953125,3118.786376953125,19133.599609375
2023-11-06,4670.70458984375,8089.02294921875,5020.06396484375,10031.8271484375,1545.9405517578125,6123.138671875,3188.67529296875,19113.478515625
2023-11-07,4591.8740234375,8021.9873046875,4977.70068359375,10031.8271484375,1536.3682861328125,6099.4970703125,3118.786376953125,18811.6875
2023-11-08,4513.0439453125,8044.33349609375,4956.51904296875,10031.8271484375,1545.9405517578125,6004.931640625,3075.10595703125,18348.94140625
2023-11-09,4532.7509765625,8044.33349609375,4977.70068359375,10007.8837890625,1550.726806640625,6028.57275390625,3083.842041015625,18409.298828125
2023-11-10,4552.45947265625,7887.91455078125,4892.9736328125,10127.5966796875,1522.0096435546875,5934.0068359375,3101.314208984375,18590.373046875
2023-11-13,4453.92041015625,7932.60693359375,4935.3369140625,9936.0576171875,1531.58203125,6004.931640625,3075.10595703125,18711.087890625
2023-11-14,4473.62841796875,7977.29736328125,4935.3369140625,10007.8837890625,1536.3682861328125,5886.7236328125,3057.6337890625,18711.087890625
2023-11-15,4532.7509765625,8089.02294921875,5020.06396484375,10127.5966796875,1541.154296875,5934.0068359375,3101.314208984375,18831.806640625
2023-11-16,4591.8740234375,8111.369140625,5020.06396484375,10127.5966796875,1545.9405517578125,5934.0068359375,3092.578125,18872.046875
2023-11-17,4493.33642578125,8111.369140625,4998.88232421875,10031.8271484375,1550.726806640625,6264.9873046875,3101.314208984375,18409.298828125
2023-11-20,4572.1669921875,7932.60693359375,4977.70068359375,10079.7109375,1555.512939453125,6335.912109375,3136.258544921875,18469.65625
2023-11-21,4552.45947265625,7843.224609375,4977.70068359375,10055.76953125,1536.3682861328125,6264.9873046875,3162.466796875,18328.822265625
2023-11-22,4473.62841796875,7932.60693359375,4977.70068359375,10055.76953125,1574.65771484375,6099.4970703125,3153.73095703125,17966.671875
2023-11-23,4493.33642578125,7977.29736328125,4998.88232421875,10103.6533203125,1569.8714599609375,6099.4970703125,3144.994873046875,18127.626953125
2023-11-24,4513.0439453125,7977.29736328125,4977.70068359375,9983.9423828125,1526.7957763671875,6075.85595703125,3162.466796875,18208.103515625
2023-11-27,4434.21337890625,7932.60693359375,4998.88232421875,10199.4228515625,1555.512939453125,6146.77978515625,3214.883544921875,18067.265625
2023-11-28,4375.09033203125,7932.60693359375,4998.88232421875,10199.4228515625,1536.3682861328125,6052.21435546875,3293.50830078125,18107.5078125
2023-11-29,4355.3828125,7954.951171875,4956.51904296875,10055.76953125,1536.3682861328125,6052.21435546875,3249.827880859375,18067.265625
2023-11-30,4256.8447265625,8021.9873046875,4956.51904296875,11061.3466796875,1545.9405517578125,6146.77978515625,3284.7724609375,17624.638671875
2023-12-01,4532.7509765625,7999.642578125,4998.88232421875,10079.7109375,1593.802490234375,6194.06298828125,3345.925048828125,17825.833984375
2023-12-04,4532.7509765625,8015.35888671875,5083.60888671875,10055.76953125,1569.8714599609375,6099.4970703125,3328.452880859375,18047.1484375
2023-12-05,4513.0439453125,7992.90625,5062.42724609375,10223.365234375,1589.016357421875,6028.57275390625,3363.397216796875,17745.357421875
2023-12-06,4513.0439453125,7903.099609375,4914.1552734375,10199.4228515625,1627.3057861328125,6075.85595703125,3424.550048828125,17403.326171875
2023-12-07,4473.62841796875,7925.5498046875,4871.7919921875,10199.4228515625,1598.588623046875,5957.64794921875,3415.813720703125,17463.68359375
2023-12-08,4473.62841796875,7858.1943359375,4829.4287109375,10510.6728515625,1574.65771484375,5957.64794921875,3442.022216796875,17946.548828125
2023-12-11,4414.505859375,7858.1943359375,4892.9736328125,10079.7109375,1560.2991943359375,5792.158203125,3476.96630859375,17564.283203125
2023-12-12,4394.7978515625,7813.2900390625,4914.1552734375,10175.48046875,1541.154296875,5839.44091796875,3415.813720703125,17584.40234375
2023-12-13,4355.3828125,7790.83837890625,4850.6103515625,10103.6533203125,1541.154296875,5886.7236328125,3424.550048828125,16839.98046875
2023-12-14,4434.21337890625,8127.61767578125,5041.24560546875,10127.5966796875,1531.58203125,5839.44091796875,3442.022216796875,17262.490234375
2023-12-15,4453.92041015625,8284.7822265625,4998.88232421875,9983.9423828125,1531.58203125,5863.08251953125,3476.96630859375,17121.654296875
2023-12-18,4414.505859375,8262.3310546875,5020.06396484375,10151.5380859375,1545.9405517578125,5792.158203125,3468.23046875,17544.162109375
2023-12-19,4434.21337890625,8307.234375,5062.42724609375,10127.5966796875,1589.016357421875,5839.44091796875,3468.23046875,17564.283203125
2023-12-20,4434.21337890625,8352.1376953125,5020.06396484375,10127.5966796875,1545.9405517578125,5886.7236328125,3459.494140625,17544.162109375
2023-12-21,4375.09033203125,8374.58984375,5062.42724609375,10103.6533203125,1531.58203125,5815.79931640625,3450.758056640625,17705.1171875
2023-12-22,4375.09033203125,8374.58984375,5062.42724609375,10079.7109375,1517.223388671875,5934.0068359375,3459.494140625,17725.236328125
2023-12-27,4375.09033203125,8419.4931640625,5083.60888671875,10127.5966796875,1550.726806640625,5934.0068359375,3442.022216796875,18047.1484375
2023-12-28,4414.505859375,8441.9462890625,5189.517578125,10199.4228515625,1550.726806640625,5934.0068359375,3459.494140625,18268.4609375
2023-12-29,4453.92041015625,8441.9462890625,5125.97265625,10127.5966796875,1541.154296875,6052.21435546875,3450.758056640625,18208.103515625
