Depth,Iteration,Energy,Entropy,Grad_Var,Penalty_Scale
1,10,0.5788276260429154,9.081783270224577e-05,3.883285176327964e-05,0.6394449154672439
1,20,0.6473356974916805,0.00011113833770267671,3.260945841790329e-05,0.7079568706958772
1,30,0.7158434435710948,0.0001542827527342102,2.355903326671125e-05,0.7764688259245105
1,40,0.7843505021018803,0.00016310762896785302,2.8537422532667412e-05,0.8449807811531438
1,50,0.8528554147693773,0.00016675849449953974,3.895865431132147e-05,0.913492736381777
1,60,0.9213542160034994,0.00020210673700395035,6.359901041562387e-05,0.9820046916104104
1,70,0.9898536491107,0.00023548233222749174,6.009742908993038e-05,1.0505166468390437
1,80,1.0583422181421034,0.00032236325065253827,0.00014865242037394557,1.1190286020676767
1,90,1.1268477899131002,0.00034176021061712496,5.5293284723550605e-05,1.1875405572963103
1,100,1.1953317122915992,0.00043010972227827557,0.00018362846156365467,1.2560525125249433
1,110,1.2637943319521623,0.0005603218656287005,0.00030401114440157726,1.3245644677535766
1,120,1.3322216462060887,0.000764927107074663,0.0004939446621988603,1.39307642298221
1,130,1.4006611623562037,0.0010300423131435088,0.00039145287779114265,1.4615883782108432
1,140,1.4690069377525528,0.0013761085845422616,0.0007674845635467201,1.5301003334394765
1,150,1.5374574165966244,0.0013430079808605623,0.0002640523843848508,1.5986122886681098
1,160,1.6058438082756266,0.0014750656229999685,0.0005914842603484562,1.667124243896743
1,170,1.6741184131297824,0.0019400708233877125,0.0013207517638101807,1.7356361991253766
1,180,1.74243771062151,0.0023119012604291863,0.0010114523456756404,1.8041481543540097
1,190,1.8106745650652492,0.0023749490666364493,0.001653534042972317,1.8726601095826427
1,200,1.8788499176336018,0.0028206735104170317,0.0019711893426307093,1.9411720648112765
1,210,1.9466681680326718,0.003598568465199373,0.004278345241876097,2.0096840200399093
1,220,2.014470600127355,0.004636423565443528,0.004463772826705485,2.078195975268543
1,230,2.0818492290487147,0.006154340494355061,0.007760712171479177,2.1467079304971763
1,240,2.148945934842106,0.006525541793826272,0.0095443224582622,2.2152198857258094
1,250,2.215454744319654,0.00873801396374284,0.013706348653148018,2.283731840954442
1,260,2.282704805476262,0.010821027420394381,0.008167400140636931,2.352243796183076
1,270,2.347269317225195,0.01323066669624869,0.0289400406054205,2.420755751411709
1,280,2.4111677814913577,0.013285123276450615,0.03495374722634802,2.4892677066403426
1,290,2.4738763108337625,0.015825539797044298,0.043743874187209895,2.5577796618689757
1,300,2.5337989893743136,0.020439247528321016,0.0675318487442754,2.6262916170976087
1,310,2.5964655113151442,0.02319882139635191,0.04043980278586522,2.6948035723262427
1,320,2.6499314782058963,0.0301893658720984,0.12203413755360144,2.7633155275548758
1,330,2.7045674060282763,0.028983139033540786,0.1082389765567456,2.831827482783509
1,340,2.7510435504581023,0.04110092117446853,0.1845622081978812,2.9003394380121423
1,350,2.781709578045981,0.04780182333035018,0.33122297851237037,2.9688513932407754
1,360,2.8253029773715705,0.05930716199579242,0.19907511602232147,3.0373633484694085
1,370,2.8178554015076855,0.0760120410323616,0.6392993921312056,3.1058753036980415
1,380,2.811524795002135,0.09082360604667025,0.5575857047230329,3.174387258926675
1,390,2.793993578083338,0.12791138562763527,0.5507923321299483,3.242899214155308
1,400,2.778593345864618,0.1379969941143251,0.5527204070135558,3.311411169383942
1,410,2.750931715876948,0.1266749362459048,0.6213083354720973,3.379923124612575
1,420,2.7026647309526965,0.1325754614100814,0.6541129450885579,3.4484350798412082
1,430,2.6706704019486147,0.12440408890447888,0.6907110089102869,3.5169470350698417
1,440,2.672080107217381,0.12780999027271164,0.35712273848806453,3.585458990298475
1,450,2.6167412417077034,0.14719111726587097,0.7326618579452515,3.6539709455271088
1,460,2.552174535473253,0.14653486043590033,0.8392209523363722,3.7224829007557414
1,470,2.4636761045796707,0.1806138811912197,0.8660974777442363,3.7909948559843754
1,480,2.3876177576084108,0.20865846296868998,0.805162367821651,3.8595068112130075
1,490,2.3349015437567924,0.21163685503685153,0.7672882383812523,3.9280187664416406
1,500,2.236432791778486,0.22203970705727488,0.9831477197260092,3.9965307216702746
1,510,2.1392453907569626,0.2554563056147046,0.8692580593914696,4.065042676898908
1,520,2.0598232647025214,0.26047783767798843,0.7361347821341079,4.133554632127541
1,530,1.9611264012457101,0.29660404492981934,0.9477255508921927,4.202066587356175
1,540,1.8963533559815047,0.3009434205283926,0.6784688192276671,4.270578542584808
1,550,1.7981095714495123,0.3031694810187888,0.81692043803448,4.339090497813441
1,560,1.7203168652209138,0.32218988386281144,0.7856449851585336,4.407602453042074
1,570,1.6744715786217537,0.32204080920815137,0.5938069053293719,4.476114408270707
1,580,1.6015489029201446,0.3257528733674723,0.8394921848727164,4.544626363499341
1,590,1.4895654374267415,0.350721501306082,0.8337837980150488,4.613138318727974
1,600,1.3814009780001264,0.3660888537123746,0.8467217705316352,4.681650273956607
1,610,1.3118601668063337,0.3880472764065824,0.7105054404792728,4.750162229185241
1,620,1.195577708304733,0.4162053660874331,0.7927185854447316,4.818674184413874
1,630,1.1249376386506558,0.4456104188214645,0.7222045120060704,4.887186139642507
1,640,1.0458854562229767,0.4490750777052932,0.7919920767824575,4.95569809487114
1,650,0.9412833292909422,0.4503368745553417,0.723003962905413,5.024210050099773
1,660,0.8768384518760732,0.4303210016276692,0.7017234005983239,5.092722005328407
1,670,0.749326872503199,0.4365184042092085,0.87034741355123,5.16123396055704
1,680,0.6826422126733762,0.46832961480455126,0.6198923444622794,5.229745915785674
1,690,0.5833911757121146,0.4801610017605965,0.7738489230235748,5.298257871014307
1,700,0.5420989942421068,0.4791429844422769,0.6110097617274548,5.36676982624294
1,710,0.46800114370293455,0.47298399660829527,0.693067859605733,5.4352817814715735
1,720,0.3881615293753401,0.4904120104340551,0.72327955212666,5.5037937367002066
1,730,0.3383141596284397,0.5061628111274017,0.5978291663460481,5.57230569192884
1,740,0.2619415407597213,0.5038038918184606,0.7511932340328771,5.640817647157473
1,750,0.2170258911561917,0.5409920310333889,0.48161533983581173,5.709329602386106
1,760,0.18487476201076752,0.5395966678656805,0.4715040285507458,5.77784155761474
1,770,0.13621171597962,0.5506514115771102,0.4920482817254593,5.846353512843373
1,780,0.1151798414411791,0.5692898295177582,0.37647525190410863,5.914865468072006
1,790,0.09667211221064814,0.5840229012956983,0.33818220425662066,5.98337742330064
1,800,0.07805433804599836,0.5882125506023942,0.3341038623494619,6.051889378529273
1,810,0.057699197919051363,0.594009855612854,0.38557628458799176,6.120401333757906
1,820,0.049131477967066316,0.602812154356392,0.1723954492481799,6.188913288986539
1,830,0.03563392200891255,0.6181417001410474,0.25420863512009395,6.257425244215172
1,840,0.014027911252657167,0.6450305048246718,0.4083664834457942,6.325937199443806
1,850,0.009330916574009886,0.6482454992785261,0.09854024443279294,6.394449154672439
1,860,-0.002718292930446474,0.6625608938963745,0.21462829299627736,6.394449154672439
1,870,-0.01008257633895086,0.6688071710685556,0.13894432917820415,6.394449154672439
1,880,-0.01652910774886987,0.668837599011836,0.11638386883433857,6.394449154672439
1,890,-0.023713981366830693,0.6811708779154142,0.14155890073901084,6.394449154672439
1,900,-0.0273399954613828,0.6804485161422004,0.06949781867541488,6.394449154672439
1,910,-0.032103300914896535,0.6815857816100415,0.08744523557508435,6.394449154672439
1,920,-0.03445854252851516,0.6774684587258363,0.04419301606141897,6.394449154672439
1,930,-0.03664440653035357,0.6822117982297984,0.041752042332076286,6.394449154672439
1,940,-0.03817734379523954,0.6829921021933609,0.028765653520858425,6.394449154672439
1,950,-0.03941943352400215,0.6833944187957559,0.02508486048670896,6.394449154672439
1,960,-0.041620560520415316,0.6885312041400398,0.04571834832875339,6.394449154672439
1,970,-0.04341347237627047,0.6906246376963302,0.03570118642943196,6.394449154672439
1,980,-0.04526681527628426,0.6851683361324824,0.034456645464378176,6.394449154672439
1,990,-0.04642095557976118,0.6830237806998503,0.022434917083391116,6.394449154672439
1,1000,-0.0475300720718676,0.6848202440274617,0.019943483327893665,6.394449154672439
1,1010,-0.04825420619678426,0.682071323225348,0.01475282927666503,6.394449154672439
1,1020,-0.04891661583589792,0.6828658163331132,0.012924828734244822,6.394449154672439
1,1030,-0.049801755250993215,0.6841914686006545,0.01774344578258783,6.394449154672439
1,1040,-0.05087938284000265,0.6850536682416294,0.02229403632756259,6.394449154672439
1,1050,-0.051951850372295084,0.6848973582283768,0.020484532634156755,6.394449154672439
1,1060,-0.05249975306718801,0.6837096716292173,0.011087720346501325,6.394449154672439
1,1070,-0.053492674167875,0.6890402010705201,0.021711034143325796,6.394449154672439
1,1080,-0.05425937203380785,0.689890770728395,0.0142474637072241,6.394449154672439
1,1090,-0.05469117937076039,0.689549966904895,0.0103266038573601,6.394449154672439
1,1100,-0.05517481864994298,0.6919901235355289,0.011402443085516993,6.394449154672439
1,1110,-0.055445910320863726,0.6929832537999653,0.005244575139916522,6.394449154672439
1,1120,-0.05567701810874563,0.6941051947863341,0.005518856171771865,6.394449154672439
1,1130,-0.055878690926996884,0.6946714707601246,0.004279872047184109,6.394449154672439
1,1140,-0.05618662697614493,0.6966050626883682,0.005875987294663765,6.394449154672439
1,1150,-0.056543809833567826,0.6969770278516201,0.008066538610175531,6.394449154672439
1,1160,-0.056644071879908914,0.6974533731044044,0.0019611465429526347,6.394449154672439
1,1170,-0.05679050713972421,0.6963386115789524,0.003465083770188518,6.394449154672439
1,1180,-0.05726129918128605,0.6988366030106765,0.009697248007210384,6.394449154672439
1,1190,-0.05746822543578943,0.6980056450611177,0.00484330890180303,6.394449154672439
1,1200,-0.05768209579936271,0.6957400384189042,0.0053067777244451934,6.394449154672439
2,10,0.9384914254250876,0.5602724611971976,0.33064661108664284,0.6394449154672439
2,20,0.9460120203843646,0.43419256497822634,0.35549414233455945,0.7079568706958772
2,30,0.9868952001629702,0.37031422158300165,0.19868554688504267,0.7764688259245105
2,40,0.9444319538745163,0.23407115921426558,0.618108766115763,0.8449807811531438
2,50,0.9710208092240686,0.21142139571526933,0.26501340942689156,0.913492736381777
2,60,0.9800076279256592,0.19724017739406524,0.3734985365893749,0.9820046916104104
2,70,1.0032994604487728,0.1336214015514433,0.2730345489256427,1.0505166468390437
2,80,1.0397924215200858,0.11726058574075679,0.18398003318215414,1.1190286020676767
2,90,1.0803799474215559,0.10897099239721836,0.15747103914205982,1.1875405572963103
2,100,1.1122650123545623,0.11433517427977984,0.22069667932333553,1.2560525125249433
2,110,1.152431602031542,0.1209947144743389,0.1550663600770133,1.3245644677535766
2,120,1.1663309033554858,0.13469769386789926,0.35056026182937183,1.39307642298221
2,130,1.1883538783670076,0.1667195359068614,0.3060006540622465,1.4615883782108432
2,140,1.2006991138348724,0.17583602089134065,0.3953598071539282,1.5301003334394765
2,150,1.223219655187535,0.17087445808750115,0.284234178567367,1.5986122886681098
2,160,1.2652077214088175,0.17604731780840677,0.09040457299185435,1.667124243896743
2,170,1.280231817721204,0.1713425311192543,0.3814376712640132,1.7356361991253766
2,180,1.3143479224233905,0.1876316198787665,0.16256924868092176,1.8041481543540097
2,190,1.3177293689562264,0.15860697681543218,0.4277883396826936,1.8726601095826427
2,200,1.3162555544206096,0.1335556695930628,0.4676714568690728,1.9411720648112765
2,210,1.3152570936493535,0.1489157303747893,0.5142458555904923,2.0096840200399093
2,220,1.327699919662426,0.14403705009542106,0.2884572537590798,2.078195975268543
2,230,1.3393795441295575,0.16696872234994797,0.38906404603578315,2.1467079304971763
2,240,1.334389098948651,0.17567162618200677,0.4802477700447646,2.2152198857258094
2,250,1.3398934113962684,0.1848737947939752,0.4108475557938567,2.283731840954442
2,260,1.3515873824310531,0.15587728730282857,0.3498772562895123,2.352243796183076
2,270,1.3549954167363456,0.12863841710129126,0.4524275807231901,2.420755751411709
2,280,1.367030477285893,0.13280892182414983,0.3678886301372076,2.4892677066403426
2,290,1.3724897695864882,0.11986670482144371,0.44331613464599295,2.5577796618689757
2,300,1.3874122381207534,0.12722750583245643,0.29111049309763454,2.6262916170976087
2,310,1.385013511741948,0.11311782027003534,0.46398595738769427,2.6948035723262427
2,320,1.4079688291089145,0.12394956927152243,0.17092169758380746,2.7633155275548758
2,330,1.4159446342728612,0.16140823303144083,0.40327224164298964,2.831827482783509
2,340,1.425956628717631,0.14887656293118542,0.38460069250029977,2.9003394380121423
2,350,1.4356247577705799,0.1726351574077902,0.37242245915879024,2.9688513932407754
2,360,1.4509726675192827,0.17372383815040984,0.2766060079592653,3.0373633484694085
2,370,1.4689577553940498,0.15820634336336542,0.23609214081634983,3.1058753036980415
2,380,1.4845510480789708,0.16233700659344807,0.24477979111898981,3.174387258926675
2,390,1.4906139792644204,0.15994335619880343,0.39770871250927686,3.242899214155308
2,400,1.4965495998996234,0.16642513520678698,0.41656512533720547,3.311411169383942
2,410,1.493893021266209,0.1820407010783579,0.5329722042532885,3.379923124612575
2,420,1.5064700801168136,0.19108074568756783,0.2961785120323411,3.4484350798412082
2,430,1.4962889095120682,0.20686916887504944,0.5899482314211143,3.5169470350698417
2,440,1.5045178151094225,0.1902062033662028,0.3153472181001146,3.585458990298475
2,450,1.4891604816445254,0.1693633048711401,0.6632842075998101,3.6539709455271088
2,460,1.4847272517027696,0.16648046088363586,0.4748822418422586,3.7224829007557414
2,470,1.483823782139022,0.1613641300335842,0.4681453853190344,3.7909948559843754
2,480,1.4763192725579881,0.15820126220683067,0.4994116316941515,3.8595068112130075
2,490,1.47007218584802,0.15706763017705674,0.48232624927723455,3.9280187664416406
2,500,1.4812257187730373,0.1561534067422672,0.28001423077685816,3.9965307216702746
2,510,1.4819162299338124,0.14102779795990558,0.4549439314926085,4.065042676898908
2,520,1.4665150466727528,0.13975373429301388,0.6227400492204077,4.133554632127541
2,530,1.4673983434999258,0.14104908054715157,0.41529209739490475,4.202066587356175
2,540,1.4674089297039634,0.15244936772152695,0.438011104790446,4.270578542584808
2,550,1.4382736080729255,0.15100508248474187,0.7055877316208662,4.339090497813441
2,560,1.4211469732386697,0.13754176378200997,0.5663443780740262,4.407602453042074
2,570,1.4245142076448292,0.13689061333496683,0.2906313626623265,4.476114408270707
2,580,1.420388937963569,0.1443481948419043,0.5247795191801485,4.544626363499341
2,590,1.4217127905545515,0.14997509359384475,0.3774935494055091,4.613138318727974
2,600,1.4248560817445979,0.1478559400083948,0.2809649005562022,4.681650273956607
2,610,1.4028943461934436,0.135731602477328,0.6572834302143797,4.750162229185241
2,620,1.4096230833940222,0.13874583613089628,0.30547333907571245,4.818674184413874
2,630,1.3934417506321728,0.12775804112685712,0.6193526845078864,4.887186139642507
2,640,1.381018036765654,0.1227081220767851,0.5539094620737789,4.95569809487114
2,650,1.3644707538213754,0.12498891395624098,0.5998151476461708,5.024210050099773
2,660,1.3448578532345432,0.15083532185029,0.646943449539062,5.092722005328407
2,670,1.344243706760511,0.1520482258220728,0.37473907765194314,5.16123396055704
2,680,1.3343825218936052,0.15148695690776112,0.5060111378940862,5.229745915785674
2,690,1.331653173233315,0.15823876100919265,0.4278622540145748,5.298257871014307
2,700,1.3233132825271305,0.16852132622504984,0.43734531028899976,5.36676982624294
2,710,1.3000677552401776,0.1535893596543763,0.7043919957642594,5.4352817814715735
2,720,1.2865212080304362,0.1555745851169417,0.5221610696098502,5.5037937367002066
2,730,1.2793018806511385,0.15781653578510974,0.3932114337943633,5.57230569192884
2,740,1.251711017900126,0.15425588234867274,0.667597884099468,5.640817647157473
2,750,1.2447358822416514,0.15227501649938993,0.43293160424028193,5.709329602386106
2,760,1.2055162327130093,0.14156793323439243,0.6892875771413209,5.77784155761474
2,770,1.2071889131575158,0.14218712979164294,0.2855101914884926,5.846353512843373
2,780,1.1456078456769507,0.13289317199692713,0.8052787807752402,5.914865468072006
2,790,1.121974485215813,0.13424918260130458,0.6779724124130182,5.98337742330064
2,800,1.083316541818985,0.12229604420575071,0.7269039296695614,6.051889378529273
2,810,1.0442216507818058,0.13707664135270076,0.9252814567387375,6.120401333757906
2,820,0.9951281738568072,0.137680138502547,0.756685972955566,6.188913288986539
2,830,0.9509935093091854,0.13216660618438344,0.7348236775466372,6.257425244215172
2,840,0.9278241338047095,0.14579134755447376,0.5991185028813278,6.325937199443806
2,850,0.9098540014596008,0.14110245825536638,0.41331731023896123,6.394449154672439
2,860,0.875093348222254,0.12849542323479177,0.5317070916144998,6.394449154672439
2,870,0.8508656606969869,0.121516364570057,0.5414376108192125,6.394449154672439
2,880,0.7732407186141333,0.11411714034838394,0.8345632304848032,6.394449154672439
2,890,0.7387708863370531,0.10478064772705153,0.6908341936766714,6.394449154672439
2,900,0.6744617585901289,0.09471364359496537,0.7177781507113252,6.394449154672439
2,910,0.6212455833184889,0.09339910356644128,0.6922368389852653,6.394449154672439
2,920,0.5809058671956657,0.08629596653617602,0.623864400407142,6.394449154672439
2,930,0.5419038363261734,0.07403511700849533,0.6518109316135186,6.394449154672439
2,940,0.4798277303242249,0.07169762918270352,0.9227082153506572,6.394449154672439
2,950,0.4231508700622671,0.06748500344950686,0.8107748341997588,6.394449154672439
2,960,0.3881838111200753,0.06350137392278628,0.613395301278885,6.394449154672439
2,970,0.35469277759544593,0.05507899005792854,0.7752340834373983,6.394449154672439
2,980,0.311340582188687,0.052417246149235236,0.7887571564396458,6.394449154672439
2,990,0.278380027119863,0.047674928072032455,0.6223796149443611,6.394449154672439
2,1000,0.2305741658138479,0.031705478191994506,0.7926784883162113,6.394449154672439
2,1010,0.2152770824889765,0.030561379135034015,0.33454383492329487,6.394449154672439
2,1020,0.19316808510625663,0.02733841472897806,0.5228900258802472,6.394449154672439
2,1030,0.17754782514804207,0.027514201724850956,0.4877982453397468,6.394449154672439
2,1040,0.14432469505338139,0.02839151695782596,0.6416551393938881,6.394449154672439
2,1050,0.12499305150894408,0.02640283872275644,0.5139926389002222,6.394449154672439
2,1060,0.10347190444737009,0.02592667987533496,0.7287098189218149,6.394449154672439
2,1070,0.09010506909589613,0.024639233805154443,0.45868455033481836,6.394449154672439
2,1080,0.07946375944284412,0.02047812673466425,0.33479867825846277,6.394449154672439
2,1090,0.06283440075614707,0.017463348146305988,0.48551619450673755,6.394449154672439
2,1100,0.05321163249685671,0.015768565199755984,0.3381247762063099,6.394449154672439
2,1110,0.043958686543035204,0.014020006680735796,0.30382981210133475,6.394449154672439
2,1120,0.036863114737809205,0.01387345523021256,0.2691653160722901,6.394449154672439
2,1130,0.032854840816050446,0.012040669643413162,0.14467889869288217,6.394449154672439
2,1140,0.029017422037625064,0.014014456810289124,0.16642829951249616,6.394449154672439
2,1150,0.024808837846560437,0.011288252149612793,0.16095593742194372,6.394449154672439
2,1160,0.01676829526872024,0.005872989612751351,0.3036061370156098,6.394449154672439
2,1170,0.015394492981985176,0.004685557955079134,0.05151271547872911,6.394449154672439
2,1180,0.011483952743664691,0.003851670396186139,0.162823044141076,6.394449154672439
2,1190,0.008087711112429057,0.0040144339229721175,0.1461758700603864,6.394449154672439
2,1200,0.006369816186825637,0.0039013369217582626,0.07222379314577086,6.394449154672439
3,10,1.5521020923714133,0.9999938600488385,0.7778206260968964,0.6394449154672439
3,20,1.3404740894302092,0.9998485818802719,0.8058948764502617,0.7079568706958772
3,30,1.270032420580266,0.9999135097839549,0.5608491167766466,0.7764688259245105
3,40,1.2051837383278492,0.9996935373064502,0.6823228623827633,0.8449807811531438
3,50,1.1937244024762397,0.9999470128027643,0.5302202112775991,0.913492736381777
3,60,1.1820238085021475,0.9999094872596455,0.5311050724990938,0.9820046916104104
3,70,1.196106369765992,0.9999427586004377,0.3679311030022249,1.0505166468390437
3,80,1.2362257408057329,0.9999507882291863,0.25656008374429795,1.1190286020676767
3,90,1.2299798564946072,0.9999874392557112,0.5477869829557518,1.1875405572963103
3,100,1.2533747929372998,0.9999683845021132,0.38001518752254604,1.2560525125249433
3,110,1.2435051833542148,0.9998051478136023,0.6513673443756139,1.3245644677535766
3,120,1.2343566832877153,0.9997843930213601,0.6108032681629018,1.39307642298221
3,130,1.220285598675749,0.9996172902906335,0.6343792918613792,1.4615883782108432
3,140,1.247850858235085,0.9987616507219996,0.3314938286250209,1.5301003334394765
3,150,1.264516382859782,0.9989828648784256,0.43811006402759833,1.5986122886681098
3,160,1.2904361391285208,0.9992547397285148,0.32913423953263826,1.667124243896743
3,170,1.3059483866117494,0.999297400513526,0.41661371527191904,1.7356361991253766
3,180,1.3125973969756897,0.998336341550597,0.49474555761485384,1.8041481543540097
3,190,1.3290443658665436,0.9982200247133106,0.3881864797977577,1.8726601095826427
3,200,1.3299107466312348,0.9989540764468019,0.47117021759018785,1.9411720648112765
3,210,1.3302714543968837,0.9993870719859004,0.5298020922841745,2.0096840200399093
3,220,1.341991022426885,0.9998899762240865,0.3863911006808092,2.078195975268543
3,230,1.358659001876046,0.9999985287990899,0.3880580324398294,2.1467079304971763
3,240,1.3730821425372972,0.9999832394034482,0.4134357214328711,2.2152198857258094
3,250,1.382149113623726,0.9998425869009793,0.3503818368664895,2.283731840954442
3,260,1.3992586347546427,0.999480059272066,0.32029904802528486,2.352243796183076
3,270,1.4187514444298195,0.9994836454880587,0.35657639235196015,2.420755751411709
3,280,1.4417710551569234,0.9999959553191748,0.29544046276714575,2.4892677066403426
3,290,1.4661634602786866,0.9999997590215028,0.27262017598127464,2.5577796618689757
3,300,1.4809503899987646,0.9999200871961722,0.4343933899319749,2.6262916170976087
3,310,1.506316197648975,0.9999679640867158,0.2550489637639631,2.6948035723262427
3,320,1.5170223286573064,0.9999648963267331,0.4983884139595142,2.7633155275548758
3,330,1.5370562497377702,0.9997929681722603,0.30146186419030274,2.831827482783509
3,340,1.5587399736108603,0.9996443810201429,0.2941642415588942,2.9003394380121423
3,350,1.5876233994217737,0.9998298551941409,0.16112715641684966,2.9688513932407754
3,360,1.6180688851533687,0.9999095132088938,0.11749631077128257,3.0373633484694085
3,370,1.6453319820497783,0.9998032475431411,0.179877832812848,3.1058753036980415
3,380,1.6631744310242298,0.9992245210849922,0.36194340334688707,3.174387258926675
3,390,1.6924234681180645,0.9988221049242935,0.1355045514528736,3.242899214155308
3,400,1.7181800264609817,0.9991118330960325,0.21096539273205756,3.311411169383942
3,410,1.7448062699967202,0.9995181057398613,0.19423593557368762,3.379923124612575
3,420,1.7761597605420851,0.9997227622599179,0.08792378245931957,3.4484350798412082
3,430,1.8067595647668522,0.9997090520593718,0.09956272090427912,3.5169470350698417
3,440,1.838342566569872,0.9994474398632199,0.07406397176406218,3.585458990298475
3,450,1.868020695578406,0.9989578183626016,0.13106279119286934,3.6539709455271088
3,460,1.9017299177789297,0.9988048545837465,0.026253520109442773,3.7224829007557414
3,470,1.9332831608146401,0.9990077474297709,0.07883500929417545,3.7909948559843754
3,480,1.9645378041242958,0.9992989846085603,0.09102645140467451,3.8595068112130075
3,490,1.9960202129623374,0.9988436373423226,0.0785364046647821,3.9280187664416406
3,500,2.027908835829856,0.9988700410777545,0.06682748468828391,3.9965307216702746
3,510,2.0588401977353548,0.9991529601351519,0.09186433736809183,4.065042676898908
3,520,2.0917218876399644,0.9992071744981728,0.04628665515023335,4.133554632127541
3,530,2.1239126022088217,0.9993765885857828,0.05725556804194378,4.202066587356175
3,540,2.1569147118364036,0.9995546144055767,0.038490033544897884,4.270578542584808
3,550,2.1895418401986353,0.9996599240782755,0.04451618671898712,4.339090497813441
3,560,2.222380200145043,0.9997765512286048,0.04100169519978313,4.407602453042074
3,570,2.2551003929229583,0.9998758123343874,0.04660124768305852,4.476114408270707
3,580,2.287623965455988,0.9999111732644159,0.04886074627432672,4.544626363499341
3,590,2.321502551488188,0.9999096910072026,0.012870745656983712,4.613138318727974
3,600,2.355175083106851,0.9999095254196116,0.016784577879233934,4.681650273956607
3,610,2.3874672248721733,0.9998841096436597,0.05334144649612417,4.750162229185241
3,620,2.419941522053635,0.9997697640076498,0.05225378742155644,4.818674184413874
3,630,2.453782823637936,0.9997781318371506,0.011578023584149725,4.887186139642507
3,640,2.487469999498829,0.9997343654189693,0.015523149534931318,4.95569809487114
3,650,2.5194337327768235,0.9998918344985,0.07387861706980883,5.024210050099773
3,660,2.5526236696730296,0.9999111194063357,0.033737687974786885,5.092722005328407
3,670,2.586186271947688,0.9999120315585013,0.01751528585586514,5.16123396055704
3,680,2.6192980583091847,0.9999546506365155,0.03982587020366867,5.229745915785674
3,690,2.6521292960201235,0.9999575565329853,0.037817380145948785,5.298257871014307
3,700,2.685399831218179,0.9999211978055093,0.027003871707985204,5.36676982624294
3,710,2.718051147138512,0.9998798256871616,0.05313335204970434,5.4352817814715735
3,720,2.749917892596501,0.999982589262711,0.08201102309259357,5.5037937367002066
3,730,2.783094096947756,0.999999565644378,0.03187906023849198,5.57230569192884
3,740,2.816006426618948,0.9999987644852082,0.03980262840804159,5.640817647157473
3,750,2.8487776646527294,0.9999922259471945,0.03648948063225323,5.709329602386106
3,760,2.8813309556745237,0.9999820097272027,0.04342021975225889,5.77784155761474
3,770,2.911637802998078,0.999992301038913,0.1305921452606032,5.846353512843373
3,780,2.94291966683159,0.9999631515228093,0.08980220372651927,5.914865468072006
3,790,2.9759294769529943,0.9999306789922087,0.04627993998606929,5.98337742330064
3,800,3.0084643968000906,0.9999564507494656,0.04955933543134891,6.051889378529273
3,810,3.0392822903146284,0.9999434996267524,0.10095802397824258,6.120401333757906
3,820,3.0723607779559785,0.9999479954251234,0.03179864427242311,6.188913288986539
3,830,3.1030721414178375,0.9999508273568398,0.11371095702951066,6.257425244215172
3,840,3.134987198640916,0.9998869846559619,0.07746192773209132,6.325937199443806
3,850,3.165562258130949,0.9998771684840524,0.10679110964770988,6.394449154672439
3,860,3.162609076581015,0.9998334179459295,0.11463405208905533,6.394449154672439
3,870,3.1582257802136673,0.9997610209361454,0.16148648578872177,6.394449154672439
3,880,3.1535738388787684,0.9997430517392497,0.17664772832042278,6.394449154672439
3,890,3.151297546961775,0.9998602970094624,0.09336337875004982,6.394449154672439
3,900,3.1471332594128096,0.9999058848871002,0.15520268229610384,6.394449154672439
3,910,3.144875897509297,0.9998347838017919,0.10132161641559898,6.394449154672439
3,920,3.140764244379914,0.9998572352097219,0.1805150487757619,6.394449154672439
3,930,3.138444223538166,0.9998804069844494,0.09782408560870025,6.394449154672439
3,940,3.135936585770004,0.9999111884659784,0.09675779444858296,6.394449154672439
3,950,3.131653932115509,0.9997635906839757,0.15767880027587133,6.394449154672439
3,960,3.127987881442465,0.9997353846970334,0.1445521358755452,6.394449154672439
3,970,3.12193667638215,0.999885787116915,0.23699194294086157,6.394449154672439
3,980,3.112819957714553,0.9998746655781362,0.30300101313174654,6.394449154672439
3,990,3.106062880767701,0.9999101124953016,0.24221519218669454,6.394449154672439
3,1000,3.0966235941509797,0.9998403450121058,0.3480624320119947,6.394449154672439
3,1010,3.088557856052449,0.9997024779582151,0.2574331144413883,6.394449154672439
3,1020,3.0819142190238225,0.999638762472555,0.2646742959447693,6.394449154672439
3,1030,3.0691932716227948,0.9995547445605631,0.43038099010694797,6.394449154672439
3,1040,3.056918548321096,0.9997029799562077,0.40045434245667905,6.394449154672439
3,1050,3.0447880393010154,0.9997733349303016,0.39692211859102,6.394449154672439
3,1060,3.034102336224902,0.9999117135870803,0.3838022260226398,6.394449154672439
3,1070,3.031760486752596,0.999942134134729,0.0960142690300558,6.394449154672439
3,1080,3.022337496965653,0.999753469396292,0.32437842951323625,6.394449154672439
3,1090,3.0128935862385844,0.9998110046376545,0.35386988718536416,6.394449154672439
3,1100,3.0024574370047246,0.9998884833171172,0.38141798434080487,6.394449154672439
3,1110,2.9850854937407996,0.9998158965730841,0.6283583861127208,6.394449154672439
3,1120,2.9784409474441365,0.9999416672247543,0.2682137778372441,6.394449154672439
3,1130,2.9627174212450758,0.9999972270601782,0.4296200726495272,6.394449154672439
3,1140,2.9458087120638607,0.9999998556570864,0.5799875666679339,6.394449154672439
3,1150,2.933434573792482,0.9999555724684437,0.4762688633918183,6.394449154672439
3,1160,2.922215466176694,0.9999999100679535,0.3043615970449213,6.394449154672439
3,1170,2.9091300229943178,0.999978449991686,0.4177466720269714,6.394449154672439
3,1180,2.897682908272447,0.9999997717870115,0.4137718794109449,6.394449154672439
3,1190,2.8819198714701972,0.9999991932796134,0.5815611273868798,6.394449154672439
3,1200,2.867747366295906,0.9999801944141595,0.43181219108879,6.394449154672439
4,10,1.3975832940330128,0.4121926393415305,0.6107582293132956,0.6394449154672439
4,20,1.3914231238649921,0.519255143556047,0.5809480936286472,0.7079568706958772
4,30,1.3277584943401006,0.5686730624940954,0.6284745962938508,0.7764688259245105
4,40,1.2652278518882247,0.5657919470412073,0.7122568835229999,0.8449807811531438
4,50,1.2361610723395964,0.6046239886473499,0.743679560479913,0.913492736381777
4,60,1.2184812196676604,0.5790548566489366,0.6466134697486563,0.9820046916104104
4,70,1.1926002513656353,0.5401250781674041,0.7279603464663671,1.0505166468390437
4,80,1.1731453195430048,0.535436405683748,0.5495289531989556,1.1190286020676767
4,90,1.1633373360920078,0.589728677494027,0.6625194538212811,1.1875405572963103
4,100,1.1348196611429482,0.5633322291191016,0.8026802229574178,1.2560525125249433
4,110,1.1324841549376135,0.5932429340560962,0.5189437039733936,1.3245644677535766
4,120,1.1550598597967099,0.5993742717134981,0.36158207158905875,1.39307642298221
4,130,1.1410744738359777,0.591271358457161,0.6061839103488994,1.4615883782108432
4,140,1.1552200277891735,0.5971708554406084,0.4921050463036871,1.5301003334394765
4,150,1.1735052241161736,0.5984622238679695,0.38573138970305476,1.5986122886681098
4,160,1.1818814182107245,0.597801322864229,0.55549220939938,1.667124243896743
4,170,1.2073690733092282,0.597152219252543,0.2788895492330449,1.7356361991253766
4,180,1.2105465857958806,0.5987442880978933,0.5329354900495212,1.8041481543540097
4,190,1.2242920982903047,0.5899532799065752,0.40092779814676244,1.8726601095826427
4,200,1.2485484970364893,0.5709838980940116,0.3043646648529077,1.9411720648112765
4,210,1.2759315920148706,0.559435605937578,0.2763915134085862,2.0096840200399093
4,220,1.2856448778476488,0.5415297514389704,0.4730834861041379,2.078195975268543
4,230,1.3091471663918224,0.5248204644724721,0.3156347801312859,2.1467079304971763
4,240,1.3269595625197133,0.5183791917849342,0.36102565096414224,2.2152198857258094
4,250,1.3517542500426474,0.515512032250355,0.20007725694449635,2.283731840954442
4,260,1.3761536234351097,0.5014938718469378,0.25068009462876417,2.352243796183076
4,270,1.385202237117973,0.4733447988488241,0.5312397435594308,2.420755751411709
4,280,1.3938180441672599,0.4755733014918875,0.5236671457773332,2.4892677066403426
4,290,1.4229202949581878,0.47302652154616404,0.1790053250165239,2.5577796618689757
4,300,1.4276884544793935,0.4424499448104802,0.5180785665305935,2.6262916170976087
4,310,1.4318933708936297,0.43789001878992284,0.5413856893261673,2.6948035723262427
4,320,1.4322755523804158,0.4305389414334663,0.5888907536646285,2.7633155275548758
4,330,1.4436496824943859,0.41624451885537384,0.37443251185211873,2.831827482783509
4,340,1.4342080963667398,0.39672567536875525,0.5269566114088091,2.9003394380121423
4,350,1.4347280177213424,0.3918068390122241,0.5909477396214189,2.9688513932407754
4,360,1.4547746408607722,0.39164473805559724,0.30638793576832796,3.0373633484694085
4,370,1.453329326713537,0.3856794282063305,0.6112137649828724,3.1058753036980415
4,380,1.441948409815414,0.3684407323489139,0.7103443304987266,3.174387258926675
4,390,1.4388631332904787,0.3983582893440706,0.5958357698347785,3.242899214155308
4,400,1.4349389091068003,0.41876707805706026,0.6328514168263571,3.311411169383942
4,410,1.43075645754688,0.42628082412673907,0.6340479951026645,3.379923124612575
4,420,1.4246375901353046,0.43160324135396866,0.6914733629279676,3.4484350798412082
4,430,1.4360612520027827,0.4458047763160409,0.3471536275026427,3.5169470350698417
4,440,1.4104993213069998,0.44190544210661825,0.7884441653238834,3.585458990298475
4,450,1.3936506220788694,0.4518888580155798,0.6944188988244291,3.6539709455271088
4,460,1.3732609600446974,0.4693472500886908,0.7124556127073987,3.7224829007557414
4,470,1.341994650184199,0.47326632130557333,0.7282863999727589,3.7909948559843754
4,480,1.3459899448625248,0.47683668136457935,0.420991147913799,3.8595068112130075
4,490,1.335427677080114,0.4576966198757878,0.5434013399800925,3.9280187664416406
4,500,1.3071009419467616,0.4558954178744238,0.7540717099475085,3.9965307216702746
4,510,1.2865172704847714,0.44701428467069365,0.7459937826016476,4.065042676898908
4,520,1.2719703468644483,0.4433736591779033,0.7005993863368472,4.133554632127541
4,530,1.2463416460806482,0.4433852203165033,0.7531862994091219,4.202066587356175
4,540,1.2155683759511462,0.4372385859475511,0.7573788579663615,4.270578542584808
4,550,1.206700348288603,0.41359610334766483,0.5483418057257159,4.339090497813441
4,560,1.1869109248209793,0.42526471617319306,0.6386846671228088,4.407602453042074
4,570,1.1497246236352598,0.42735553486888156,0.7522293953537474,4.476114408270707
4,580,1.1335233496861221,0.43873365693780736,0.6005863491958946,4.544626363499341
4,590,1.091444221532761,0.4309169781334796,0.874072383271626,4.613138318727974
4,600,1.0532758330808796,0.4279624970369102,0.62244158540813,4.681650273956607
4,610,1.041412134153472,0.42568832540104656,0.48434788605400847,4.750162229185241
4,620,1.0200282387890716,0.42775748544166114,0.676255928119794,4.818674184413874
4,630,0.9724725986488414,0.43730644325702916,0.8880096344866409,4.887186139642507
4,640,0.9603567296745452,0.4393477102799843,0.6176524629471238,4.95569809487114
4,650,0.9373819364407905,0.44424119811253854,0.6616947944669784,5.024210050099773
4,660,0.9080236381750809,0.44582989042883314,0.745344548327034,5.092722005328407
4,670,0.8630216241929494,0.4487572193584358,0.7952541184136968,5.16123396055704
4,680,0.8388222046558126,0.44202587738079374,0.737081884465999,5.229745915785674
4,690,0.8120384451799575,0.4553991864400265,0.6544825885305834,5.298257871014307
4,700,0.7853034134680209,0.4370997271251881,0.6106255606871912,5.36676982624294
4,710,0.7437200393238963,0.43542894734297705,0.7229418828590979,5.4352817814715735
4,720,0.7194046199920752,0.4347838512037757,0.5238046144600963,5.5037937367002066
4,730,0.6931869288730667,0.4414485742651009,0.6149133924823136,5.57230569192884
4,740,0.6744685975898751,0.4306558815897146,0.6646263457547434,5.640817647157473
4,750,0.6488396921028914,0.4351435725723714,0.5181768407987727,5.709329602386106
4,760,0.6308623754591641,0.439585005489968,0.6889913916542555,5.77784155761474
4,770,0.6070939350931774,0.43851766651730306,0.5957767102430422,5.846353512843373
4,780,0.5875414961827388,0.42848336542903165,0.47522757123130815,5.914865468072006
4,790,0.5596532069229379,0.4292896641028122,0.5469066201886149,5.98337742330064
4,800,0.5440042261077467,0.4309369245331802,0.4485106657967132,6.051889378529273
4,810,0.5097526711924661,0.4330007401163444,0.7847512837140137,6.120401333757906
4,820,0.47003512521052904,0.43015757007242,0.7155567793572475,6.188913288986539
4,830,0.4256483838734042,0.42500657923701646,0.7989504754943619,6.257425244215172
4,840,0.40638581171766597,0.4226908932305542,0.5706248966243841,6.325937199443806
4,850,0.3888632725197141,0.4307015596982919,0.6960220198942155,6.394449154672439
4,860,0.35264051014537373,0.44400918937505574,0.7625635131407582,6.394449154672439
4,870,0.31767772057289323,0.4324827889320113,0.8071929015542161,6.394449154672439
4,880,0.2842183630798325,0.4298221001689364,0.6096134704005979,6.394449154672439
4,890,0.2639821367044628,0.4300990439026467,0.5783964094918732,6.394449154672439
4,900,0.2484521927674974,0.43330310245646725,0.5101474505047358,6.394449154672439
4,910,0.22537863620392593,0.43552189146271914,0.6724020832715676,6.394449154672439
4,920,0.21256340255131273,0.43861628362412947,0.5064955186468221,6.394449154672439
4,930,0.20307744794687904,0.4423209284516789,0.3630377713751015,6.394449154672439
4,940,0.17798326023429092,0.44982934263569696,0.744576825535549,6.394449154672439
4,950,0.15411114376189633,0.4333896793329298,0.6357783289170917,6.394449154672439
4,960,0.1460011891286837,0.4297963602630046,0.37988267513728086,6.394449154672439
4,970,0.1346132749168244,0.41923255947230686,0.4615133596997901,6.394449154672439
4,980,0.12541272997903197,0.42772472411649626,0.3379032384021684,6.394449154672439
4,990,0.11431214633248858,0.4285161005285939,0.49004289300699533,6.394449154672439
4,1000,0.10757531354926005,0.42792083177095797,0.3313887246321253,6.394449154672439
4,1010,0.1025507815810628,0.4341727506862721,0.24718683799330926,6.394449154672439
4,1020,0.09697534582797675,0.4311811458988842,0.24097804576644027,6.394449154672439
4,1030,0.08430263869173407,0.43080288601437555,0.5007949589097034,6.394449154672439
4,1040,0.07521994703057325,0.4266420415636781,0.4014043323999414,6.394449154672439
4,1050,0.07213407877589417,0.4321437585571835,0.1496534974584172,6.394449154672439
4,1060,0.06127449092737816,0.4235913166271844,0.4407935362054044,6.394449154672439
4,1070,0.05792118068580378,0.41870524333990883,0.16901485220259532,6.394449154672439
4,1080,0.05478896710664337,0.41674815757700595,0.1473386213559996,6.394449154672439
4,1090,0.05103044335086029,0.4062522091061411,0.1903669497313562,6.394449154672439
4,1100,0.0418955594818321,0.4012920163704143,0.3709300131159282,6.394449154672439
4,1110,0.037580757254856205,0.3965503776066211,0.22365425716374224,6.394449154672439
4,1120,0.03259203078184593,0.3923724979615965,0.2374096544810377,6.394449154672439
4,1130,0.02872797793223468,0.39447629149794955,0.19852215166303455,6.394449154672439
4,1140,0.026772546597731713,0.3900196952317306,0.10809910557183047,6.394449154672439
4,1150,0.025184838353483317,0.3905001073990534,0.0853420191897368,6.394449154672439
4,1160,0.022985325444370805,0.3873185183259782,0.11345532151313302,6.394449154672439
4,1170,0.020743384391144225,0.3870023168781,0.12445295117356918,6.394449154672439
4,1180,0.018586839365224858,0.3804077756474237,0.10983625514943267,6.394449154672439
4,1190,0.01726258051087256,0.3792525391343003,0.07436515581341971,6.394449154672439
4,1200,0.016468305476710604,0.37898353876958035,0.04047329465843535,6.394449154672439
5,10,0.15185277765147367,0.27319048024929765,0.4071695649884958,0.6394449154672439
5,20,0.10862925400739695,0.2211562131350243,0.3517588169726928,0.7079568706958772
5,30,0.09740975813567175,0.18931140077170006,0.166905882407863,0.7764688259245105
5,40,0.07970843894118482,0.16239745663794256,0.23391727819648586,0.8449807811531438
5,50,0.07229072075407561,0.1577525304138992,0.12199588776500703,0.913492736381777
5,60,0.07084561788715128,0.1481212362752253,0.05451919645596709,0.9820046916104104
5,70,0.06170708543203373,0.14084862050836425,0.15093629546927026,1.0505166468390437
5,80,0.056656270069026335,0.13351253495495713,0.09529826494402688,1.1190286020676767
5,90,0.04860419400602988,0.1341499835188069,0.13631373644157646,1.1875405572963103
5,100,0.04756648036604859,0.12810411402047545,0.03527586364756276,1.2560525125249433
5,110,0.04428570049792868,0.11848657825324599,0.06881909613622152,1.3245644677535766
5,120,0.0422967360714869,0.10870012962449763,0.047145803911844746,1.39307642298221
5,130,0.04171292477900054,0.1031124434870706,0.023848020084437947,1.4615883782108432
5,140,0.040202073125762086,0.09895603945849005,0.038637100390758475,1.5301003334394765
5,150,0.03875064815828161,0.09657008736357203,0.0386582603547702,1.5986122886681098
5,160,0.038468974274288865,0.09765870842751587,0.016794328973685616,1.667124243896743
5,170,0.036080708157588744,0.08915150365370486,0.057148053696402454,1.7356361991253766
5,180,0.03592808303854343,0.08763299306919575,0.01075328488159715,1.8041481543540097
5,190,0.03498839724390355,0.0919429745797602,0.02939181669099982,1.8726601095826427
5,200,0.03397652048223607,0.09263575532152621,0.02898538442868647,1.9411720648112765
5,210,0.03294729435664301,0.09553292483113422,0.029989197651607187,2.0096840200399093
5,220,0.032495937323977334,0.09702344107326522,0.015830981872518392,2.078195975268543
5,230,0.030876672733791292,0.09511833436814714,0.04409689906799074,2.1467079304971763
5,240,0.030585883737578638,0.09349828575572468,0.009414360262620427,2.2152198857258094
5,250,0.030353347554658218,0.09229075485882715,0.007962913503879673,2.283731840954442
5,260,0.030071242397285043,0.09338346880788999,0.011172828684252036,2.352243796183076
5,270,0.02967004731034717,0.09253217128581288,0.013196846759681672,2.420755751411709
5,280,0.029498828062119686,0.09069810356238872,0.0074872950530496,2.4892677066403426
5,290,0.029350830639443146,0.09061603980204895,0.006686519340948429,2.5577796618689757
5,300,0.029153946631286683,0.09122114583980229,0.008098220543083899,2.6262916170976087
5,310,0.029051600412608042,0.09097065598319767,0.005084742483073104,2.6948035723262427
5,320,0.028939415544096122,0.09104326826235189,0.005409645785695671,2.7633155275548758
5,330,0.028704423524706247,0.08984240285123793,0.008657141015928712,2.831827482783509
5,340,0.02859177543752841,0.0889701828265493,0.00589067015225034,2.9003394380121423
5,350,0.02839587452317153,0.08806264884147923,0.00789542167079201,2.9688513932407754
5,360,0.028371778851277427,0.08826648595100613,0.0019198440982573898,3.0373633484694085
5,370,0.028187114346651172,0.08885798744752171,0.006553590851805814,3.1058753036980415
5,380,0.02807948017061042,0.0891967389615412,0.00451947645273638,3.174387258926675
5,390,0.027855430112095736,0.08735168260153349,0.009327949461399412,3.242899214155308
5,400,0.027727168153015333,0.08609664244106824,0.006146882029527392,3.311411169383942
5,410,0.027681262827984183,0.08663946006756615,0.0022171108113645897,3.379923124612575
5,420,0.027606736251801472,0.08596875632652327,0.004232973491351681,3.4484350798412082
5,430,0.027597297224672628,0.08585922107414357,0.001303345442203608,3.5169470350698417
5,440,0.027531275294569845,0.08536910640952687,0.003461638303064715,3.585458990298475
5,450,0.027468685493588725,0.08470903481915293,0.005161506000052285,3.6539709455271088
5,460,0.027439889292980746,0.08465390969278327,0.0015695643559377579,3.7224829007557414
5,470,0.02744319434192803,0.08456249349772316,0.0009685360480040812,3.7909948559843754
5,480,0.027449507111298396,0.08466821919687889,0.0006732877167781727,3.8595068112130075
5,490,0.02745381034588184,0.08482694822160919,0.0012476374291472579,3.9280187664416406
5,500,0.027450610524424626,0.0847980896971771,0.000856160386325811,3.9965307216702746
5,510,0.02742382515768719,0.08406925408860239,0.002848657934803072,4.065042676898908
5,520,0.0274169221792316,0.0833679845861719,0.001624206110419598,4.133554632127541
5,530,0.027417186466258688,0.08341012137464432,0.0013772218278259596,4.202066587356175
5,540,0.0274102136480907,0.08305882510955051,0.0015825497218317215,4.270578542584808
5,550,0.02741939242816665,0.08296446438583774,0.0013361877376395328,4.339090497813441
5,560,0.027414549481641442,0.08241025056863861,0.0013804610616555187,4.407602453042074
5,570,0.027407585153367532,0.0825329621648725,0.0009101552392657807,4.476114408270707
5,580,0.027396327085765896,0.08247347713144945,0.0017796759341290609,4.544626363499341
5,590,0.0274029907518372,0.0822453447136457,0.0013221143531292176,4.613138318727974
5,600,0.027401801645730358,0.08239139726851019,0.0009151293939997304,4.681650273956607
5,610,0.027387740682335848,0.0822431867130637,0.0032403851622198458,4.750162229185241
5,620,0.027398763287889732,0.08230425881489409,0.0010822300582860392,4.818674184413874
5,630,0.027386273105781473,0.08244166665436614,0.0017403962679449672,4.887186139642507
5,640,0.02738598794568153,0.08247132315289567,0.0015241405321699555,4.95569809487114
5,650,0.02739632736703014,0.08231864629956528,0.0010177023615463615,5.024210050099773
5,660,0.02740578097428075,0.08227483755387167,0.0010968876736383887,5.092722005328407
5,670,0.027409456444029454,0.0821052138686785,0.0012412475858192354,5.16123396055704
5,680,0.027393330058583354,0.0823130947421035,0.002457936552055367,5.229745915785674
5,690,0.02739563389806302,0.08274625593095306,0.0024284211100518323,5.298257871014307
5,700,0.027409625308349117,0.08193608391255,0.0019756998916738992,5.36676982624294
5,710,0.027415976729870988,0.08188434392962224,0.0014451062852220502,5.4352817814715735
5,720,0.027411985270011475,0.08126844325028648,0.003201396584955809,5.5037937367002066
5,730,0.027411811652333584,0.08093069772451093,0.0021240614310101685,5.57230569192884
5,740,0.027411243306203023,0.08077744404891407,0.0014374175626339688,5.640817647157473
5,750,0.02741220030318504,0.08111630759311173,0.0014693663656636367,5.709329602386106
5,760,0.027393091697515033,0.08071803194305008,0.0023908655314132427,5.77784155761474
5,770,0.027383499437822072,0.08026718368917898,0.002688650378508756,5.846353512843373
5,780,0.027400854849584468,0.07992685279016276,0.0017895816907700101,5.914865468072006
5,790,0.02741264606435579,0.07990717695520162,0.0007947802957581169,5.98337742330064
5,800,0.02742156733764302,0.07986693519973659,0.0021796047779924607,6.051889378529273
5,810,0.027415529080335312,0.07965539317977668,0.001754437722271411,6.120401333757906
5,820,0.027422643890239642,0.07975776275780637,0.0017868873388996072,6.188913288986539
5,830,0.027419177080420916,0.07938057638776355,0.0017216858689968761,6.257425244215172
5,840,0.02743004075264744,0.07914818778172357,0.0014943364827341332,6.325937199443806
5,850,0.027441396038232257,0.07897617686768665,0.0031282469295450714,6.394449154672439
5,860,0.027433087747939573,0.0790161670901182,0.004117909580616417,6.394449154672439
5,870,0.027422900524003365,0.07905546736588506,0.0017592580567799276,6.394449154672439
5,880,0.02741407934381117,0.07883207168215142,0.003920324857175051,6.394449154672439
5,890,0.02740570446832448,0.0788807034600921,0.0013404220224225395,6.394449154672439
5,900,0.027404993605771755,0.07887287841197697,0.0029252286232142703,6.394449154672439
5,910,0.027381033467907347,0.07903753345081214,0.0025202117887262376,6.394449154672439
5,920,0.027400411661915803,0.07910287151469728,0.0037172896664946407,6.394449154672439
5,930,0.027390838561383322,0.07966995190703849,0.00299851809121737,6.394449154672439
5,940,0.027388257839104868,0.07983968006062662,0.0014479149511020901,6.394449154672439
5,950,0.027379278854256714,0.07967026565420784,0.002322307189028208,6.394449154672439
5,960,0.027365936586882512,0.07952999309324328,0.0017682862901022656,6.394449154672439
5,970,0.027361861435898648,0.07969686286862418,0.0012274199086910662,6.394449154672439
5,980,0.02736135810004443,0.07939204187962384,0.0017524188115299922,6.394449154672439
5,990,0.02733918042098896,0.07920511080216236,0.0038212235578390825,6.394449154672439
5,1000,0.027331027369254805,0.07962733872245302,0.00274837880807833,6.394449154672439
5,1010,0.027316065018449853,0.07941329714281414,0.00449738886895754,6.394449154672439
5,1020,0.027315551721909383,0.07917048747845937,0.001905884193802928,6.394449154672439
5,1030,0.027314924343502453,0.07879302272428906,0.0021861820656338712,6.394449154672439
5,1040,0.027294192971460858,0.0784993815000477,0.0030393115225960192,6.394449154672439
5,1050,0.02726947314477869,0.07803632611878179,0.002891183081290539,6.394449154672439
5,1060,0.027264611001147753,0.0782797640562988,0.0025222439692331212,6.394449154672439
5,1070,0.027239078728685792,0.07843751497524175,0.0031313582586578854,6.394449154672439
5,1080,0.02724703117548321,0.07865440873320528,0.002704456860190858,6.394449154672439
5,1090,0.027234991287180734,0.07801502939224414,0.0017250687776597384,6.394449154672439
5,1100,0.027236626916498093,0.07795394654347902,0.0020418770565398424,6.394449154672439
5,1110,0.027214900570500116,0.07772647280562167,0.002486313490484211,6.394449154672439
5,1120,0.027212893160771797,0.07786877616223271,0.0007388001238418146,6.394449154672439
5,1130,0.027202100999319002,0.07804117939338025,0.001661492744896597,6.394449154672439
5,1140,0.0272013203635365,0.07802230695811903,0.002034612068486609,6.394449154672439
5,1150,0.02719813889435476,0.0779586447686818,0.0014608341060172048,6.394449154672439
5,1160,0.027185966345195593,0.07793971468791488,0.0013218607943450901,6.394449154672439
5,1170,0.02718003226856835,0.07812286717942535,0.0015966022858972264,6.394449154672439
5,1180,0.027182203068098123,0.07800345697133156,0.002147788995807742,6.394449154672439
5,1190,0.02717769339618223,0.07809382697222149,0.0015650767679215281,6.394449154672439
5,1200,0.02718260307994713,0.07794939296296788,0.0016639044063800298,6.394449154672439
6,10,0.06163102842616382,0.06449248108489632,0.06442554324578258,0.6394449154672439
6,20,0.05967119277282828,0.06252796102872737,0.03992002025041821,0.7079568706958772
6,30,0.05784388932092864,0.055848452361501676,0.03924277494481371,0.7764688259245105
6,40,0.05394424468237141,0.0497965200823922,0.06152776281915616,0.8449807811531438
6,50,0.05334328853360166,0.042645637716968006,0.019812740238035344,0.913492736381777
6,60,0.051769389353776896,0.04562235626780833,0.03333352660267421,0.9820046916104104
6,70,0.05033238728110223,0.04708111084121341,0.03258719295316759,1.0505166468390437
6,80,0.0493952516208459,0.04828407773447891,0.022715028759548485,1.1190286020676767
6,90,0.048622894200282485,0.045198594438102375,0.020502136921587692,1.1875405572963103
6,100,0.04813130495726864,0.04448016479528778,0.013329434671202189,1.2560525125249433
6,110,0.047985286513017075,0.044278546854150336,0.007717785710270928,1.3245644677535766
6,120,0.047858089431411045,0.044857640991720425,0.006945958260590091,1.39307642298221
6,130,0.047537056124537555,0.045955557502135605,0.011767740783662464,1.4615883782108432
6,140,0.04742220184126994,0.04414751976053901,0.00572768040765362,1.5301003334394765
6,150,0.047318271285941335,0.044229745734708975,0.006717887671650516,1.5986122886681098
6,160,0.04718831613723349,0.04485048228695353,0.006612304816495021,1.667124243896743
6,170,0.04702119579986126,0.04387447375300379,0.0073476381594593685,1.7356361991253766
6,180,0.04700037297656276,0.04303847894063092,0.0047071059510663755,1.8041481543540097
6,190,0.046857936763921575,0.04356602517723965,0.007466115807026519,1.8726601095826427
6,200,0.046710873078264076,0.04170206455060424,0.00777641897026925,1.9411720648112765
6,210,0.04650942645886305,0.040893526311478016,0.008927280119975678,2.0096840200399093
6,220,0.04636385917353581,0.040635001616511096,0.008524215535801741,2.078195975268543
6,230,0.04625929494526756,0.040954460091252774,0.005931764481608986,2.1467079304971763
6,240,0.04589685661573158,0.040344778931970145,0.015034484580304841,2.2152198857258094
6,250,0.045764205605734756,0.03957834888461878,0.00747569201594913,2.283731840954442
6,260,0.04568027656869637,0.03984766101933081,0.004117134752346024,2.352243796183076
6,270,0.0456742763647707,0.03981190021197388,0.002641639260997257,2.420755751411709
6,280,0.04563541694346293,0.03949653347215458,0.0036246286845704355,2.4892677066403426
6,290,0.045585234587763715,0.03904592920960962,0.004609997096292321,2.5577796618689757
6,300,0.04553822149885467,0.03923081236032758,0.004335392267684782,2.6262916170976087
6,310,0.045373562602002294,0.038934510697636156,0.008889068833593614,2.6948035723262427
6,320,0.045334638356645515,0.03884365476766429,0.0045781244102616955,2.7633155275548758
6,330,0.045289646147263135,0.03828190745149992,0.004500270001406059,2.831827482783509
6,340,0.04518538973281212,0.03845332166069188,0.005877751063896982,2.9003394380121423
6,350,0.04502319234058698,0.03761314381857927,0.007919686173583173,2.9688513932407754
6,360,0.0449944152026662,0.03695898885238772,0.004579965603334534,3.0373633484694085
6,370,0.04491232499576874,0.0362669835354481,0.005352251217715371,3.1058753036980415
6,380,0.04482204780215281,0.03623955913923728,0.005771265542738092,3.174387258926675
6,390,0.044778643664406995,0.0367009105699698,0.003468087293996684,3.242899214155308
6,400,0.044752836354809665,0.03649033380299499,0.0030984205985592882,3.311411169383942
6,410,0.044686883768879644,0.036187953519361486,0.0038952167842970058,3.379923124612575
6,420,0.04462253130218394,0.036640780707557954,0.003449207230035417,3.4484350798412082
6,430,0.044590427728517054,0.03621323558660758,0.002076250653711086,3.5169470350698417
6,440,0.0445596273384533,0.03581748387824274,0.0027665334792133294,3.585458990298475
6,450,0.044509792928823205,0.03571704878699736,0.0035479407792938433,3.6539709455271088
6,460,0.04446532899308405,0.035762477228660224,0.0037239511828510347,3.7224829007557414
6,470,0.04440471372540036,0.03569743814095861,0.0035101713125104683,3.7909948559843754
6,480,0.044377316502063884,0.035939635202148504,0.002793662132884234,3.8595068112130075
6,490,0.04437410210662337,0.03598098679698637,0.003208650273728208,3.9280187664416406
6,500,0.04438094764801955,0.03588583641738248,0.0022847656701295623,3.9965307216702746
6,510,0.04437520196099038,0.036117260294321496,0.0016927582496962922,4.065042676898908
6,520,0.044352363962905164,0.03611297239231077,0.0028581350710643076,4.133554632127541
6,530,0.044319808698360136,0.03572689239785336,0.0036235995648565616,4.202066587356175
6,540,0.04432632614232199,0.036012615554538566,0.001560901724086045,4.270578542584808
6,550,0.04430618420451345,0.03558372764444043,0.003044795831294204,4.339090497813441
6,560,0.04430141985199407,0.03524977059650802,0.0025217369552089754,4.407602453042074
6,570,0.044297323968213786,0.03539527073167191,0.0021051994785588187,4.476114408270707
6,580,0.04429549132345915,0.035242925965154465,0.0013567805840631478,4.544626363499341
6,590,0.04426998012914868,0.03582052660768119,0.005225913595918087,4.613138318727974
6,600,0.0442847439119457,0.035853270193529255,0.0018704380352953214,4.681650273956607
6,610,0.04427644773455606,0.0355777924844185,0.002464891165045463,4.750162229185241
6,620,0.04424634725894691,0.03583366757720837,0.0026818192935009,4.818674184413874
6,630,0.04424577436784932,0.03559075692608252,0.0014619062715062955,4.887186139642507
6,640,0.04424729576776526,0.03574104638335282,0.0020625256643398157,4.95569809487114
6,650,0.04424129637769862,0.03551309226040111,0.0028567385653245777,5.024210050099773
6,660,0.044238232251205656,0.03536041180401016,0.00451584238834116,5.092722005328407
6,670,0.0442210878455284,0.0351597104103089,0.002721955028997243,5.16123396055704
6,680,0.044204911690104653,0.035558743754142426,0.0024532777079302984,5.229745915785674
6,690,0.04421263777684137,0.03546101622458648,0.0038123211323605084,5.298257871014307
6,700,0.04421504603639182,0.03510654875357606,0.0029424451550509,5.36676982624294
6,710,0.04421039419349396,0.0353214897212929,0.0018396660543039788,5.4352817814715735
6,720,0.04421434155121816,0.035145413376934415,0.0014846271681147416,5.5037937367002066
6,730,0.044212914668051544,0.035035370423337014,0.001789472897546528,5.57230569192884
6,740,0.04420960401216821,0.035004488962017605,0.00233682397017905,5.640817647157473
6,750,0.04420226461049608,0.03493301849247815,0.0006427342335157903,5.709329602386106
6,760,0.0442140132415598,0.03501716756232906,0.00167326408885949,5.77784155761474
6,770,0.044233173856940325,0.034346310722249536,0.004626319909958538,5.846353512843373
6,780,0.044229737021190034,0.03423435510600602,0.002085954166669253,5.914865468072006
6,790,0.04424919678740886,0.034587510294414245,0.002335906236970087,5.98337742330064
6,800,0.04424812260144378,0.03459219413969477,0.004065510749304256,6.051889378529273
6,810,0.04422939269562868,0.034604667395770804,0.004897727995047633,6.120401333757906
6,820,0.04422918128318113,0.034754931967421875,0.002530122984895128,6.188913288986539
6,830,0.04422625913451151,0.0347518298181173,0.0004526301675217343,6.257425244215172
6,840,0.04423427241017189,0.03455002576345361,0.003201289396377605,6.325937199443806
6,850,0.04424328803862852,0.034822699857965406,0.0021099386457779415,6.394449154672439
6,860,0.044244953747140305,0.0348238344890574,0.001985992123858562,6.394449154672439
6,870,0.04423823725345055,0.03528452303895996,0.002955291289042834,6.394449154672439
6,880,0.044239853969004796,0.0355601487504163,0.0013139044239729603,6.394449154672439
6,890,0.044240216242819375,0.035525534295343095,0.0012879251419499753,6.394449154672439
6,900,0.04422710536851773,0.03589749263457645,0.004749053571211839,6.394449154672439
6,910,0.04423406153780373,0.03560553907441959,0.0031521206017002756,6.394449154672439
6,920,0.04424623660525794,0.0354606833651252,0.002698631485675493,6.394449154672439
6,930,0.04424252332678061,0.03532334596971293,0.0018000739083336276,6.394449154672439
6,940,0.04425513765848926,0.03529995033541466,0.004360463509015833,6.394449154672439
6,950,0.044239087676627875,0.03518789132702705,0.0015922517403590144,6.394449154672439
6,960,0.04423162129274911,0.03504008928086321,0.002735955072877801,6.394449154672439
6,970,0.04423147730222144,0.03534342930331458,0.0012953089141051505,6.394449154672439
6,980,0.04423115095043353,0.035244500620434355,0.0020216376206406506,6.394449154672439
6,990,0.04422800603671828,0.035235914019673104,0.0036658406027605325,6.394449154672439
6,1000,0.044233903390927934,0.03534889345209438,0.0019755222870811127,6.394449154672439
6,1010,0.04423762259375211,0.03518444435228872,0.002730029945600425,6.394449154672439
6,1020,0.04422811136853436,0.035146996928609564,0.0020082070381633697,6.394449154672439
6,1030,0.04421431659872582,0.03522790064071069,0.001748229001437442,6.394449154672439
6,1040,0.04421047840267219,0.035310464204351355,0.0016374495831904857,6.394449154672439
6,1050,0.04420446291087529,0.03524668665980609,0.00255353166689082,6.394449154672439
6,1060,0.044212907690421556,0.03541499921952722,0.0016188842211111005,6.394449154672439
6,1070,0.04421532897795294,0.035710752911464264,0.0019041377617289583,6.394449154672439
6,1080,0.04421466330633725,0.03550462253704823,0.0011717937550562029,6.394449154672439
6,1090,0.04421596479450218,0.035551465548614325,0.0022091952596140314,6.394449154672439
6,1100,0.04421281258740144,0.03556153926234353,0.0022963089184058114,6.394449154672439
7,10,0.7020862490481424,0.035483762567600524,0.00027194072044449966,0.6394449154672439
7,20,0.7705411374157766,0.03595705007077485,0.00022447555224860293,0.7079568706958772
7,30,0.8389979265904541,0.03606541563309603,0.00025776620140231755,0.7764688259245105
7,40,0.9074208797232441,0.036302706416652446,0.0005727491622921578,0.8449807811531438
7,50,0.9758374731911992,0.03702588029292831,0.0006154604238619058,0.913492736381777
7,60,1.0442272261346177,0.03775815098632472,0.0009019737478754553,0.9820046916104104
7,70,1.112604618109,0.037961215635082785,0.0010501599968286792,1.0505166468390437
7,80,1.1809616861696834,0.039327530777361897,0.0013237274483450944,1.1190286020676767
7,90,1.2493048332517447,0.03904104440641715,0.0014720922438920061,1.1875405572963103
7,100,1.317650474914288,0.03892122738673362,0.001405829774060549,1.2560525125249433
7,110,1.385923104391054,0.039209616929607165,0.002394426307938888,1.3245644677535766
7,120,1.4541866294443448,0.039897537603223523,0.002392742031216271,1.39307642298221
7,130,1.522332561366006,0.040586895993583755,0.004218121923262133,1.4615883782108432
7,140,1.5906092103705933,0.04172158396316032,0.0021824018638077957,1.5301003334394765
7,150,1.6586619486866436,0.04211617771120965,0.006509682823885879,1.5986122886681098
7,160,1.7267514292091455,0.043657222230943676,0.005099507114517431,1.667124243896743
7,170,1.7946374155462703,0.04443319651887982,0.008780360337129199,1.7356361991253766
7,180,1.8623329753672464,0.047116718417798235,0.012489812784786555,1.8041481543540097
7,190,1.9301367200346384,0.05090157903724494,0.009628137446011467,1.8726601095826427
7,200,1.9977829099383722,0.05266679888292326,0.012860880775032644,1.9411720648112765
7,210,2.065432975885591,0.05451917242549145,0.013172269252732266,2.0096840200399093
7,220,2.1328915650044857,0.056441315950959,0.016407914310418326,2.078195975268543
7,230,2.2002834061687144,0.058346929543301555,0.017611218580659532,2.1467079304971763
7,240,2.2675339346071723,0.06072816354061923,0.020964537865323155,2.2152198857258094
7,250,2.3347446121944846,0.06350065896962956,0.021537161369599857,2.283731840954442
7,260,2.401196175370122,0.06818149412002089,0.03951338875883768,2.352243796183076
7,270,2.466720703096112,0.07585479574917757,0.05764537968616853,2.420755751411709
7,280,2.53257895747872,0.08120691511741651,0.05145176815613761,2.4892677066403426
7,290,2.5989635603536922,0.08517687224612423,0.03776683807279396,2.5577796618689757
7,300,2.6655572823981,0.08898401426180302,0.034046527577788616,2.6262916170976087
7,310,2.729456761632603,0.09665864045017514,0.09676987073359866,2.6948035723262427
7,320,2.7930458575385555,0.10610354692751153,0.10595318016095298,2.7633155275548758
7,330,2.8566279159294075,0.11670044262980903,0.1056117451719244,2.831827482783509
7,340,2.9209191733082807,0.12413167973192865,0.08534249005259244,2.9003394380121423
7,350,2.9820867811757066,0.1356826284018824,0.16834603382718155,2.9688513932407754
7,360,3.04154282358339,0.15031875229921823,0.21199767514680684,3.0373633484694085
7,370,3.0984820783429696,0.1645832714782968,0.284657062732226,3.1058753036980415
7,380,3.1579196991122402,0.1780623002382849,0.20654399358421224,3.174387258926675
7,390,3.2168391796553557,0.1880854749377308,0.22808904170063285,3.242899214155308
7,400,3.276575750252375,0.20132975627965627,0.19610626946240733,3.311411169383942
7,410,3.3305311418031316,0.21981561706261152,0.3692127372777567,3.379923124612575
7,420,3.3825725879096327,0.23967227979467476,0.4162326149691956,3.4484350798412082
7,430,3.4367277219474524,0.2564010409094925,0.33589250764768325,3.5169470350698417
7,440,3.487559231935227,0.271354710113795,0.3980855458901207,3.585458990298475
7,450,3.5346758414973247,0.29238078547002805,0.5504662880400633,3.6539709455271088
7,460,3.5749813323049833,0.3137802216689394,0.6102807248232539,3.7224829007557414
7,470,3.6166728108435144,0.33682008852169903,0.612327941027335,3.7909948559843754
7,480,3.6587522696235304,0.3678853583216789,0.6359894031817289,3.8595068112130075
7,490,3.6894952658685,0.3878687209038487,0.6965571418001041,3.9280187664416406
7,500,3.7230755051724276,0.41516438765908353,0.6577209093170827,3.9965307216702746
7,510,3.760819592549035,0.4401429855722594,0.6252442171282113,4.065042676898908
7,520,3.7942993812675265,0.4582351980723789,0.732130029938748,4.133554632127541
7,530,3.81627853402551,0.4832903943136325,0.8974794714087189,4.202066587356175
7,540,3.835280202776017,0.5132851116512251,0.8513694706526987,4.270578542584808
7,550,3.852347908591558,0.5388811248160514,0.8667104975424109,4.339090497813441
7,560,3.8799745432665986,0.555680882801432,0.7749539624224685,4.407602453042074
7,570,3.908296271501346,0.5744606940020435,0.6941301965683498,4.476114408270707
7,580,3.928941773717616,0.5979344570235047,0.8848824603883084,4.544626363499341
7,590,3.9391460020185836,0.6259864413436637,0.8995290741323527,4.613138318727974
7,600,3.9528909779512498,0.6434164865226407,0.8578948391821786,4.681650273956607
7,610,3.965282933809105,0.6660881685942233,0.8506832822284544,4.750162229185241
7,620,3.9685694124332724,0.691350561735742,0.9658529235834422,4.818674184413874
7,630,3.9835343444260793,0.7107252375125164,0.8356132467692687,4.887186139642507
7,640,3.993459828848745,0.7309369185986618,0.8862898320067638,4.95569809487114
7,650,4.005580247965491,0.7505646121217311,0.8208634878035046,5.024210050099773
7,660,3.9946504298813794,0.7736107233994689,0.9404514055246805,5.092722005328407
7,670,4.003470490204119,0.7900438093078765,0.8219612036081687,5.16123396055704
7,680,3.9930816633534327,0.8101757267956975,0.9498490454551494,5.229745915785674
7,690,4.000661794200772,0.8216144672911236,0.8734134688801072,5.298257871014307
7,700,3.999561970248048,0.8378129315422488,0.9853255799057983,5.36676982624294
7,710,3.988067597906762,0.852542131998578,0.9346076247253082,5.4352817814715735
7,720,3.986129997416863,0.8643327431758658,0.7996109941196509,5.5037937367002066
7,730,3.9754548248755173,0.8760054060569029,0.9052907617044041,5.57230569192884
7,740,3.972013827010506,0.8881876046286048,0.9201952259122947,5.640817647157473
7,750,3.9626662666285037,0.9011596242940394,0.995361328125,5.709329602386106
7,760,3.950321770747528,0.9125320072309165,0.8888993989729134,5.77784155761474
7,770,3.9413501567041767,0.9226424212008514,0.8616611711279816,5.846353512843373
7,780,3.927841179980395,0.934133409401047,0.996337890625,5.914865468072006
7,790,3.905457754693737,0.9434740937130672,0.9516052330191792,5.98337742330064
7,800,3.893337401781912,0.9514537940924439,0.797026967348018,6.051889378529273
7,810,3.8813689966502647,0.9595373661536738,0.8127478118128006,6.120401333757906
7,820,3.856730966594793,0.9665992104258213,0.99423828125,6.188913288986539
7,830,3.826364283470869,0.9725370489839786,0.9254792299768603,6.257425244215172
7,840,3.807938910373151,0.9786721571944756,0.9913818359375,6.325937199443806
7,850,3.7822642326804305,0.9828778796266742,0.9561743624164112,6.394449154672439
7,860,3.734820821793938,0.9862474605710901,0.7662170740850106,6.394449154672439
7,870,3.6764286269359983,0.9899842872702966,0.98408203125,6.394449154672439
7,880,3.604866441369605,0.9934106989500253,0.9923828125,6.394449154672439
7,890,3.539232027735366,0.9956448757533628,0.9867612324927988,6.394449154672439
7,900,3.4636155662223342,0.9977747086324082,0.9941162109375,6.394449154672439
7,910,3.394260713814608,0.9991660417636115,0.9051664231188468,6.394449154672439
7,920,3.3311545213375475,0.9998833819407914,0.9936767578125,6.394449154672439
7,930,3.263098756145696,0.9998917265595456,0.9975830078125,6.394449154672439
7,940,3.200943911665578,0.9991866598527179,0.99619140625,6.394449154672439
7,950,3.1476318039264473,0.9979732040076719,0.8654992889124886,6.394449154672439
7,960,3.0840788668704633,0.9960557573429603,0.9927978515625,6.394449154672439
7,970,3.003549101343282,0.9940421598209779,0.995068359375,6.394449154672439
7,980,2.9449224075934777,0.9912332976585316,0.9308397887300336,6.394449154672439
7,990,2.8942169991625017,0.9879014357832212,0.991037351813531,6.394449154672439
7,1000,2.8396935092439395,0.9839261685559606,0.9490659250197743,6.394449154672439
7,1010,2.786895124471298,0.9796449989782807,0.9924560546875,6.394449154672439
7,1020,2.724182110099061,0.9752237799513437,0.8941878121139532,6.394449154672439
7,1030,2.657863853418498,0.9696749500378206,0.9666347477733865,6.394449154672439
7,1040,2.605806967589932,0.9644526676645335,0.8996943525549994,6.394449154672439
7,1050,2.537526362124885,0.9574714359980708,0.9936767578125,6.394449154672439
7,1060,2.4803906113532266,0.9510042650193193,0.9470724461788251,6.394449154672439
7,1070,2.4164095141665536,0.9454786909726396,0.9803117334090853,6.394449154672439
7,1080,2.3576826101345807,0.9382117336756852,0.9886625464801458,6.394449154672439
7,1090,2.282263618353983,0.9304606634759973,0.990576171875,6.394449154672439
7,1100,2.232779059939575,0.9217570066560385,0.993701171875,6.394449154672439
7,1110,2.1807630668226357,0.9153229930672122,0.8963712983684206,6.394449154672439
7,1120,2.10484887997709,0.9057005121754511,0.9960205078125,6.394449154672439
7,1130,2.0437595316894384,0.8955412865128338,0.98369140625,6.394449154672439
7,1140,1.989811631160459,0.8861257693217691,0.990380859375,6.394449154672439
7,1150,1.9366483987525083,0.8768369337742952,0.9752646779613112,6.394449154672439
7,1160,1.8911410430967077,0.8662452984223858,0.99130859375,6.394449154672439
7,1170,1.834502302628813,0.8563141914063362,0.9957275390625,6.394449154672439
7,1180,1.7829006574408668,0.8463193235593793,0.9124757068479937,6.394449154672439
7,1190,1.7514275455621298,0.8386479810407954,0.8294459253543032,6.394449154672439
7,1200,1.7148473774715909,0.826217994052611,0.9906005859375,6.394449154672439
8,10,0.6923300009700437,0.17884626684922575,0.13213795511077406,0.6394449154672439
8,20,0.750394150913629,0.16144722199817677,0.11851121090183067,0.7079568706958772
8,30,0.8080291171565122,0.14900841777148283,0.1217612774753322,0.7764688259245105
8,40,0.8668770774044262,0.1639070638553743,0.12086184579867158,0.8449807811531438
8,50,0.9299364004210497,0.16843332734649258,0.06489747396017818,0.913492736381777
8,60,0.9897952845531864,0.16202862245849428,0.10615274677734136,0.9820046916104104
8,70,1.050531509895005,0.15114029929609674,0.09751130371219358,1.0505166468390437
8,80,1.1109002133822734,0.15073252895868067,0.09876457589891954,1.1190286020676767
8,90,1.17038762773716,0.14572178665978122,0.12419480242190224,1.1875405572963103
8,100,1.228993376212265,0.15032078319685013,0.1323606898906076,1.2560525125249433
8,110,1.289353208372205,0.15152595043020362,0.09810557844822716,1.3245644677535766
8,120,1.3471386866982984,0.1531231147702665,0.1456657224627828,1.39307642298221
8,130,1.3925289672000731,0.15140451045188683,0.36175524925789093,1.4615883782108432
8,140,1.446206528546703,0.13985934950489248,0.20267057512497924,1.5301003334394765
8,150,1.5062853640327882,0.13719948630615533,0.07848438971633284,1.5986122886681098
8,160,1.5581788434461548,0.13892775904924862,0.24814238153612145,1.667124243896743
8,170,1.6095440260140432,0.14021163915020204,0.25386075508528505,1.7356361991253766
8,180,1.6536909322650646,0.13703174073295604,0.37726000339508137,1.8041481543540097
8,190,1.6902900073086065,0.1315555120640206,0.40964111591742214,1.8726601095826427
8,200,1.7410443649014962,0.13637649139739796,0.23239685103680344,1.9411720648112765
8,210,1.7809226780301566,0.14599439226551789,0.43102706149322795,2.0096840200399093
8,220,1.8152522747071818,0.14067338101885718,0.5725480177042672,2.078195975268543
8,230,1.8440497213387432,0.13953788745938184,0.4765636447589605,2.1467079304971763
8,240,1.8709999820650636,0.15022646823515967,0.5272672782413514,2.2152198857258094
8,250,1.9066212114864125,0.16460356654548214,0.5064041771005252,2.283731840954442
8,260,1.9408927071788067,0.16981897914598948,0.5028249762061635,2.352243796183076
8,270,1.9704277432343276,0.1641651134162695,0.45708054859774966,2.420755751411709
8,280,2.0029119269295284,0.16298697794594472,0.4746553569070434,2.4892677066403426
8,290,2.014748208780696,0.16458755631717156,0.6130115821318352,2.5577796618689757
8,300,2.0456764754151777,0.15734894971863317,0.3913906938505619,2.6262916170976087
8,310,2.072996542524796,0.16121376477742783,0.3729525528390055,2.6948035723262427
8,320,2.0850831882271508,0.1484913537694324,0.6444357388981223,2.7633155275548758
8,330,2.072867132022928,0.1400946078298886,0.8039291897992404,2.831827482783509
8,340,2.0868034946214786,0.1411374737982975,0.5243592595821734,2.9003394380121423
8,350,2.07335478201904,0.15651288549762832,0.9238297729491756,2.9688513932407754
8,360,2.068021688977807,0.14894812123215792,0.8709471372438851,3.0373633484694085
8,370,2.063041180214744,0.15816744880514402,0.6938990670487992,3.1058753036980415
8,380,2.0633551524036022,0.15408704777192886,0.7729342908332316,3.174387258926675
8,390,2.0722909507636054,0.14056197592771946,0.73892244535188,3.242899214155308
8,400,2.072732870304613,0.1530613754575717,0.7294698096916408,3.311411169383942
8,410,2.075734064042357,0.1642779097325548,0.7042279063086754,3.379923124612575
8,420,2.071137236613159,0.16596865929598525,0.6410935466663366,3.4484350798412082
8,430,2.0719011322793404,0.16878536927182156,0.6966115225362157,3.5169470350698417
8,440,2.067833488817458,0.17537961843799502,0.6408312344002118,3.585458990298475
8,450,2.0503699045300383,0.17256209024464475,0.7707464650494277,3.6539709455271088
8,460,2.051968293257985,0.17322101613053495,0.765750210468908,3.7224829007557414
8,470,2.049017371385664,0.18645144350515241,0.6307155058903711,3.7909948559843754
8,480,2.032960831643557,0.1906315387781966,0.8200583982346388,3.8595068112130075
8,490,2.0102481912520465,0.18662747223117726,0.9023006101320705,3.9280187664416406
8,500,2.0045003952309304,0.18324797475683877,0.6029788078590194,3.9965307216702746
8,510,1.9900039512750407,0.17752274667939633,0.874726605017449,4.065042676898908
8,520,1.9807182783108563,0.18177088568380267,0.8600392837868902,4.133554632127541
8,530,1.9568528982930866,0.17752371136312756,0.7851563488475188,4.202066587356175
8,540,1.9240878659357794,0.1756721780839538,0.8697702932738928,4.270578542584808
8,550,1.899125760090221,0.1745748240661808,0.7508560379779154,4.339090497813441
8,560,1.8677128136533996,0.17879033174872894,0.7532540627906341,4.407602453042074
8,570,1.8466313342522487,0.19017632457540717,0.8250212800728567,4.476114408270707
8,580,1.8260425000080365,0.18076383360813292,0.8745456434996044,4.544626363499341
8,590,1.8121567637587244,0.17872558773158378,0.8020901548625181,4.613138318727974
8,600,1.803701721735177,0.17516641694177137,0.7496000597708563,4.681650273956607
8,610,1.7813674167733162,0.16051416340560068,0.7381509916316292,4.750162229185241
8,620,1.7570480292928745,0.17114491528512552,0.9370809354256124,4.818674184413874
8,630,1.7312840129599762,0.17011341421930543,0.7930578688714656,4.887186139642507
8,640,1.7024016066476193,0.1630971515710571,0.8550077187892502,4.95569809487114
8,650,1.6795540931909982,0.15566990478423348,0.7271283220890503,5.024210050099773
8,660,1.6266431499296714,0.15091076876627132,0.8997013891086778,5.092722005328407
8,670,1.6121660910111435,0.1538386781061163,0.7552403210543723,5.16123396055704
8,680,1.5583873492207787,0.1519255481363651,0.9145383193498878,5.229745915785674
8,690,1.5351390250388295,0.15201558872801002,0.8620447521112554,5.298257871014307
8,700,1.497979353070236,0.15063265698666625,0.9379119868882106,5.36676982624294
8,710,1.4440420075573406,0.14644584643340883,0.9944058641975309,5.4352817814715735
8,720,1.411897677364238,0.14815058594442126,0.7666046557342238,5.5037937367002066
8,730,1.3899699007614834,0.1410072213289774,0.6392739911170376,5.57230569192884
8,740,1.3707442544559325,0.13387415521272517,0.8023551200529481,5.640817647157473
8,750,1.3345686156069763,0.1372298316430576,0.8772264740819878,5.709329602386106
8,760,1.3053055103270168,0.132351490592656,0.8208323996490053,5.77784155761474
8,770,1.267012586904429,0.12948333454664518,0.814227307212542,5.846353512843373
8,780,1.2385577461399115,0.12983577350679865,0.7765617035822123,5.914865468072006
8,790,1.2078636490602084,0.13288618357075216,0.893682028598764,5.98337742330064
8,800,1.1594093096965061,0.1276355397380126,0.9164155070989912,6.051889378529273
8,810,1.1376280690928589,0.1222664458396664,0.7147616778590473,6.120401333757906
8,820,1.0961796477727181,0.12885137972494634,0.9979166666666666,6.188913288986539
8,830,1.0780347798613956,0.13123987344072266,0.8105611235929873,6.257425244215172
8,840,1.0562471858020586,0.12691407558649911,0.6728225679061082,6.325937199443806
8,850,1.0299475958055562,0.12839530269353186,0.9299204791162075,6.394449154672439
8,860,0.9877298738045639,0.12577269166654392,0.7428766810212152,6.394449154672439
8,870,0.9578006697364477,0.1283162401742421,0.7341108657575868,6.394449154672439
8,880,0.9172346928883106,0.12698820963181243,0.810184611629519,6.394449154672439
8,890,0.8891796702868919,0.12353534687966798,0.6810934627750077,6.394449154672439
8,900,0.8553560587596142,0.11987913143776605,0.8772715556898092,6.394449154672439
8,910,0.8149135958164161,0.1190114303433967,0.7175689400757272,6.394449154672439
8,920,0.7733488401014299,0.11475955268562381,0.814217547141763,6.394449154672439
8,930,0.7465191193678165,0.113919093964554,0.7157164862193995,6.394449154672439
8,940,0.7274720861344443,0.12049624913764115,0.65659546487515,6.394449154672439
8,950,0.6940689402840589,0.11927376398941,0.7203603405689595,6.394449154672439
8,960,0.6757051684572113,0.11412522698347537,0.6809803324677975,6.394449154672439
8,970,0.648079244708129,0.11844098334622853,0.6536490848394441,6.394449154672439
8,980,0.6147182623061418,0.1185951582688799,0.7227481056926182,6.394449154672439
8,990,0.5967538073964852,0.12042331230271006,0.6506859687123282,6.394449154672439
8,1000,0.57597417758838,0.11795763170198159,0.74037079815319,6.394449154672439
8,1010,0.5647561683357644,0.11518803972157697,0.5371982682001304,6.394449154672439
8,1020,0.5439999701622911,0.11541589548106065,0.8295327616417044,6.394449154672439
8,1030,0.5327349597407635,0.11760529086081384,0.7579874428830897,6.394449154672439
8,1040,0.5149053831285777,0.11629897702885549,0.813295207224218,6.394449154672439
8,1050,0.49869677762772313,0.1173290179656115,0.7241331475276855,6.394449154672439
8,1060,0.47799772552095116,0.12408823785171968,0.7634519265295425,6.394449154672439
8,1070,0.4626963782812279,0.1273853608222195,0.593374208819043,6.394449154672439
8,1080,0.4554599425248511,0.12854128323597094,0.41238603435269405,6.394449154672439
8,1090,0.4292333627515429,0.12147682781116492,0.8991979682903886,6.394449154672439
8,1100,0.4191089878949832,0.11946538336850257,0.5131932213026431,6.394449154672439
8,1110,0.4045351656037479,0.1195970662417227,0.7269762215936544,6.394449154672439
8,1120,0.39045555776096724,0.1198113513518593,0.607453116729013,6.394449154672439
8,1130,0.3783383060848614,0.12070268195878987,0.5978373004155789,6.394449154672439
8,1140,0.3646217202958277,0.11521215012188801,0.6791617664674792,6.394449154672439
8,1150,0.35382305450652807,0.11315661357890486,0.6053520382227169,6.394449154672439
8,1160,0.34017733918757403,0.11214577223120142,0.6374013983665524,6.394449154672439
8,1170,0.3326567535785384,0.11238411566346526,0.4881328496835719,6.394449154672439
8,1180,0.3218432681070175,0.10573903984797604,0.5669480716808177,6.394449154672439
8,1190,0.30980795525169114,0.10296073881134657,0.637610164885816,6.394449154672439
8,1200,0.2952560528236664,0.09536136388171412,0.7159910652882572,6.394449154672439
9,10,0.7815434406931488,0.9472318308306913,0.6050760325847662,0.6394449154672439
9,20,0.7912804142375676,0.9319074227971745,0.5280717235480111,0.7079568706958772
9,30,0.7633327681164461,0.8883329418943159,0.6010637297383791,0.7764688259245105
9,40,0.7363029944356806,0.8331125445435641,0.6783490851045085,0.8449807811531438
9,50,0.7040292101286909,0.8226916648846954,0.67833079049426,0.913492736381777
9,60,0.7091914265526477,0.8062681265298872,0.622433309111446,0.9820046916104104
9,70,0.685855588005815,0.7738790789700817,0.7573238657498937,1.0505166468390437
9,80,0.6862952921305936,0.7588110435072295,0.4931121940022399,1.1190286020676767
9,90,0.6852700408801703,0.7494554050340099,0.6128781139911824,1.1875405572963103
9,100,0.6945020928279766,0.7456130709144977,0.36385280288796373,1.2560525125249433
9,110,0.7106335107429469,0.7448240297739934,0.414364896243199,1.3245644677535766
9,120,0.7166185462558785,0.7474561554882736,0.514372221935163,1.39307642298221
9,130,0.7284062989444062,0.7282004559876047,0.44725792021630467,1.4615883782108432
9,140,0.7084747636211091,0.7184918429537925,0.7877138403731414,1.5301003334394765
9,150,0.6893874364280665,0.7143935253437605,0.7462632859521636,1.5986122886681098
9,160,0.6897118889364432,0.7091286699875045,0.4957926458521148,1.667124243896743
9,170,0.7003141680395424,0.6987370121856948,0.31884192740038453,1.7356361991253766
9,180,0.6785224074496856,0.67071520651775,0.7704453930614356,1.8041481543540097
9,190,0.6679296600450054,0.6626862892488424,0.6203594682318523,1.8726601095826427
9,200,0.6376884128289741,0.6348299951181182,0.8934258505600109,1.9411720648112765
9,210,0.6210547868950946,0.6142873790140632,0.6385599301854671,2.0096840200399093
9,220,0.6147140619906453,0.6007311843096648,0.41044061456829783,2.078195975268543
9,230,0.5957900716495916,0.5737849588379426,0.854179377328158,2.1467079304971763
9,240,0.5779080264708869,0.5831583126883715,0.8172416990585548,2.2152198857258094
9,250,0.5619302024563775,0.5566884067546601,0.6889229044579976,2.283731840954442
9,260,0.5526016547633186,0.5358668640640605,0.505897968729819,2.352243796183076
9,270,0.536155386916185,0.5246228837446051,0.6200402749206317,2.420755751411709
9,280,0.5402072900144078,0.5159666915821405,0.5050573547024373,2.4892677066403426
9,290,0.5160427662269235,0.5138921501776403,0.6955739208776677,2.5577796618689757
9,300,0.5071139597488766,0.5050853341516022,0.6650652849663994,2.6262916170976087
9,310,0.5000016459882444,0.5080222229689355,0.4941871153251278,2.6948035723262427
9,320,0.4864985011385873,0.5028714645812435,0.7054551384305835,2.7633155275548758
9,330,0.47899994311291844,0.4963372230890455,0.43813188313926155,2.831827482783509
9,340,0.46724633571460344,0.48062782420894823,0.6098681278327345,2.9003394380121423
9,350,0.44855044523301224,0.47602999665657236,0.6951642965593152,2.9688513932407754
9,360,0.4426853876242539,0.4691381320164125,0.665685400073665,3.0373633484694085
9,370,0.438143039987423,0.4521565481187797,0.6001407195696359,3.1058753036980415
9,380,0.42989091179534045,0.45377185808029996,0.5263154203327387,3.174387258926675
9,390,0.40289049349606176,0.43685591989549666,0.8050125014091133,3.242899214155308
9,400,0.396836647421278,0.4316660433652622,0.5326439860769198,3.311411169383942
9,410,0.3781212229639583,0.4299641876863438,0.683894608368063,3.379923124612575
9,420,0.37197581463863383,0.4228735369453462,0.5242337923882309,3.4484350798412082
9,430,0.36175697927692274,0.42584137231178265,0.6018567260373163,3.5169470350698417
9,440,0.3505819164674519,0.4136589015689569,0.5715531502876404,3.585458990298475
9,450,0.3444024960169987,0.40287908651930515,0.5155050083454646,3.6539709455271088
9,460,0.33905468350121026,0.38807439071681965,0.46111356461050174,3.7224829007557414
9,470,0.3335093961153929,0.38647383913261363,0.45257774253829286,3.7909948559843754
9,480,0.3193406999799702,0.37374975083072987,0.6272722483421725,3.8595068112130075
9,490,0.3125747634577128,0.3649353295870627,0.47977334840148667,3.9280187664416406
9,500,0.3028018987021453,0.3599654669066103,0.668308232920018,3.9965307216702746
9,510,0.29303069733766274,0.3523445239362732,0.5224423737110266,4.065042676898908
9,520,0.28875958090915566,0.34590842216516926,0.48393732332956885,4.133554632127541
9,530,0.283521815084245,0.3449737340487803,0.43490095861837536,4.202066587356175
9,540,0.2733680790125514,0.3246377958184398,0.6393332813596647,4.270578542584808
9,550,0.269005472314395,0.3164443269749619,0.41397973446921316,4.339090497813441
9,560,0.2665288696047955,0.3137237081558951,0.3008912495218356,4.407602453042074
9,570,0.2630483029356246,0.3105369734418299,0.3772912744093052,4.476114408270707
9,580,0.2506925967070688,0.2992016408793291,0.6372308885890309,4.544626363499341
9,590,0.2416555888603027,0.29774284899433623,0.3749126455161076,4.613138318727974
9,600,0.2334339907860847,0.2903088170089858,0.4588904013895011,4.681650273956607
9,610,0.22893926042239537,0.29089360553139937,0.3989341301511374,4.750162229185241
9,620,0.22413969932592986,0.28790947963126806,0.5496004042933984,4.818674184413874
9,630,0.21379708642254475,0.27884292138353406,0.6282246815395921,4.887186139642507
9,640,0.2021195961442711,0.2691787637912127,0.6356305031757631,4.95569809487114
9,650,0.19819615367705906,0.2576699586530211,0.4544601708412805,5.024210050099773
9,660,0.19618739841016314,0.25272168482557683,0.37999145960778336,5.092722005328407
9,670,0.19475516622009353,0.24974609107502516,0.3560802651011067,5.16123396055704
9,680,0.19079494435801725,0.2456469111812985,0.5344525785688841,5.229745915785674
9,690,0.18196023692303046,0.24054134096566884,0.5472255148904785,5.298257871014307
9,700,0.17651126392338085,0.23515313438013866,0.44097774027562897,5.36676982624294
9,710,0.17489288728112548,0.2372844954285089,0.3740338893348639,5.4352817814715735
9,720,0.16803275022268702,0.23327964833657994,0.5666889712405456,5.5037937367002066
9,730,0.15998654129362244,0.22287129879269613,0.5901421813464994,5.57230569192884
9,740,0.15898817767086698,0.21775008200801405,0.3640918217627972,5.640817647157473
9,750,0.1512225754186184,0.20944239321239022,0.6159274773882506,5.709329602386106
9,760,0.14434816564646016,0.2053845567744932,0.5553664514594108,5.77784155761474
9,770,0.138910319893695,0.19750679877012095,0.4938004050577133,5.846353512843373
9,780,0.13260135466974382,0.19097284270094186,0.38039491905820927,5.914865468072006
9,790,0.1295032747212312,0.18309388105849836,0.4110791476023932,5.98337742330064
9,800,0.12213739138955461,0.17386813511436922,0.5505814661460007,6.051889378529273
9,810,0.11942843571593018,0.17110150762966853,0.32284633642689337,6.120401333757906
9,820,0.11252008898624581,0.16662915139267864,0.48724790198424905,6.188913288986539
9,830,0.11065851833520768,0.16246563362382682,0.2647513525854118,6.257425244215172
9,840,0.10873152427611144,0.1602323988454028,0.2804357399906576,6.325937199443806
9,850,0.10320151886222766,0.1506429060803542,0.49898151442872807,6.394449154672439
9,860,0.09880763011103076,0.14715018950428066,0.38034111697088796,6.394449154672439
9,870,0.09139019605610652,0.13823734089932918,0.4768773318755003,6.394449154672439
9,880,0.08761311053148632,0.1380252820475198,0.3397218060378612,6.394449154672439
9,890,0.0855860769208281,0.1390264100489095,0.25950728332348005,6.394449154672439
9,900,0.08157756499439092,0.13588390625575142,0.34775734242668055,6.394449154672439
9,910,0.07705189801382549,0.1329468057912933,0.42639033663873765,6.394449154672439
9,920,0.07246770743751285,0.1307716876348146,0.39126918137148603,6.394449154672439
9,930,0.06973039031590046,0.12705729408340768,0.3074549978353354,6.394449154672439
9,940,0.0675203916441005,0.12146406399170152,0.40886295135137407,6.394449154672439
9,950,0.06412416505605414,0.11488350193396414,0.28805458877732104,6.394449154672439
9,960,0.06155307418775047,0.11579949411652268,0.24946007347219515,6.394449154672439
9,970,0.05983504347038682,0.1123913525066701,0.2761690415485384,6.394449154672439
9,980,0.05857675256832402,0.11027707088388579,0.11715995031570514,6.394449154672439
9,990,0.05590524342207537,0.10753141925094126,0.29119092438434724,6.394449154672439
9,1000,0.05186718711499207,0.102793006537095,0.3766018126660023,6.394449154672439
9,1010,0.050679682009572076,0.10115737054201998,0.1044787048846146,6.394449154672439
9,1020,0.0490984087817356,0.09937257914142511,0.1634563649403519,6.394449154672439
9,1030,0.04496870094304896,0.09387310431462428,0.38089836526330917,6.394449154672439
9,1040,0.0437161945108151,0.09522251427910818,0.19766408561823512,6.394449154672439
9,1050,0.04257473901061429,0.09384047731682896,0.09754786999983305,6.394449154672439
9,1060,0.04042663538080907,0.09283084147912499,0.2233844520255444,6.394449154672439
9,1070,0.039624844498570705,0.09258485907954286,0.08205995161612159,6.394449154672439
9,1080,0.03846344399560363,0.09149268227586675,0.10806961760383971,6.394449154672439
9,1090,0.03730808472825042,0.08958161429747788,0.1303797111881752,6.394449154672439
9,1100,0.036832165422820765,0.08924995739732139,0.052816715308245075,6.394449154672439
9,1110,0.0351415291773997,0.08891884804505144,0.1801963265278874,6.394449154672439
9,1120,0.03456722282052627,0.08793922298217983,0.19540152541689276,6.394449154672439
9,1130,0.033192138165816044,0.08610719159517721,0.1482479738335803,6.394449154672439
9,1140,0.0327701493460731,0.0842442338308701,0.051868466393127796,6.394449154672439
9,1150,0.03171534173064233,0.08395542553131242,0.11776603103043352,6.394449154672439
9,1160,0.031178352330912637,0.08371490991178974,0.05158708272751515,6.394449154672439
9,1170,0.030177536199014504,0.0837817888458662,0.0956163321205756,6.394449154672439
9,1180,0.02987840222469473,0.08330534674927814,0.03421902939879241,6.394449154672439
9,1190,0.029488698659833723,0.08414637189574271,0.06408868294647518,6.394449154672439
9,1200,0.02905975696850091,0.08241508363433543,0.04456415809736883,6.394449154672439
10,10,0.20855050473470718,0.7609923012428466,0.1023358324752968,0.6394449154672439
10,20,0.20886114108587378,0.7910313671896578,0.16400639618713808,0.7079568706958772
10,30,0.21200413544551894,0.7831523842589445,0.13653657535322153,0.7764688259245105
10,40,0.20564686205034383,0.8023292456329076,0.25685681130501514,0.8449807811531438
10,50,0.2010274973716708,0.7955509621799632,0.23401106540118427,0.913492736381777
10,60,0.20532153048225887,0.7931365821821714,0.10449630014844047,0.9820046916104104
10,70,0.19583254021447757,0.7938019600859713,0.3226491391122806,1.0505166468390437
10,80,0.19521920867455034,0.7909152954228349,0.1714502335230429,1.1190286020676767
10,90,0.1963238784828445,0.7905413413606069,0.13806429456030417,1.1875405572963103
10,100,0.18912268466420742,0.784846341091896,0.2937960776010359,1.2560525125249433
10,110,0.1822918042085523,0.7819767216569029,0.28652950718145986,1.3245644677535766
10,120,0.17733492699707598,0.7702072612618522,0.2505971731013087,1.39307642298221
10,130,0.17117479732186508,0.785068035796821,0.27656146406903065,1.4615883782108432
10,140,0.16408744265874897,0.7906888110062362,0.28549784589457067,1.5301003334394765
10,150,0.16401117213895078,0.7893206371966467,0.12315481103996317,1.5986122886681098
10,160,0.15881461632361554,0.8046966057271759,0.25470014847828115,1.667124243896743
10,170,0.15305063345592343,0.8134004703078352,0.25625667658011875,1.7356361991253766
10,180,0.15239402903362756,0.8190290363022346,0.12689025338791174,1.8041481543540097
10,190,0.14954338789301908,0.8193774796632483,0.18769127279482106,1.8726601095826427
10,200,0.14365880479992085,0.8193481742156352,0.2593945303732556,1.9411720648112765
10,210,0.14142217488448192,0.8186169777671711,0.15475595316053412,2.0096840200399093
10,220,0.13482476190875314,0.8189673189379267,0.2829090177584924,2.078195975268543
10,230,0.12994200120211497,0.8236971008356642,0.23762726880234003,2.1467079304971763
10,240,0.12653129443829705,0.8323867131504246,0.18510540634022715,2.2152198857258094
10,250,0.12475656743076659,0.8296904305668764,0.12972608079125994,2.283731840954442
10,260,0.12138282867203141,0.8238660923932974,0.19198720263285612,2.352243796183076
10,270,0.11676776123394789,0.810524273314372,0.23528045932705305,2.420755751411709
10,280,0.11690568648887299,0.8123254525198382,0.05809062397406963,2.4892677066403426
10,290,0.11457244943916467,0.8151920768265354,0.14091129789248133,2.5577796618689757
10,300,0.11348585021250514,0.8121804928979828,0.10382721748366079,2.6262916170976087
10,310,0.11314070996937689,0.8123090587669979,0.07148815689822088,2.6948035723262427
10,320,0.11031147857823179,0.8139378675842547,0.17389680675441346,2.7633155275548758
10,330,0.10617399231567254,0.8163342955270836,0.19833397241665868,2.831827482783509
10,340,0.10203417184908528,0.8113587373002473,0.2078179246718904,2.9003394380121423
10,350,0.100764432033845,0.8044774609189534,0.10225545700901466,2.9688513932407754
10,360,0.09936613332599947,0.8051530548832964,0.10014109074629374,3.0373633484694085
10,370,0.09729027199902462,0.8058960906739419,0.12943977042502158,3.1058753036980415
10,380,0.09596852600265889,0.8052116342560529,0.09917736946890922,3.174387258926675
10,390,0.09518696838570224,0.8092445380705435,0.07520017955187779,3.242899214155308
10,400,0.09465138737983872,0.8049783014352172,0.06435295248960125,3.311411169383942
10,410,0.09288191508657714,0.7992077098580361,0.12535257869457872,3.379923124612575
10,420,0.09172515282678548,0.7988070473691041,0.08882636236392381,3.4484350798412082
10,430,0.09204844119864466,0.799341105438613,0.021717229435005092,3.5169470350698417
10,440,0.09159668906108533,0.7976743728020985,0.05921640055758104,3.585458990298475
10,450,0.09103971975791586,0.7956698078235891,0.06267475586374296,3.6539709455271088
10,460,0.08872668024085517,0.7974364428346326,0.14615495808795403,3.7224829007557414
10,470,0.08809908917059919,0.7981409318710055,0.06001966894136175,3.7909948559843754
10,480,0.08737370195752689,0.7986196996214936,0.07200149027389086,3.8595068112130075
10,490,0.08643990957534443,0.7967481339289296,0.07794202001276093,3.9280187664416406
10,500,0.08558498772495335,0.7962679235033192,0.0735102806603127,3.9965307216702746
10,510,0.08435334229951313,0.7919402190856172,0.09668387040977136,4.065042676898908
10,520,0.0843916127059666,0.7905327677061502,0.02581087584412429,4.133554632127541
10,530,0.08390171074322578,0.7923798548944347,0.056059846465818165,4.202066587356175
10,540,0.08260662428674431,0.7953044311877668,0.0954596546486662,4.270578542584808
10,550,0.08192234076311254,0.7964417846425274,0.06354278461121707,4.339090497813441
10,560,0.08155319287490008,0.8003559303810457,0.04638141412592174,4.407602453042074
10,570,0.08143138585042364,0.7984829651321153,0.032253073989157596,4.476114408270707
10,580,0.08008595715246244,0.7970316528488932,0.10812811958275474,4.544626363499341
10,590,0.07939057508030184,0.7996339610410821,0.06547355822246553,4.613138318727974
10,600,0.0792062985849113,0.7980707151202147,0.033214637809171194,4.681650273956607
10,610,0.0778121512538953,0.8023811836631211,0.10565137569121955,4.750162229185241
10,620,0.0777569990717226,0.8018585098218937,0.024410518723378582,4.818674184413874
10,630,0.0773246613919497,0.804595875528793,0.05005907184938544,4.887186139642507
10,640,0.07671498276614779,0.8057391822072396,0.05593447210674046,4.95569809487114
10,650,0.07578842746366245,0.8026884283943323,0.08265957778737913,5.024210050099773
10,660,0.07539165873877735,0.8031402535019978,0.04335275483894315,5.092722005328407
10,670,0.07534951445961198,0.8049133247150047,0.02453914608900066,5.16123396055704
10,680,0.07524078838775777,0.804936080389622,0.026258786775823283,5.229745915785674
10,690,0.07466025219278456,0.8045117450760867,0.05915388949718177,5.298257871014307
10,700,0.07451282175826218,0.8049821213279602,0.031758521866408526,5.36676982624294
10,710,0.07382087903021978,0.8034836708127471,0.06433081419011993,5.4352817814715735
10,720,0.07338413800506118,0.80351838974052,0.05194752887058035,5.5037937367002066
10,730,0.07302972827914936,0.8033856547980858,0.0394344513725949,5.57230569192884
10,740,0.07288312559075265,0.8049321705698285,0.026025716640491893,5.640817647157473
10,750,0.07269507912291656,0.8031192657516909,0.030056749054740428,5.709329602386106
10,760,0.07165252913933125,0.8040504880187643,0.08914855724132267,5.77784155761474
10,770,0.07129440436042717,0.80294086696167,0.040685880308137544,5.846353512843373
10,780,0.07102248718025367,0.8024847104401591,0.03755975806494586,5.914865468072006
10,790,0.07068139303969512,0.8058707171565669,0.04343987934394507,5.98337742330064
10,800,0.07023555833642561,0.8071618354524035,0.04228996037149248,6.051889378529273
10,810,0.06997914687706017,0.8059491609127463,0.03394201356934184,6.120401333757906
10,820,0.06937345031672784,0.8055654204349824,0.06594397555128956,6.188913288986539
10,830,0.06932816898760391,0.8051974621638455,0.016852582538187312,6.257425244215172
10,840,0.069203547021397,0.8029590336803953,0.028002014708212748,6.325937199443806
10,850,0.06887947648326129,0.7993547278548041,0.03877662466331156,6.394449154672439
10,860,0.06865476901785368,0.799435315441674,0.01973216827133699,6.394449154672439
10,870,0.06841243536325267,0.800120064964094,0.021598494613222996,6.394449154672439
10,880,0.06805207932430907,0.8005455050872231,0.029406673824235945,6.394449154672439
10,890,0.06761494004822476,0.8000097891343927,0.03589084573531849,6.394449154672439
10,900,0.06738292880645255,0.7997224118282702,0.018455969190453617,6.394449154672439
10,910,0.06720699014598455,0.7997452303211847,0.015325737564439695,6.394449154672439
10,920,0.06709554675482353,0.8001054144909028,0.010595900417439708,6.394449154672439
10,930,0.06673892959299434,0.801236127585964,0.03613918722747919,6.394449154672439
10,940,0.06659099719282142,0.8004400405768649,0.014580848721143971,6.394449154672439
10,950,0.0664422416368852,0.801120419391911,0.015608155704261644,6.394449154672439
10,960,0.06620356787467718,0.8018757454915624,0.02211089068141105,6.394449154672439
10,970,0.06597083142622277,0.8023340516103042,0.016413276339554486,6.394449154672439
10,980,0.06564824982982731,0.8027047376926493,0.030402904141752257,6.394449154672439
10,990,0.06561600152426582,0.802634620335992,0.004379762997498926,6.394449154672439
10,1000,0.06541398162868622,0.8025433620350584,0.016755628760621626,6.394449154672439
10,1010,0.0652863685047522,0.8024099223150749,0.013468253405842507,6.394449154672439
10,1020,0.06495363388579102,0.8032020771343191,0.024060729799244836,6.394449154672439
10,1030,0.06484002987235758,0.8024986385901027,0.011008665333084849,6.394449154672439
10,1040,0.064562369976684,0.8017892708263658,0.025912425967824327,6.394449154672439
10,1050,0.06445984951229383,0.8013442920557186,0.008890160929570333,6.394449154672439
10,1060,0.06424152299682753,0.8021814689877509,0.018828248039498337,6.394449154672439
10,1070,0.06404100295987063,0.8016623771767672,0.017641908409826674,6.394449154672439
10,1080,0.06387463424353419,0.8020779860764953,0.01755153585026066,6.394449154672439
10,1090,0.06353011145654677,0.8031977729761623,0.029315849382366938,6.394449154672439
10,1100,0.06343023127579728,0.8031501543494151,0.008150321616226619,6.394449154672439
10,1110,0.06326838425270895,0.8026887040721256,0.013831290263308395,6.394449154672439
10,1120,0.06309285534565853,0.8027667095517494,0.015737647988838276,6.394449154672439
10,1130,0.06286646995793174,0.8018312822046891,0.018411657136121314,6.394449154672439
10,1140,0.06271450139685507,0.801598473042326,0.016040231629547503,6.394449154672439
10,1150,0.06255038411995953,0.8017340329624029,0.01298556963448472,6.394449154672439
10,1160,0.06237501286235314,0.8019749546785584,0.01441586311672278,6.394449154672439
10,1170,0.062271609465750236,0.801284291621623,0.010583174511363706,6.394449154672439
10,1180,0.0621403067503894,0.8010403664522132,0.011552059605061676,6.394449154672439
10,1190,0.0620335176479789,0.8005364283310057,0.010462081013484148,6.394449154672439
10,1200,0.062010116177427355,0.8003144807979694,0.004357002692338336,6.394449154672439
11,10,1.7256654522232016,0.8918093255470219,0.6035153034132789,0.6394449154672439
11,20,1.8182119360028326,0.9257441945327405,0.5127249752511424,0.7079568706958772
11,30,1.8598985681277882,0.96815510597111,0.6411824335975956,0.7764688259245105
11,40,1.9053406593534576,0.9914336641560832,0.7306110522359954,0.8449807811531438
11,50,1.9174030197952725,0.9997556560609651,0.7655776291040249,0.913492736381777
11,60,1.9436362085854673,0.9969255312296954,0.8141345151790477,0.9820046916104104
11,70,1.9007553299067246,0.9864107193826197,0.9137595553985747,1.0505166468390437
11,80,1.9203645397138402,0.9746460805522685,0.7578440390509465,1.1190286020676767
11,90,1.9171496071043164,0.9638116853185341,0.8322132199335845,1.1875405572963103
11,100,1.8967127818881728,0.9440288599397094,0.8647884409536755,1.2560525125249433
11,110,1.8507258023622617,0.9273143335976348,0.8880663353547954,1.3245644677535766
11,120,1.8503936521122022,0.9133935758052609,0.6696460239084392,1.39307642298221
11,130,1.805806978341884,0.8686195543705546,0.9574464959843775,1.4615883782108432
11,140,1.7148628223381872,0.8370606268907845,0.9738524190288127,1.5301003334394765
11,150,1.6522421419957793,0.8149641608718969,0.753051545149872,1.5986122886681098
11,160,1.5904893500587736,0.7807931341770951,0.8307932529966162,1.667124243896743
11,170,1.5687061710087828,0.769852353777382,0.9419390663440925,1.7356361991253766
11,180,1.4884772922934562,0.7228336085806213,0.9930519132281482,1.8041481543540097
11,190,1.4008662820477307,0.6703271533899403,0.95665209638065,1.8726601095826427
11,200,1.3177390007123435,0.6260561836275105,0.9070017335718374,1.9411720648112765
11,210,1.279282413736055,0.6130132995809827,0.9350302550038032,2.0096840200399093
11,220,1.2092171292821476,0.5771403938735286,0.9906032986111111,2.078195975268543
11,230,1.1470657209749686,0.5584207587109735,0.8629045726746825,2.1467079304971763
11,240,1.0895121778323986,0.5320215238539198,0.8756913473396427,2.2152198857258094
11,250,1.027782916732043,0.5065468702303643,0.9765335909822989,2.283731840954442
11,260,0.9987592087910622,0.494736425520778,0.7575382179899747,2.352243796183076
11,270,0.9623915649922011,0.4772125492408728,0.6703370077105204,2.420755751411709
11,280,0.9009270748082446,0.4438422946132219,0.7930704376761104,2.4892677066403426
11,290,0.85964946790162,0.43193956600802363,0.7915830982419976,2.5577796618689757
11,300,0.8246873083129893,0.4157870745772242,0.7225387889276766,2.6262916170976087
11,310,0.7714948681646252,0.3905329925210825,0.7110322412549521,2.6948035723262427
11,320,0.7514126630068327,0.3845374987151363,0.5531807964074025,2.7633155275548758
11,330,0.730497931240788,0.37171378262570687,0.8657912589978599,2.831827482783509
11,340,0.7059130444324981,0.35965044821249925,0.8521202556022824,2.9003394380121423
11,350,0.6688034516359446,0.3418519855384998,0.9974717881944446,2.9688513932407754
11,360,0.6618828715580256,0.3373389188886398,0.7187112161088305,3.0373633484694085
11,370,0.645915517499694,0.3276669939420061,0.7406335310330712,3.1058753036980415
11,380,0.6364758145289384,0.3226179248467007,0.7645230568662545,3.174387258926675
11,390,0.6229244883208738,0.31372033172061936,0.7590374215948239,3.242899214155308
11,400,0.5930905385415002,0.30176912011231066,0.7892409329524293,3.311411169383942
11,410,0.5562008079661297,0.28485378783909115,0.8173352445430216,3.379923124612575
11,420,0.5301920170447114,0.27531314051979183,0.7960196217879205,3.4484350798412082
11,430,0.5196518769646425,0.27283447822857604,0.8137582104305687,3.5169470350698417
11,440,0.5159080093639086,0.267245728724123,0.48647060021268806,3.585458990298475
11,450,0.5027812445224492,0.264607008865562,0.7068862183749054,3.6539709455271088
11,460,0.4953102987078715,0.2576018401082324,0.625715325187054,3.7224829007557414
11,470,0.4851670067762877,0.25328491821203925,0.8011899645057063,3.7909948559843754
11,480,0.4733875470947865,0.25562161019761753,0.6103902195985517,3.8595068112130075
11,490,0.4543264668895416,0.2376775680670708,0.6736675048876826,3.9280187664416406
11,500,0.43727320081808957,0.22890128344268015,0.8237665727754692,3.9965307216702746
11,510,0.42969438730424964,0.23873068106037348,0.6618704249934373,4.065042676898908
11,520,0.415778652797775,0.2342028120045195,0.762876026303485,4.133554632127541
11,530,0.41408688622368595,0.22558064917309814,0.5423002025570904,4.202066587356175
11,540,0.39800494211287724,0.22026973786457482,0.7685351999015384,4.270578542584808
11,550,0.3977084602425014,0.22397981397153105,0.6295191597293879,4.339090497813441
11,560,0.3863803935642987,0.21245172628909345,0.8364086270420306,4.407602453042074
11,570,0.37668347029931487,0.21560304632611133,0.6248294093813773,4.476114408270707
11,580,0.36315624284254494,0.20836553090197146,0.7943695338980896,4.544626363499341
11,590,0.360708256607403,0.21040214510477537,0.6848441974463915,4.613138318727974
11,600,0.351749725948322,0.19834518027100892,0.7188326330580623,4.681650273956607
11,610,0.34258806988532503,0.19850149804750689,0.618859769575869,4.750162229185241
11,620,0.3314535640045345,0.19192561559159255,0.7392795893235214,4.818674184413874
11,630,0.3217816133550513,0.1846036774878948,0.8801064469318067,4.887186139642507
11,640,0.31144195163035704,0.17056038271296822,0.7266308150208904,4.95569809487114
11,650,0.3080809473051709,0.1724727289909094,0.5490832092155089,5.024210050099773
11,660,0.30324150543766226,0.17648402561873294,0.816682440095849,5.092722005328407
11,670,0.293118994528203,0.17603987692414266,0.5908937340160063,5.16123396055704
11,680,0.2869683113527597,0.17859621694067662,0.8165241793875213,5.229745915785674
11,690,0.2845327550405383,0.18415865659391983,0.5145354596124727,5.298257871014307
11,700,0.2728028146559011,0.17997463308702005,0.7066020157291951,5.36676982624294
11,710,0.26837025499048195,0.1758952416358296,0.6830366591846855,5.4352817814715735
11,720,0.26342901624302195,0.17642717744285452,0.7915344646605594,5.5037937367002066
11,730,0.25615090238351124,0.16665493182270572,0.5942335615752883,5.57230569192884
11,740,0.2505616795600001,0.16337236018647155,0.6493929193768949,5.640817647157473
11,750,0.23830520573274644,0.15871277793719585,0.7115957047092717,5.709329602386106
11,760,0.23932605326176634,0.15504116320327932,0.7529057007116341,5.77784155761474
11,770,0.23662468418919685,0.1496842102884395,0.4272283861128009,5.846353512843373
11,780,0.22971648587334187,0.14319178285498046,0.6540763133522027,5.914865468072006
11,790,0.22461841417786912,0.1403417083468039,0.5995817488058395,5.98337742330064
11,800,0.22210886582947317,0.13357431751285057,0.5224771117480638,6.051889378529273
11,810,0.21943133397771442,0.13307393111440233,0.548714827313632,6.120401333757906
11,820,0.21994829889947135,0.1337002118074819,0.8545902750917908,6.188913288986539
11,830,0.21595141767826742,0.13247558269890558,0.6933586769180643,6.257425244215172
11,840,0.20642562804486236,0.12837712995579903,0.7184119035569544,6.325937199443806
11,850,0.20507549774419492,0.13086799888975276,0.6372312555211155,6.394449154672439
11,860,0.20024838511131043,0.13310585942401543,0.5364290787459025,6.394449154672439
11,870,0.19751399778809653,0.12670736019408937,0.5647004232657276,6.394449154672439
11,880,0.18853964437354653,0.12512725548146034,0.673358639265792,6.394449154672439
11,890,0.183452640909871,0.12339445402694017,0.7102667404938756,6.394449154672439
11,900,0.1800241055951961,0.12319903646715734,0.5924882285800559,6.394449154672439
11,910,0.17181166118425162,0.12286895680657213,0.5953041721954839,6.394449154672439
11,920,0.1660794860564534,0.12041904235249298,0.7469107717029208,6.394449154672439
11,930,0.164353061195536,0.12072508803360933,0.4539946851967846,6.394449154672439
11,940,0.16204164595323908,0.119909976350021,0.3844957947935284,6.394449154672439
11,950,0.1578297231222469,0.11667466057482796,0.5752632642092413,6.394449154672439
11,960,0.15576446363509305,0.11584774112207741,0.3722173433789071,6.394449154672439
11,970,0.14976645680308248,0.11049023402832894,0.6113872169138124,6.394449154672439
11,980,0.150059782553973,0.10446850920322202,0.519021779599835,6.394449154672439
11,990,0.1490487099441546,0.1047033567837269,0.35791294486606834,6.394449154672439
11,1000,0.1452918698046497,0.10020734045063226,0.5146571087762123,6.394449154672439
11,1010,0.13807411734028496,0.0985904472165986,0.7295985429070772,6.394449154672439
11,1020,0.13454398105744575,0.10194671686377216,0.41989683500644526,6.394449154672439
11,1030,0.1298404692990006,0.092994639552234,0.6342174377859987,6.394449154672439
11,1040,0.126918624560047,0.0909838621793746,0.565573697487613,6.394449154672439
11,1050,0.12136176713715133,0.09298604804770728,0.5537971621191151,6.394449154672439
11,1060,0.12008330532598614,0.09085755367781179,0.4482022264223306,6.394449154672439
11,1070,0.11937336880506444,0.09186384314633662,0.5576969608784771,6.394449154672439
11,1080,0.11646682151553675,0.08712635132823715,0.5148981509071172,6.394449154672439
11,1090,0.11462399338749844,0.08617944823756181,0.6614375362266248,6.394449154672439
11,1100,0.11189742849540753,0.08222419060739777,0.5570755242009436,6.394449154672439
11,1110,0.10867728478322007,0.08099043072710992,0.4190133343328055,6.394449154672439
11,1120,0.1069408422145977,0.08393448661751723,0.37793646983373647,6.394449154672439
11,1130,0.1046734451502479,0.0817585012298154,0.5759426503163287,6.394449154672439
11,1140,0.10290168968831065,0.08046238066095637,0.37696736762632854,6.394449154672439
11,1150,0.10151268559019688,0.07993834749498221,0.42607702482755566,6.394449154672439
11,1160,0.09877126231792013,0.07862537119186201,0.4379525688618213,6.394449154672439
11,1170,0.09651369023812091,0.0772879517494171,0.3853442013789915,6.394449154672439
11,1180,0.09586346817410663,0.07752459767066297,0.2736166338932856,6.394449154672439
11,1190,0.09376749808847001,0.07628410047972531,0.4772380967777795,6.394449154672439
11,1200,0.09170008182410261,0.07504307703073182,0.3311840954387023,6.394449154672439
12,10,2.4609359333040226,0.2031469217633846,0.22116471055178946,0.6394449154672439
12,20,2.6923856499061207,0.24707937286726694,0.1918824993519488,0.7079568706958772
12,30,2.8701888561545874,0.35239720992567414,0.39714135593058547,0.7764688259245105
12,40,3.0151115768367958,0.4512092563446033,0.5751938697844843,0.8449807811531438
12,50,3.1475804091084494,0.5352346302063484,0.755734410525154,0.913492736381777
12,60,3.2820951098759372,0.6348299744663266,0.4727653250263325,0.9820046916104104
12,70,3.379399659250377,0.7072933570239638,0.8819770997582888,1.0505166468390437
12,80,3.4664038967556747,0.7855581371395937,0.7257944150409524,1.1190286020676767
12,90,3.536313469088998,0.8069968203446873,0.8540975381507983,1.1875405572963103
12,100,3.5975905091289273,0.8411110801554342,0.8548127532870575,1.2560525125249433
12,110,3.642171957400755,0.8652472052643854,0.8123049613813864,1.3245644677535766
12,120,3.6484792185195785,0.909873242171859,0.9034438870444716,1.39307642298221
12,130,3.667858744252566,0.9300506919518068,0.9203952337856365,1.4615883782108432
12,140,3.6495500593298376,0.9535701273486219,0.881780867652264,1.5301003334394765
12,150,3.638747566765135,0.9703400366459188,0.9220894680363365,1.5986122886681098
12,160,3.6606356681861483,0.9810936775889434,0.805168943880683,1.667124243896743
12,170,3.7149270217469126,0.9859213436070589,0.8019505798312327,1.7356361991253766
12,180,3.7166456013271847,0.9934500333322344,0.7490716280760268,1.8041481543540097
12,190,3.680463412373266,0.998485898614535,0.9706353690591843,1.8726601095826427
12,200,3.6739321609533175,0.9991927551307942,0.9938886834319527,1.9411720648112765
12,210,3.7078441613861988,0.9987467335688138,0.6660634077851453,2.0096840200399093
12,220,3.6876797144947306,0.9961090409475584,0.8964034770303749,2.078195975268543
12,230,3.705021334297706,0.9944006440530955,0.812314547083991,2.1467079304971763
12,240,3.6865834757570326,0.9877687008411955,0.8498674431165372,2.2152198857258094
12,250,3.6955854574592366,0.9837884637176069,0.7084795488834514,2.283731840954442
12,260,3.647869387439948,0.9775853215697912,0.8615938085897887,2.352243796183076
12,270,3.686962772259533,0.9707709959349724,0.6250070668901706,2.420755751411709
12,280,3.6924956428297016,0.9625044447346968,0.7016107030733668,2.4892677066403426
12,290,3.7055442804460728,0.956264210299946,0.7265252966496216,2.5577796618689757
12,300,3.693944684154408,0.9467110422470432,0.8517958587533052,2.6262916170976087
12,310,3.6839099237704023,0.9384000093159859,0.9959781804733728,2.6948035723262427
12,320,3.6740473188924287,0.9300815694822882,0.7948872128683325,2.7633155275548758
12,330,3.68306274557985,0.9192838548082771,0.9190382515092809,2.831827482783509
12,340,3.695158863088462,0.9150001413221434,0.7554788364483149,2.9003394380121423
12,350,3.6621419414632586,0.9077165857474485,0.931552639949541,2.9688513932407754
12,360,3.6736482662521164,0.9021458863664394,0.899153248859297,3.0373633484694085
12,370,3.659297619951519,0.8929591944900328,0.9015957869382738,3.1058753036980415
12,380,3.650388492078638,0.8822734784386651,0.9424727868675955,3.174387258926675
12,390,3.6408064297446137,0.8820853640394488,0.9955066568047337,3.242899214155308
12,400,3.650817623980654,0.8777269518646447,0.7967678545058323,3.311411169383942
12,410,3.6265632854746936,0.871723460843322,0.9968657544378698,3.379923124612575
12,420,3.6229191877796163,0.8645856778198977,0.960093030047223,3.4484350798412082
12,430,3.6074111812466985,0.8585224898358369,0.6865540032073189,3.5169470350698417
12,440,3.559692080124977,0.8502814246451472,0.7425736005664666,3.585458990298475
12,450,3.532753202019851,0.8405175701848455,0.9890519284093257,3.6539709455271088
12,460,3.499962952291951,0.8290810156184639,0.8985166756220109,3.7224829007557414
12,470,3.4911923767373114,0.8255133327536928,0.8680007469229192,3.7909948559843754
12,480,3.486406077229122,0.8220263505636554,0.8722124703920405,3.8595068112130075
12,490,3.476608577919531,0.8141315753122957,0.8626324459103991,3.9280187664416406
12,500,3.4329221149845166,0.8062105845999281,0.9984837278106509,3.9965307216702746
12,510,3.4163971269775173,0.8007997820517203,0.7040594058465433,4.065042676898908
12,520,3.404124418509695,0.7954459424316158,0.8827101133079729,4.133554632127541
12,530,3.365833388673332,0.7924574635573755,0.9964959319526627,4.202066587356175
12,540,3.3639878891755144,0.7919805440278431,0.783858767765566,4.270578542584808
12,550,3.346429371271431,0.7841997070338712,0.9167557871697113,4.339090497813441
12,560,3.3488845996633163,0.7827616803634286,0.8770036220201833,4.407602453042074
12,570,3.3616537904669546,0.7787697557590023,0.7423135926409921,4.476114408270707
12,580,3.3372152655670213,0.7721008577389008,0.7958653174116557,4.544626363499341
12,590,3.3369897859638575,0.7658100867390292,0.7413678309338607,4.613138318727974
12,600,3.3009234515458186,0.7600524438172008,0.99323224852071,4.681650273956607
12,610,3.3121152053492855,0.7570986451416675,0.8064956563006482,4.750162229185241
12,620,3.308695794347302,0.7557787191499485,0.8966286680187947,4.818674184413874
12,630,3.330391936778038,0.7582299109779318,0.6922222318338201,4.887186139642507
12,640,3.306987906880649,0.7561070477188974,0.769440280653388,4.95569809487114
12,650,3.312903952407008,0.7543998746015873,0.8407841607800821,5.024210050099773
12,660,3.291777432641772,0.7525607582223401,0.814383750324574,5.092722005328407
12,670,3.2557328216376202,0.7488891379454075,0.9921042899408284,5.16123396055704
12,680,3.2539203107903223,0.7496233809200653,0.8325789211659366,5.229745915785674
12,690,3.237550623915482,0.7407125029121084,0.9509117366935123,5.298257871014307
12,700,3.2236657960514474,0.7348510981371537,0.820788913774779,5.36676982624294
12,710,3.201412899736323,0.7247650328197294,0.7715054785785049,5.4352817814715735
12,720,3.170800113939011,0.7204322886935438,0.967573195607641,5.5037937367002066
12,730,3.1666925224540328,0.7160636819203579,0.8961633715731905,5.57230569192884
12,740,3.1474126031871528,0.7144457494364094,0.7345702320576323,5.640817647157473
12,750,3.1335652931378926,0.7091245055792583,0.8248951861273547,5.709329602386106
12,760,3.124525607722294,0.7051971109889874,0.7468511193325673,5.77784155761474
12,770,3.1058839851935804,0.7028173454578063,0.9582248148063041,5.846353512843373
12,780,3.0917778651625523,0.7045602986992183,0.9208406033941563,5.914865468072006
12,790,3.0631198907017976,0.703341191170546,0.8984998013705272,5.98337742330064
12,800,3.0266987843405055,0.7015726199455881,0.8627089107980869,6.051889378529273
12,810,3.0212664082112015,0.6982231588391254,0.8867780234426235,6.120401333757906
12,820,2.994889549022023,0.6977933477326569,0.8637222857420847,6.188913288986539
12,830,2.974521890035626,0.7023137464258549,0.9747420800969,6.257425244215172
12,840,2.942192580685756,0.6956987533950328,0.9163225802964268,6.325937199443806
12,850,2.9307884299750224,0.6997345068953362,0.9388448298837601,6.394449154672439
12,860,2.884284674820633,0.6989454366146004,0.8253319394221634,6.394449154672439
12,870,2.8439032568420908,0.695072494157069,0.9853530297931551,6.394449154672439
12,880,2.820478806988414,0.6931409082736247,0.7791595680182201,6.394449154672439
12,890,2.7654956618100646,0.6837062114472358,0.9350970985320777,6.394449154672439
12,900,2.7217964368188334,0.6836465697773759,0.867622025074582,6.394449154672439
12,910,2.6491724600794546,0.6796165099644598,0.893169879607522,6.394449154672439
12,920,2.6030153283661526,0.6810513340938578,0.9965329142011832,6.394449154672439
12,930,2.5447891508072575,0.6744825184586446,0.8060823397021316,6.394449154672439
12,940,2.48462174869573,0.6710575098844158,0.9949241863905325,6.394449154672439
12,950,2.4449009745519352,0.6674428059829647,0.8064900133541923,6.394449154672439
12,960,2.418002237135399,0.6676727172788937,0.69390635514461,6.394449154672439
12,970,2.3868424219735704,0.6635735384158469,0.9126641556320392,6.394449154672439
12,980,2.361325509650478,0.6658590881155109,0.8286045038563076,6.394449154672439
12,990,2.332251463407757,0.6671492297660755,0.7986784881204148,6.394449154672439
12,1000,2.295388702278346,0.6670283345837096,0.7161400099604555,6.394449154672439
12,1010,2.2684561506399783,0.6648208355775785,0.801911950323299,6.394449154672439
12,1020,2.247951879552792,0.6624780995877146,0.7607253775324622,6.394449154672439
12,1030,2.2135645640685357,0.665881525967903,0.7782691681328237,6.394449154672439
12,1040,2.1677472334958443,0.6622936762706646,0.8914745321180367,6.394449154672439
12,1050,2.1316230354262906,0.6595326470669938,0.9041147215605003,6.394449154672439
12,1060,2.1080032787876015,0.6561119962710394,0.9759750000994641,6.394449154672439
12,1070,2.0923430263727605,0.657360675624618,0.6264763059480181,6.394449154672439
12,1080,2.046341051543651,0.6533000952900437,0.9615349642442753,6.394449154672439
12,1090,2.004276537883919,0.6508684949578447,0.9983542899408283,6.394449154672439
12,1100,1.9620197503406378,0.646901895031688,0.8972389697712592,6.394449154672439
12,1110,1.9009544985880493,0.6479932636141127,0.9852525538627624,6.394449154672439
12,1120,1.8655226901332487,0.6480814166488319,0.8204748156789246,6.394449154672439
12,1130,1.8319297555252052,0.6463922334214798,0.8934537905919056,6.394449154672439
12,1140,1.8062659414064126,0.6433996396861112,0.6383441592524163,6.394449154672439
12,1150,1.786082492314275,0.6424431427468331,0.6984002993994874,6.394449154672439
12,1160,1.7589265843243944,0.6345092514116027,0.8088037333771784,6.394449154672439
12,1170,1.7289827162690348,0.6278619671573163,0.917891613667537,6.394449154672439
12,1180,1.712335582194294,0.6258521512499411,0.6556220261203712,6.394449154672439
12,1190,1.675774769122646,0.622883048310974,0.8965771415113034,6.394449154672439
12,1200,1.637268077625961,0.6224839921709416,0.9649613952598164,6.394449154672439
