Date,ADRO.JK,AMRT.JK,ASII.JK,BBCA.JK,BBRI.JK,BMRI.JK,ICBP.JK,KLBF.JK,SMGR.JK,TLKM.JK,TPIA.JK,UNTR.JK
2020-06-02,328.181640625,846.702880859375,3038.07275390625,4515.4970703125,2008.02685546875,1718.750244140625,7419.62158203125,1245.1790771484375,8367.8828125,2381.02490234375,1825.5609130859375,8905.5048828125
2020-06-03,333.9140930175781,837.295166015625,3140.841064453125,4869.3232421875,1957.51025390625,1808.0360107421875,7441.5068359375,1272.1505126953125,8346.3720703125,2410.329833984375,1800.8912353515625,9286.197265625
2020-06-04,333.6549072265625,837.295166015625,3057.341552734375,4877.7470703125,1932.2518310546875,1759.6728515625,7441.5068359375,1267.6551513671875,8260.326171875,2417.65625,1807.0584716796875,9245.408203125
2020-06-05,327.6967468261719,827.8873291015625,3211.49365234375,4822.9892578125,1963.8245849609375,1804.3157958984375,7550.94189453125,1267.6551513671875,8109.748046875,2366.372314453125,1770.053955078125,9299.7919921875
2020-06-08,345.5711364746094,813.7755737304688,3227.55078125,4970.416015625,2083.80126953125,1953.1253662109375,7682.2626953125,1281.140869140625,8733.57421875,2366.372314453125,1714.5469970703125,9544.5244140625
2020-06-09,351.529296875,785.5521240234375,3211.49365234375,4890.38427734375,2026.97021484375,1962.426025390625,7791.69580078125,1267.6551513671875,8131.25927734375,2300.436279296875,1745.3843994140625,9666.8896484375
2020-06-10,327.6967468261719,790.2559814453125,3115.14892578125,4886.17138671875,1913.3082275390625,1826.6373291015625,7572.828125,1321.5980224609375,7937.658203125,2278.4580078125,1714.5469970703125,9367.7744140625
2020-06-11,318.75958251953125,780.8482666015625,3018.803955078125,4785.07958984375,1875.421142578125,1744.7918701171875,7529.05517578125,1276.6455078125,8131.25927734375,2256.479248046875,1726.8817138671875,8946.291015625
2020-06-12,315.780517578125,785.5521240234375,3076.611083984375,4776.6533203125,1913.3082275390625,1819.19677734375,7529.05517578125,1240.6837158203125,8088.23681640625,2219.847900390625,1659.0401611328125,8946.291015625
2020-06-15,303.86431884765625,752.6248168945312,3044.495849609375,4633.43798828125,1831.2196044921875,1755.95263671875,7616.6025390625,1263.1600341796875,8109.748046875,2263.805419921875,1628.202880859375,8769.5439453125
2020-06-16,320.2491149902344,738.5130615234375,3192.223876953125,4852.47412109375,1976.4539794921875,1869.419921875,7769.810546875,1281.140869140625,8367.8828125,2344.39404296875,1702.2120361328125,9218.2177734375
2020-06-17,318.75958251953125,743.217041015625,3192.223876953125,4818.7763671875,1957.51025390625,1822.9168701171875,7835.47021484375,1285.6361083984375,8281.8388671875,2351.719970703125,1689.8773193359375,9626.1025390625
2020-06-18,306.8433532714844,743.217041015625,3083.03369140625,4705.046875,1925.937744140625,1793.1551513671875,7660.37548828125,1267.6551513671875,8023.701171875,2403.003662109375,1671.3751220703125,9598.9091796875
2020-06-19,309.8223876953125,743.217041015625,3140.841064453125,4696.62158203125,1957.51025390625,1815.4764404296875,7813.5830078125,1312.607421875,8174.28173828125,2403.003662109375,1677.54248046875,9707.6796875
2020-06-22,306.8433532714844,743.217041015625,3140.841064453125,4667.13720703125,1932.2518310546875,1789.434814453125,7966.7900390625,1321.5980224609375,8238.81640625,2344.39404296875,1689.8773193359375,9625.0966796875
2020-06-23,299.3956604003906,738.5130615234375,3147.263671875,4734.53173828125,1900.6793212890625,1781.9942626953125,7813.5830078125,1290.13134765625,8217.3056640625,2293.1103515625,1665.2076416015625,9439.9990234375
2020-06-24,311.3119201660156,747.9208984375,3211.49365234375,4806.1396484375,1970.1392822265625,1915.923095703125,7944.9033203125,1312.607421875,8152.771484375,2329.74169921875,1640.5379638671875,9525.4287109375
2020-06-25,299.3956604003906,747.9208984375,3249.29150390625,4822.9892578125,1932.2518310546875,1869.419921875,7857.35693359375,1308.1121826171875,8131.25927734375,2315.089111328125,1615.8680419921875,9383.046875
2020-06-26,302.374755859375,738.5130615234375,3249.29150390625,4755.5927734375,1913.3082275390625,1860.119140625,8076.224609375,1299.1217041015625,8174.28173828125,2337.067626953125,1597.3658447265625,9383.046875
2020-06-29,299.3956604003906,743.217041015625,3182.9794921875,4780.8662109375,1919.623291015625,1837.7979736328125,8229.431640625,1294.626708984375,8152.771484375,2329.74169921875,1591.1982421875,9511.1904296875
2020-06-30,296.4166259765625,747.9208984375,3182.9794921875,4797.71533203125,1913.3082275390625,1841.5181884765625,8185.658203125,1312.607421875,8317.2412109375,2348.27197265625,1622.0355224609375,9425.7607421875
2020-07-01,311.3119201660156,747.9208984375,3189.610595703125,4886.17138671875,1932.2518310546875,1856.399169921875,8054.337890625,1317.1026611328125,8338.84375,2340.57275390625,1622.0355224609375,9682.05078125
2020-07-02,312.8014831542969,747.9208984375,3229.39794921875,4945.142578125,1932.2518310546875,1860.119140625,8360.751953125,1344.07421875,8317.2412109375,2417.5654296875,1683.7098388671875,9767.48046875
2020-07-03,309.8223876953125,743.217041015625,3216.1357421875,4945.142578125,1925.937744140625,1860.119140625,8251.318359375,1344.07421875,8446.8603515625,2402.166748046875,1696.044677734375,9767.48046875
2020-07-06,317.27001953125,747.9208984375,3209.50390625,4999.9013671875,1919.623291015625,1888.0211181640625,8251.318359375,1375.540771484375,8598.08203125,2348.27197265625,1659.0401611328125,9810.193359375
2020-07-07,312.8014831542969,743.217041015625,3202.87255859375,5046.236328125,1913.3082275390625,1878.7205810546875,8316.9794921875,1362.05517578125,8360.4482421875,2402.166748046875,1671.3751220703125,9867.1494140625
2020-07-08,317.27001953125,743.217041015625,3255.9228515625,5223.1494140625,2014.34130859375,1962.426025390625,8273.2060546875,1366.55029296875,8403.65234375,2425.264892578125,1665.2076416015625,10507.8720703125
2020-07-09,326.207275390625,738.5130615234375,3249.29150390625,5138.9052734375,1982.7685546875,1953.1253662109375,8185.658203125,1375.540771484375,8209.2236328125,2394.467529296875,1634.370361328125,10507.8720703125
2020-07-10,323.2281799316406,733.8091430664062,3202.87255859375,5223.1494140625,1963.8245849609375,1925.2235107421875,8076.224609375,1321.5980224609375,8144.41357421875,2394.467529296875,1640.5379638671875,10208.8681640625
2020-07-13,344.0816345214844,729.1053466796875,3249.29150390625,5202.087890625,1995.397705078125,1953.1253662109375,8098.111328125,1312.607421875,8079.60546875,2379.0693359375,1659.0401611328125,10536.34765625
2020-07-14,344.0816345214844,729.1053466796875,3282.44775390625,5223.1494140625,2001.712158203125,1971.7261962890625,8273.2060546875,1353.064453125,8338.84375,2371.369873046875,1696.044677734375,10436.6806640625
2020-07-15,336.6339416503906,714.9935913085938,3415.071533203125,5181.02685546875,1976.4539794921875,1962.426025390625,8273.2060546875,1357.559814453125,8166.017578125,2379.0693359375,1733.04931640625,10393.9658203125
2020-07-16,330.6758117675781,705.5857543945312,3481.3837890625,5206.2998046875,1982.7685546875,1962.426025390625,8382.640625,1335.083740234375,8122.8115234375,2386.768310546875,1739.216796875,10436.6806640625
2020-07-17,344.0816345214844,700.8818359375,3448.227294921875,5155.75341796875,1957.51025390625,1925.2235107421875,8119.998046875,1317.1026611328125,8079.60546875,2355.971435546875,1751.5516357421875,10507.8720703125
2020-07-20,336.6339416503906,710.2896118164062,3381.9150390625,5172.60205078125,1925.937744140625,1897.32177734375,8163.77197265625,1335.083740234375,8166.017578125,2355.971435546875,1751.5516357421875,10479.39453125
2020-07-21,338.12347412109375,705.5857543945312,3564.273681640625,5223.1494140625,1989.083251953125,1971.7261962890625,8163.77197265625,1366.55029296875,8187.62158203125,2355.971435546875,1770.053955078125,11006.212890625
2020-07-22,335.14447021484375,705.5857543945312,3514.53955078125,5206.2998046875,1957.51025390625,2018.2294921875,8207.5458984375,1415.997802734375,8295.63671875,2363.67041015625,1776.221435546875,11390.646484375
2020-07-23,336.6339416503906,705.5857543945312,3431.649658203125,5223.1494140625,1982.7685546875,2120.5361328125,8229.431640625,1451.9595947265625,8166.017578125,2363.67041015625,1788.55615234375,11433.3623046875
2020-07-24,324.71771240234375,700.8818359375,3348.759521484375,5138.9052734375,1951.1959228515625,2083.333740234375,8220.47265625,1411.50244140625,8014.79541015625,2325.17431640625,1837.8956298828125,11077.40625
2020-07-27,330.6758117675781,705.5857543945312,3398.49365234375,5138.9052734375,1989.083251953125,2185.640380859375,8063.6787109375,1393.5216064453125,8101.20849609375,2340.57275390625,1714.5469970703125,11960.1806640625
2020-07-28,324.71771240234375,705.5857543945312,3431.649658203125,5210.51220703125,1982.7685546875,2176.33935546875,8108.4765625,1362.05517578125,8122.8115234375,2325.17431640625,1677.54248046875,12301.900390625
2020-07-29,323.2281799316406,700.8818359375,3365.33740234375,5168.390625,1970.1392822265625,2120.5361328125,8175.673828125,1371.0455322265625,8187.62158203125,2309.77587890625,1751.5516357421875,12244.947265625
2020-07-30,323.2281799316406,696.1779174804688,3415.071533203125,5256.8466796875,1995.397705078125,2157.738525390625,8242.87109375,1407.00732421875,7971.58935546875,2348.27197265625,1807.0584716796875,12159.5146484375
2020-08-03,306.8433532714844,677.3623046875,3236.02880859375,5164.177734375,1888.0501708984375,2046.131103515625,8332.466796875,1402.5120849609375,7885.17578125,2248.181884765625,1819.3934326171875,11646.9365234375
2020-08-04,308.3328552246094,700.8818359375,3289.078125,5231.57275390625,1944.88134765625,2074.033203125,8982.0419921875,1415.997802734375,7949.9853515625,2271.279541015625,1819.3934326171875,11646.9365234375
2020-08-05,312.8014831542969,710.2896118164062,3348.759521484375,5227.361328125,1944.88134765625,2120.5361328125,9452.4228515625,1451.9595947265625,8166.017578125,2325.17431640625,1807.0584716796875,12259.1845703125
2020-08-06,332.1653747558594,686.7701416015625,3464.805908203125,5273.69580078125,1963.8245849609375,2148.43798828125,9250.83203125,1438.47412109375,8295.63671875,2325.17431640625,1819.3934326171875,13540.6328125
2020-08-07,326.207275390625,691.4740600585938,3497.96142578125,5206.2998046875,1963.8245849609375,2157.738525390625,9116.4365234375,1420.4930419921875,8360.4482421875,2294.377197265625,1813.2259521484375,14067.451171875
2020-08-10,339.6129455566406,682.0662231445312,3398.49365234375,5155.75341796875,1976.4539794921875,2157.738525390625,9116.4365234375,1447.4644775390625,8295.63671875,2286.677734375,1825.5609130859375,14110.1650390625
2020-08-11,342.5920715332031,686.7701416015625,3464.805908203125,5202.087890625,2014.34130859375,2222.8427734375,9138.8359375,1438.47412109375,8295.63671875,2255.88134765625,1813.2259521484375,13825.3984375
2020-08-12,333.6549072265625,682.0662231445312,3580.851806640625,5273.69580078125,2115.3740234375,2287.947021484375,9094.0380859375,1451.9595947265625,8511.66796875,2271.279541015625,1825.5609130859375,13398.248046875
2020-08-13,332.1653747558594,682.0662231445312,3580.851806640625,5307.392578125,2102.744384765625,2250.744384765625,9183.6337890625,1460.9500732421875,8403.65234375,2317.47509765625,1819.3934326171875,13270.1044921875
2020-08-14,332.1653747558594,682.0662231445312,3564.273681640625,5395.8505859375,2109.059326171875,2241.44384765625,9116.4365234375,1460.9500732421875,8209.2236328125,2332.87353515625,1831.728271484375,13141.958984375
2020-08-18,332.1653747558594,682.0662231445312,3564.273681640625,5357.939453125,2222.721435546875,2287.947021484375,9138.8359375,1456.454833984375,8425.2568359375,2348.27197265625,1825.5609130859375,13440.9638671875
2020-08-19,332.1653747558594,677.3623046875,3514.53955078125,5332.6669921875,2247.97900390625,2269.345458984375,9049.2392578125,1442.9693603515625,8252.4306640625,2309.77587890625,1813.2259521484375,13369.7724609375
2020-08-24,326.207275390625,682.0662231445312,3514.53955078125,5320.02978515625,2298.495849609375,2232.143310546875,9161.234375,1438.47412109375,8382.0498046875,2309.77587890625,1788.55615234375,13099.244140625
2020-08-25,327.6967468261719,710.2896118164062,3514.53955078125,5362.15185546875,2399.52880859375,2325.149169921875,9340.427734375,1456.454833984375,8900.5263671875,2294.377197265625,1757.718994140625,13412.48828125
2020-08-26,330.6758117675781,682.0662231445312,3547.69580078125,5341.09033203125,2361.641357421875,2362.3515625,9273.23046875,1429.4833984375,9030.1474609375,2325.17431640625,1739.216796875,13241.6279296875
2020-08-27,335.14447021484375,677.3623046875,3514.53955078125,5560.12646484375,2336.38330078125,2343.75048828125,9273.23046875,1451.9595947265625,9224.5751953125,2302.076904296875,1745.3843994140625,13398.248046875
2020-08-28,341.1025390625,677.3623046875,3531.11767578125,5471.67041015625,2330.068603515625,2315.8486328125,9250.83203125,1447.4644775390625,9202.9716796875,2278.978759765625,1751.5516357421875,13341.296875
2020-08-31,323.2281799316406,672.658447265625,3381.9150390625,5286.33203125,2216.406982421875,2213.5419921875,9161.234375,1420.4930419921875,9116.560546875,2201.986328125,1757.718994140625,13099.244140625
2020-09-01,339.6129455566406,663.2506103515625,3481.3837890625,5492.7314453125,2279.55224609375,2278.646240234375,9161.234375,1433.978515625,9505.41796875,2232.783447265625,1770.053955078125,13384.0107421875
2020-09-02,361.9559020996094,658.5467529296875,3514.53955078125,5421.123046875,2311.125244140625,2260.044921875,9138.8359375,1438.47412109375,9246.177734375,2271.279541015625,1720.7144775390625,13298.578125
2020-09-03,358.9769287109375,658.5467529296875,3431.649658203125,5475.8818359375,2260.6083984375,2222.8427734375,9161.234375,1433.978515625,9094.95703125,2232.783447265625,1714.5469970703125,13327.0576171875
2020-09-04,358.9769287109375,663.2506103515625,3348.759521484375,5374.78857421875,2241.664794921875,2204.2412109375,9228.431640625,1429.4833984375,8943.7333984375,2201.986328125,1683.7098388671875,13156.19921875
2020-09-07,372.3827209472656,667.9544677734375,3332.181396484375,5294.75634765625,2216.406982421875,2176.33935546875,9250.83203125,1438.47412109375,9138.1630859375,2232.783447265625,1702.2120361328125,13184.67578125
2020-09-08,369.40362548828125,658.5467529296875,3398.49365234375,5336.87890625,2222.721435546875,2222.8427734375,9250.83203125,1420.4930419921875,8814.1142578125,2201.986328125,1708.3795166015625,13184.67578125
2020-09-09,357.4873962402344,658.5467529296875,3249.29150390625,5261.05810546875,2153.261474609375,2148.43798828125,9206.033203125,1398.0169677734375,8727.701171875,2155.790771484375,1683.7098388671875,12899.91015625
2020-09-10,333.6549072265625,649.138916015625,3023.830810546875,4894.595703125,2008.02685546875,1999.628173828125,8937.2431640625,1330.5882568359375,8122.8115234375,2078.79833984375,1622.0355224609375,12187.9931640625
2020-09-11,351.529296875,653.8427734375,3070.248779296875,4974.6279296875,2052.228271484375,2036.8304443359375,9183.6337890625,1415.997802734375,8122.8115234375,2163.489990234375,1677.54248046875,13056.53125
2020-09-14,357.4873962402344,663.2506103515625,3176.3486328125,5096.7822265625,2172.205078125,2139.13720703125,9452.4228515625,1429.4833984375,8511.66796875,2225.083984375,1696.044677734375,13099.244140625
2020-09-15,354.5083312988281,658.5467529296875,3196.241943359375,4936.71826171875,2102.744384765625,2111.2353515625,9318.029296875,1389.0263671875,8317.2412109375,2178.888427734375,1708.3795166015625,13597.5859375
2020-09-16,341.1025390625,649.138916015625,3169.717041015625,4844.05029296875,2058.543212890625,2101.934814453125,9362.826171875,1384.53125,8122.8115234375,2148.091552734375,1726.8817138671875,13683.0185546875
2020-09-17,336.6339416503906,639.7310791015625,3222.7666015625,4848.26171875,2020.656005859375,2074.033203125,9138.8359375,1362.05517578125,8036.3994140625,2171.189208984375,1726.8817138671875,13327.0576171875
2020-09-18,341.1025390625,639.7310791015625,3169.717041015625,4742.95703125,2033.284912109375,2074.033203125,9116.4365234375,1389.0263671875,8058.00146484375,2225.083984375,1726.8817138671875,13554.869140625
2020-09-21,341.1025390625,635.0271606445312,3096.773681640625,4721.8955078125,2014.34130859375,2036.8304443359375,9094.0380859375,1348.5694580078125,7949.9853515625,2163.489990234375,1714.5469970703125,13440.9638671875
2020-09-22,345.5711364746094,630.3233032226562,3096.773681640625,4591.31689453125,1976.4539794921875,1971.7261962890625,9183.6337890625,1308.1121826171875,7798.76318359375,2140.39208984375,1708.3795166015625,12999.576171875
2020-09-23,345.5711364746094,630.3233032226562,3070.248779296875,4637.65087890625,1944.88134765625,1934.52392578125,9273.23046875,1375.540771484375,7690.74658203125,2155.790771484375,1726.8817138671875,13184.67578125
2020-09-24,336.6339416503906,620.9154663085938,3050.355224609375,4587.1044921875,1913.3082275390625,1888.0211181640625,9049.2392578125,1362.05517578125,7604.3330078125,2101.89599609375,1757.718994140625,13028.052734375
2020-09-25,339.6129455566406,635.0271606445312,3222.7666015625,4726.107421875,1995.397705078125,1990.3280029296875,9004.44140625,1420.4930419921875,7604.3330078125,2071.098876953125,1776.221435546875,13213.15234375
2020-09-28,336.6339416503906,635.0271606445312,3143.1923828125,4646.07568359375,1951.1959228515625,1915.923095703125,9026.8408203125,1371.0455322265625,7885.17578125,2048.0009765625,1776.221435546875,12857.1943359375
2020-09-29,347.0606689453125,625.619384765625,3030.46142578125,4637.65087890625,1919.623291015625,1888.0211181640625,9094.0380859375,1357.559814453125,7863.572265625,2024.903564453125,1776.221435546875,12899.91015625
2020-09-30,338.12347412109375,625.619384765625,2957.5185546875,4566.04345703125,1919.623291015625,1845.23828125,9026.8408203125,1393.5216064453125,7928.38232421875,1971.008544921875,1776.221435546875,12985.337890625
2020-10-01,351.529296875,630.3233032226562,3056.986572265625,4692.40966796875,1995.397705078125,1934.52392578125,9094.0380859375,1447.4644775390625,8274.0341796875,2117.294189453125,1794.7237548828125,12971.099609375
2020-10-02,339.6129455566406,635.0271606445312,3043.723876953125,4637.65087890625,1957.51025390625,1934.52392578125,9026.8408203125,1411.50244140625,8166.017578125,2063.399658203125,1862.5653076171875,12914.1474609375
2020-10-05,335.14447021484375,630.3233032226562,3023.830810546875,4650.28759765625,1995.397705078125,1990.3280029296875,9049.2392578125,1407.00732421875,8166.017578125,2040.3017578125,1905.7373046875,12714.810546875
2020-10-06,335.14447021484375,644.43505859375,3063.61767578125,4801.927734375,2014.34130859375,2046.131103515625,9049.2392578125,1407.00732421875,8144.41357421875,2040.3017578125,1924.2398681640625,12885.66796875
2020-10-07,336.6339416503906,644.43505859375,3088.29736328125,4848.26171875,1970.1392822265625,2064.732421875,8959.642578125,1429.4833984375,8187.62158203125,2048.0009765625,1924.2398681640625,12782.947265625
2020-10-08,336.6339416503906,644.43505859375,3168.339111328125,4869.3232421875,1989.083251953125,2027.5302734375,9026.8408203125,1438.47412109375,8338.84375,2078.79833984375,1936.57470703125,12969.4541015625
2020-10-09,332.1653747558594,635.0271606445312,3161.669677734375,4865.11083984375,1989.083251953125,2064.732421875,9004.44140625,1411.50244140625,8101.20849609375,2101.89599609375,1918.0723876953125,12854.6796875
2020-10-12,330.6758117675781,635.0271606445312,3134.988525390625,4932.50634765625,2014.34130859375,2092.63427734375,8914.8447265625,1420.4930419921875,8122.8115234375,2101.89599609375,1936.57470703125,12912.068359375
2020-10-13,342.5920715332031,635.0271606445312,3161.669677734375,4932.50634765625,2071.172119140625,2111.2353515625,8892.4462890625,1424.98828125,8079.60546875,2101.89599609375,1936.57470703125,12912.068359375
2020-10-14,353.018798828125,630.3233032226562,3215.031005859375,4970.416015625,2121.688720703125,2148.43798828125,8914.8447265625,1429.4833984375,8036.3994140625,2163.489990234375,1930.4073486328125,12897.7197265625
2020-10-15,344.0816345214844,630.3233032226562,3161.669677734375,4873.53466796875,2090.115478515625,2083.333740234375,8735.65234375,1402.5120849609375,7863.572265625,2140.39208984375,1924.2398681640625,12452.9716796875
2020-10-16,363.44549560546875,625.619384765625,3288.403076171875,4852.47412109375,2052.228271484375,2074.033203125,8735.65234375,1393.5216064453125,7928.38232421875,2117.294189453125,1899.570068359375,12553.4013671875
2020-10-19,363.44549560546875,630.3233032226562,3335.0947265625,4970.416015625,2071.172119140625,2120.5361328125,8802.8486328125,1411.50244140625,7928.38232421875,2086.49755859375,1899.570068359375,12653.8251953125
2020-10-20,360.4664611816406,635.0271606445312,3451.82275390625,4890.38427734375,2052.228271484375,2101.934814453125,8713.2529296875,1407.00732421875,8187.62158203125,2055.700439453125,1905.7373046875,12782.947265625
2020-10-21,357.4873962402344,635.0271606445312,3501.84912109375,4869.3232421875,2045.9140625,2055.431884765625,8690.8525390625,1407.00732421875,8209.2236328125,2063.399658203125,1899.570068359375,12782.947265625
2020-10-22,345.5711364746094,635.0271606445312,3501.84912109375,4886.17138671875,2083.80126953125,2027.5302734375,8646.0556640625,1420.4930419921875,8058.00146484375,2078.79833984375,1924.2398681640625,12711.2138671875
2020-10-23,341.1025390625,635.0271606445312,3601.90185546875,4860.8994140625,2077.486572265625,2064.732421875,8713.2529296875,1424.98828125,8144.41357421875,2024.903564453125,1948.9095458984375,12582.0927734375
2020-10-26,341.1025390625,635.0271606445312,3601.90185546875,4898.8076171875,2109.059326171875,2148.43798828125,8758.05078125,1389.0263671875,8295.63671875,2040.3017578125,1973.5794677734375,12467.3193359375
2020-10-27,335.14447021484375,639.7310791015625,3618.5771484375,4877.7470703125,2121.688720703125,2148.43798828125,8646.0556640625,1371.0455322265625,8274.0341796875,2017.2039794921875,1973.5794677734375,12122.9970703125
2020-11-02,336.6339416503906,649.138916015625,3601.90185546875,4903.0205078125,2134.318115234375,2222.8427734375,8735.65234375,1344.07421875,7885.17578125,1971.008544921875,1961.244384765625,11735.634765625
2020-11-03,341.1025390625,649.138916015625,3668.603759765625,4961.9912109375,2134.318115234375,2232.143310546875,8713.2529296875,1326.0931396484375,7712.34912109375,1986.4072265625,1961.244384765625,11993.876953125
2020-11-04,330.6758117675781,658.5467529296875,3601.90185546875,4903.0205078125,2077.486572265625,2120.5361328125,8758.05078125,1308.1121826171875,7885.17578125,1986.4072265625,1961.244384765625,11821.7138671875
2020-11-05,339.6129455566406,677.3623046875,3668.603759765625,5181.02685546875,2203.77783203125,2222.8427734375,8870.0458984375,1348.5694580078125,8598.08203125,2132.693359375,1985.9140625,11979.529296875
2020-11-06,339.6129455566406,672.658447265625,3885.38525390625,5307.392578125,2247.97900390625,2250.744384765625,8847.646484375,1362.05517578125,8943.7333984375,2178.888427734375,2010.583740234375,12036.916015625
2020-11-09,336.6339416503906,677.3623046875,3735.3056640625,5294.75634765625,2330.068603515625,2287.947021484375,8735.65234375,1330.5882568359375,8835.7177734375,2217.384765625,2047.5885009765625,11979.529296875
2020-11-10,339.6129455566406,696.1779174804688,3835.3583984375,5459.03271484375,2525.819580078125,2371.65185546875,8668.4541015625,1344.07421875,9159.7666015625,2201.986328125,2053.756103515625,11850.408203125
2020-11-11,358.9769287109375,686.7701416015625,4002.113037109375,5509.58056640625,2601.594482421875,2371.65185546875,8601.2578125,1321.5980224609375,9678.2431640625,2371.369873046875,2053.756103515625,12309.50390625
2020-11-12,350.0397033691406,667.9544677734375,4002.113037109375,5408.48681640625,2494.247314453125,2297.247314453125,8758.05078125,1335.083740234375,9786.2607421875,2340.57275390625,2078.42578125,12108.6513671875
2020-11-13,347.0606689453125,682.0662231445312,3935.41162109375,5383.21337890625,2525.819580078125,2325.149169921875,8690.8525390625,1344.07421875,9678.2431640625,2302.076904296875,2072.2578125,12122.9970703125
2020-11-16,355.99786376953125,686.7701416015625,3952.086669921875,5459.03271484375,2500.561767578125,2306.548095703125,8735.65234375,1339.5789794921875,9462.2109375,2363.67041015625,2084.59326171875,12194.732421875
2020-11-17,351.529296875,677.3623046875,3868.709716796875,5518.0048828125,2500.561767578125,2325.149169921875,9183.6337890625,1348.5694580078125,9483.8134765625,2479.159423828125,2115.430419921875,12079.95703125
2020-11-18,354.5083312988281,677.3623046875,3852.033935546875,5534.853515625,2551.078125,2362.3515625,9206.033203125,1353.064453125,9635.037109375,2448.3623046875,2146.267822265625,12051.263671875
2020-11-19,369.40362548828125,672.658447265625,3818.683349609375,5572.76318359375,2551.078125,2353.051025390625,9273.23046875,1344.07421875,9635.037109375,2440.6630859375,2140.099853515625,12338.197265625
2020-11-20,361.9559020996094,663.2506103515625,3818.683349609375,5560.12646484375,2538.448974609375,2343.75048828125,9049.2392578125,1344.07421875,9807.8623046875,2479.159423828125,2158.6025390625,12223.423828125
2020-11-23,384.29888916015625,667.9544677734375,3868.709716796875,5560.12646484375,2576.336181640625,2380.952880859375,9138.8359375,1344.07421875,10455.9599609375,2556.151611328125,2164.769775390625,12682.5205078125
2020-11-24,387.27801513671875,667.9544677734375,3868.709716796875,5530.640625,2652.110595703125,2390.25341796875,9071.6376953125,1335.083740234375,10131.91015625,2579.24951171875,2189.439697265625,12869.0283203125
2020-11-25,387.27801513671875,667.9544677734375,3701.955078125,5400.06201171875,2727.885498046875,2427.455810546875,8959.642578125,1321.5980224609375,10283.1328125,2525.35498046875,2214.109375,13901.9921875
2020-11-26,405.1523742675781,667.9544677734375,3768.656005859375,5459.03271484375,2708.941650390625,2501.8603515625,9071.6376953125,1339.5789794921875,10304.736328125,2671.640869140625,2288.11865234375,14059.8076171875
2020-11-27,414.0895690917969,672.658447265625,3701.955078125,5379.0,2696.312744140625,2473.958740234375,9497.2216796875,1330.5882568359375,10304.736328125,2663.941650390625,2281.950927734375,14188.927734375
2020-11-30,414.0895690917969,667.9544677734375,3535.199951171875,5227.361328125,2582.650634765625,2353.051025390625,8870.0458984375,1353.064453125,10110.3076171875,2486.8583984375,2294.285888671875,13199.001953125
2020-12-01,414.0895690917969,667.9544677734375,3701.955078125,5387.4248046875,2677.368896484375,2427.455810546875,9049.2392578125,1335.083740234375,10369.5458984375,2494.557861328125,2343.625244140625,13873.2978515625
2020-12-02,414.0895690917969,672.658447265625,3818.683349609375,5433.76025390625,2715.25634765625,2473.958740234375,9116.4365234375,1344.07421875,10326.3408203125,2563.85107421875,2386.79736328125,14920.6083984375
2020-12-03,409.6210021972656,667.9544677734375,3751.981689453125,5442.18408203125,2778.40185546875,2446.05712890625,8982.0419921875,1317.1026611328125,10369.5458984375,2540.75341796875,2405.299560546875,14977.9970703125
2020-12-04,427.495361328125,672.658447265625,3802.007568359375,5383.21337890625,2715.25634765625,2455.357421875,8914.8447265625,1331.5465087890625,10088.7041015625,2502.25732421875,2405.299560546875,15207.5458984375
2020-12-07,442.39068603515625,705.5857543945312,3902.060302734375,5492.7314453125,2778.40185546875,2492.559814453125,8914.8447265625,1340.5740966796875,10153.513671875,2563.85107421875,2411.46728515625,15480.1337890625
2020-12-08,460.2649841308594,696.1779174804688,3802.007568359375,5467.45703125,2778.40185546875,2483.25927734375,8780.44921875,1331.5465087890625,10002.291015625,2540.75341796875,2429.969482421875,15365.361328125
2020-12-10,460.2649841308594,686.7701416015625,3885.38525390625,5555.84423828125,2734.19970703125,2529.76220703125,8914.8447265625,1336.0601806640625,10110.3076171875,2509.956298828125,2454.63916015625,14934.9580078125
2020-12-11,457.285888671875,686.7701416015625,3785.33251953125,5691.04345703125,2702.626953125,2520.461669921875,8802.8486328125,1322.5191650390625,9915.87890625,2525.35498046875,2460.806884765625,15006.693359375
2020-12-14,467.712646484375,692.4902954101562,3785.33251953125,5762.86767578125,2702.626953125,2501.8603515625,8802.8486328125,1340.5740966796875,10369.5458984375,2556.151611328125,2405.299560546875,15724.0283203125
2020-12-15,455.79644775390625,697.2333984375,3968.761962890625,5737.51904296875,2702.626953125,2492.559814453125,8690.8525390625,1340.5740966796875,10585.5791015625,2656.241943359375,2343.625244140625,15250.5849609375
2020-12-16,463.2439880371094,697.2333984375,4085.4912109375,5872.71728515625,2727.885498046875,2520.461669921875,8758.05078125,1394.7386474609375,10888.0234375,2779.429931640625,2331.290771484375,15594.9091796875
2020-12-17,443.880126953125,687.7471923828125,4135.51708984375,5860.04345703125,2734.19970703125,2557.6640625,8713.2529296875,1390.2249755859375,11168.8662109375,2725.535400390625,2244.9462890625,15566.2158203125
2020-12-18,440.9010314941406,692.4902954101562,4135.51708984375,5745.96826171875,2702.626953125,2492.559814453125,8690.8525390625,1390.2249755859375,10844.8173828125,2702.437744140625,2238.779296875,15279.28125
2020-12-21,463.2439880371094,706.7195434570312,4102.166015625,5771.318359375,2658.42529296875,2492.559814453125,8758.05078125,1394.7386474609375,10801.6103515625,2710.136962890625,2238.779296875,16226.166015625
2020-12-22,437.9220275878906,692.4902954101562,4052.13916015625,5674.14306640625,2607.908935546875,2380.952880859375,8601.2578125,1358.6287841796875,10758.404296875,2586.948974609375,2263.448974609375,15178.8544921875
2020-12-23,443.880126953125,725.69189453125,4002.113037109375,5682.59375,2626.8525390625,2362.3515625,8534.060546875,1322.5191650390625,10671.9912109375,2556.151611328125,2257.28125,14963.6513671875
2020-12-28,448.3487854003906,815.8104858398438,4052.13916015625,5729.0673828125,2683.68310546875,2427.455810546875,8489.26171875,1354.1153564453125,10844.8173828125,2640.843505859375,2312.787841796875,15451.439453125
2020-12-29,443.880126953125,796.838134765625,4035.4638671875,5716.3935546875,2639.481689453125,2390.25341796875,8332.466796875,1345.087890625,10866.419921875,2633.144287109375,2306.620849609375,15207.5458984375
2020-12-30,426.0057678222656,758.8934326171875,4018.788818359375,5720.61865234375,2633.166748046875,2353.051025390625,8578.857421875,1336.0601806640625,10736.8017578125,2548.452880859375,2238.779296875,15264.9326171875
2021-01-04,433.45343017578125,758.8934326171875,4152.1923828125,5775.54296875,2721.57080078125,2418.155029296875,8578.857421875,1331.5465087890625,10866.419921875,2687.0390625,2300.45361328125,15293.6259765625
2021-01-05,424.5162353515625,744.6641235351562,4118.84130859375,5991.0166015625,2696.312744140625,2390.25341796875,8466.8623046875,1327.032958984375,10715.1982421875,2671.640869140625,2318.95556640625,15092.7724609375
2021-01-06,409.6210021972656,739.921142578125,4102.166015625,5868.49267578125,2652.110595703125,2390.25341796875,8444.4638671875,1354.1153564453125,10391.1494140625,2594.6484375,2362.127685546875,14805.8388671875
2021-01-07,418.55816650390625,725.69189453125,4052.13916015625,5885.3916015625,2702.626953125,2408.8544921875,8511.66015625,1340.5740966796875,10628.78515625,2610.046630859375,2442.3046875,15379.70703125
2021-01-08,430.474365234375,735.1780395507812,4285.59521484375,5957.216796875,2772.087158203125,2436.756103515625,8534.060546875,1349.6015625,10650.3876953125,2748.63330078125,2479.309326171875,15652.2939453125
2021-01-11,454.30694580078125,739.921142578125,4352.29736328125,6206.48974609375,2936.265380859375,2548.36328125,8534.060546875,1588.828369140625,10391.1494140625,2771.731201171875,2485.4765625,15236.240234375
2021-01-12,439.41156005859375,725.69189453125,4352.29736328125,6050.166015625,2980.46728515625,2585.566162109375,8444.4638671875,1516.6090087890625,10477.5625,2702.437744140625,2454.63916015625,15049.73046875
2021-01-13,451.327880859375,754.1504516601562,4519.052734375,6016.36669921875,3024.668701171875,2576.265380859375,8354.8662109375,1412.79345703125,10412.7529296875,2679.33984375,2491.643798828125,15035.3857421875
2021-01-14,445.3697204589844,792.0950317382812,4519.052734375,5931.86767578125,3012.040283203125,2548.36328125,8377.2666015625,1439.8756103515625,10304.736328125,2694.73828125,2503.97900390625,15092.7724609375
2021-01-15,433.45343017578125,768.3795776367188,4385.6494140625,5876.943359375,2892.063720703125,2501.8603515625,8399.6650390625,1485.012939453125,10326.3408203125,2679.33984375,2497.811279296875,15035.3857421875
2021-01-18,428.9848937988281,754.1504516601562,4452.3505859375,6016.36669921875,2917.32177734375,2576.265380859375,8623.6552734375,1498.5540771484375,10931.228515625,2656.241943359375,2540.9833984375,15322.3212890625
2021-01-19,421.53717041015625,749.4072875976562,4452.3505859375,5995.24169921875,2917.32177734375,2594.866455078125,8735.65234375,1430.848388671875,10715.1982421875,2625.445068359375,2540.9833984375,14877.5712890625
2021-01-20,421.53717041015625,749.4072875976562,4452.3505859375,5995.24169921875,3087.81494140625,2743.676025390625,8668.4541015625,1435.362060546875,10758.404296875,2671.640869140625,2553.318359375,14906.2646484375
2021-01-21,420.0477294921875,758.8934326171875,4535.72802734375,5978.341796875,3024.668701171875,2697.173095703125,8578.857421875,1494.0404052734375,10585.5791015625,2679.33984375,2571.820556640625,14863.224609375
2021-01-22,402.1733093261719,749.4072875976562,4469.02685546875,5982.56689453125,2980.46728515625,2678.57177734375,8489.26171875,1457.9306640625,10499.1669921875,2610.046630859375,2559.4853515625,14447.1689453125
2021-01-25,385.78851318359375,768.3795776367188,4318.94775390625,5944.54150390625,3018.3544921875,2715.774169921875,8511.66015625,1448.9034423828125,10175.1181640625,2594.6484375,2516.3134765625,13916.33984375
2021-01-26,375.36175537109375,758.8934326171875,4235.5703125,5762.86767578125,2936.265380859375,2743.676025390625,8511.66015625,1394.7386474609375,10153.513671875,2509.956298828125,2553.318359375,13744.1767578125
2021-01-27,370.8931579589844,754.1504516601562,4185.54296875,5737.51904296875,2917.32177734375,2715.774169921875,8511.66015625,1363.142578125,10002.291015625,2602.347412109375,2553.318359375,13428.5498046875
2021-01-28,357.4873962402344,754.1504516601562,4185.54296875,5830.46728515625,2822.603271484375,2622.768310546875,8377.2666015625,1367.656494140625,9743.052734375,2494.557861328125,2553.318359375,13701.138671875
2021-01-29,357.4873962402344,739.921142578125,4068.815185546875,5712.16796875,2639.481689453125,2446.05712890625,8153.275390625,1322.5191650390625,9159.7666015625,2394.467529296875,2510.146240234375,13112.921875
2021-02-01,366.4245910644531,739.921142578125,4018.788818359375,5762.86767578125,2778.40185546875,2492.559814453125,8265.2705078125,1345.087890625,9959.0849609375,2486.8583984375,2621.16015625,13686.791015625
2021-02-02,357.4873962402344,744.6641235351562,3985.43701171875,5745.96826171875,2753.1435546875,2408.8544921875,8511.66015625,1372.1700439453125,9462.2109375,2517.655517578125,2608.824951171875,12955.1083984375
2021-02-03,348.5502014160156,739.921142578125,4102.166015625,5767.09228515625,2765.77294921875,2418.155029296875,8444.4638671875,1408.27978515625,9397.4013671875,2494.557861328125,2639.662109375,12883.375
2021-02-04,347.0606689453125,739.921142578125,4135.51708984375,5792.44384765625,2835.232177734375,2446.05712890625,8354.8662109375,1394.7386474609375,9181.3681640625,2533.053955078125,2651.9970703125,12825.9873046875
2021-02-05,360.4664611816406,739.921142578125,4068.815185546875,5843.142578125,2822.603271484375,2436.756103515625,8265.2705078125,1435.362060546875,9721.44921875,2533.053955078125,2695.169189453125,13256.390625
2021-02-08,363.44549560546875,739.921142578125,4068.815185546875,5847.3681640625,2816.288818359375,2446.05712890625,8153.275390625,1417.30712890625,9548.6240234375,2525.35498046875,2732.174072265625,13959.380859375
2021-02-09,360.4664611816406,739.921142578125,3885.38525390625,5898.0673828125,2917.32177734375,2418.155029296875,7884.486328125,1372.1700439453125,9419.00390625,2463.7607421875,2781.513427734375,13500.2822265625
2021-02-10,357.4873962402344,758.8934326171875,3935.41162109375,5847.3681640625,2936.265380859375,2418.155029296875,8063.6787109375,1376.683837890625,9548.6240234375,2456.0615234375,2651.9970703125,13471.5888671875
2021-02-11,361.9559020996094,758.8934326171875,3902.060302734375,5813.56787109375,2955.209228515625,2418.155029296875,8041.27978515625,1376.683837890625,9462.2109375,2456.0615234375,2670.499267578125,13485.935546875
2021-02-15,361.9559020996094,749.4072875976562,3968.761962890625,5745.96826171875,2974.15234375,2418.155029296875,8041.27978515625,1376.683837890625,9656.640625,2479.159423828125,2763.010986328125,13342.470703125
2021-02-16,360.4664611816406,749.4072875976562,3952.086669921875,5864.26708984375,2948.894775390625,2408.8544921875,7906.8837890625,1376.683837890625,9527.01953125,2471.460205078125,2769.178466796875,13256.390625
2021-02-17,351.529296875,739.921142578125,3868.709716796875,5830.46728515625,2923.636474609375,2362.3515625,7906.8837890625,1367.656494140625,9483.8134765625,2425.264892578125,2707.504150390625,13112.921875
2021-02-18,350.0397033691406,768.3795776367188,3818.683349609375,5691.04345703125,2948.894775390625,2325.149169921875,7839.68701171875,1345.087890625,9246.177734375,2448.3623046875,2571.820556640625,13184.6572265625
2021-02-19,351.529296875,758.8934326171875,3852.033935546875,5767.09228515625,3024.668701171875,2371.65185546875,7705.29248046875,1430.848388671875,9289.384765625,2471.460205078125,2534.81591796875,13242.0419921875
2021-02-22,360.4664611816406,834.7828369140625,3802.007568359375,5737.51904296875,3024.668701171875,2371.65185546875,7727.6923828125,1417.30712890625,9094.95703125,2440.6630859375,2528.648681640625,13342.470703125
2021-02-23,358.9769287109375,825.2965698242188,3818.683349609375,5767.09228515625,3024.668701171875,2353.051025390625,7660.4951171875,1390.2249755859375,9030.1474609375,2671.640869140625,2522.48095703125,13270.7353515625
2021-02-24,353.018798828125,953.3599243164062,3751.981689453125,5682.59375,2986.7822265625,2371.65185546875,7750.09033203125,1358.6287841796875,8878.923828125,2679.33984375,2429.969482421875,12940.76171875
2021-02-25,357.4873962402344,958.1029663085938,3718.6298828125,5665.693359375,2986.7822265625,2334.44970703125,7682.8935546875,1354.1153564453125,8922.130859375,2687.0390625,2448.471923828125,13572.01953125
2021-02-26,351.529296875,967.5891723632812,3601.90185546875,5669.91796875,2974.15234375,2287.947021484375,7682.8935546875,1327.032958984375,8814.1142578125,2687.0390625,2405.299560546875,12940.76171875
2021-03-01,353.018798828125,1010.2769165039062,3735.3056640625,5952.9912109375,3049.927001953125,2446.05712890625,7705.29248046875,1372.1700439453125,9224.5751953125,2687.0390625,2368.295166015625,13170.30859375
2021-03-02,353.018798828125,943.8737182617188,3718.6298828125,5927.6416015625,3030.983642578125,2455.357421875,7794.88916015625,1399.2523193359375,10110.3076171875,2663.941650390625,2411.46728515625,13141.615234375
2021-03-03,353.018798828125,891.6998291015625,3785.33251953125,5914.9677734375,3062.556396484375,2455.357421875,7817.2880859375,1399.2523193359375,9786.2607421875,2648.543212890625,2411.46728515625,13069.880859375
2021-03-04,363.44549560546875,858.4982299804688,3718.6298828125,5678.36865234375,3005.7255859375,2436.756103515625,7705.29248046875,1403.76611328125,9678.2431640625,2586.948974609375,2399.13232421875,12825.9873046875
2021-03-05,351.529296875,901.1859130859375,3668.603759765625,5745.96826171875,3012.040283203125,2408.8544921875,7615.6962890625,1403.76611328125,9678.2431640625,2556.151611328125,2325.123046875,12510.3583984375
2021-03-08,350.0397033691406,896.4429321289062,3701.955078125,5678.36865234375,2986.7822265625,2390.25341796875,7503.701171875,1403.76611328125,9440.607421875,2571.55029296875,2355.960205078125,13385.51171875
2021-03-09,347.0606689453125,872.7274780273438,3685.2783203125,5581.19384765625,2892.063720703125,2390.25341796875,7458.90283203125,1394.7386474609375,9505.41796875,2533.053955078125,2349.792724609375,12926.412109375
2021-03-10,348.5502014160156,934.3875732421875,3618.5771484375,5665.693359375,2923.636474609375,2418.155029296875,7503.701171875,1430.848388671875,9764.6572265625,2617.745849609375,2436.136962890625,12166.0390625
2021-03-12,360.4664611816406,934.3875732421875,3651.928466796875,5716.3935546875,2892.063720703125,2501.8603515625,7503.701171875,1439.8756103515625,9872.671875,2656.241943359375,2608.824951171875,12180.384765625
2021-03-15,367.9141540527344,929.6444702148438,3685.2783203125,5631.89453125,2885.749267578125,2473.958740234375,7615.6962890625,1430.848388671875,9613.43359375,2602.347412109375,2596.490478515625,12108.6513671875
2021-03-16,363.44549560546875,962.8460693359375,3701.955078125,5598.09423828125,2980.46728515625,2436.756103515625,7705.29248046875,1430.848388671875,9613.43359375,2586.948974609375,2627.327392578125,12151.689453125
2021-03-17,366.4245910644531,920.1582641601562,3718.6298828125,5585.4189453125,2948.894775390625,2427.455810546875,7727.6923828125,1435.362060546875,9570.2255859375,2610.046630859375,2670.499267578125,12079.95703125
2021-03-18,378.34075927734375,920.1582641601562,3818.683349609375,5665.693359375,3005.7255859375,2529.76220703125,7794.88916015625,1421.8209228515625,9829.466796875,2656.241943359375,2695.169189453125,12452.9716796875
2021-03-19,387.27801513671875,934.3875732421875,3852.033935546875,5712.16796875,2948.894775390625,2520.461669921875,7906.8837890625,1448.9034423828125,10196.7197265625,2648.543212890625,2713.671630859375,12553.4013671875
2021-03-22,382.8094177246094,905.9290161132812,3718.6298828125,5593.869140625,2923.636474609375,2464.658203125,7906.8837890625,1444.3896484375,10023.8935546875,2602.347412109375,2713.671630859375,12409.931640625
2021-03-23,387.27801513671875,858.4982299804688,3718.6298828125,5547.39404296875,2948.894775390625,2483.25927734375,8242.87109375,1421.8209228515625,9829.466796875,2586.948974609375,2689.001708984375,12309.50390625
2021-03-24,364.9350280761719,858.4982299804688,3635.253173828125,5441.76953125,2948.894775390625,2471.822265625,8287.6689453125,1376.683837890625,9959.0849609375,2594.6484375,2596.490478515625,12108.6513671875
2021-03-25,358.9769287109375,844.2689819335938,3635.253173828125,5382.62109375,2917.32177734375,2462.204345703125,8018.880859375,1435.362060546875,9743.052734375,2625.445068359375,2645.82958984375,12252.1171875
2021-03-26,363.44549560546875,844.2689819335938,3735.3056640625,5420.64501953125,2980.46728515625,2471.822265625,8153.275390625,1426.334716796875,9570.2255859375,2687.0390625,2689.001708984375,12567.7470703125
2021-03-29,358.9769287109375,844.2689819335938,3685.2783203125,5374.169921875,2980.46728515625,2452.586181640625,8265.2705078125,1390.2249755859375,9635.037109375,2625.445068359375,2707.504150390625,12510.3583984375
2021-03-30,350.0397033691406,815.8104858398438,3601.90185546875,5403.74560546875,2841.546875,2433.350341796875,8130.87646484375,1390.2249755859375,9397.4013671875,2602.347412109375,2781.513427734375,12338.197265625
2021-03-31,350.0397033691406,853.755126953125,3518.524169921875,5251.646484375,2778.40185546875,2366.0244140625,8242.87109375,1417.30712890625,9008.54296875,2633.144287109375,2744.5087890625,12696.8662109375
2021-04-01,351.529296875,839.5258178710938,3568.55078125,5260.09619140625,2708.941650390625,2385.260498046875,8018.880859375,1399.2523193359375,9008.54296875,2610.046630859375,2744.5087890625,12725.55859375
2021-04-05,353.018798828125,825.2965698242188,3568.55078125,5200.94580078125,2652.110595703125,2394.87841796875,7996.48046875,1399.2523193359375,8900.5263671875,2602.347412109375,2713.671630859375,12739.9052734375
2021-04-06,360.4664611816406,849.0120239257812,3568.55078125,5209.39599609375,2716.071533203125,2414.1142578125,7906.8837890625,1403.76611328125,8965.3369140625,2594.6484375,2726.006591796875,12811.642578125
2021-04-07,363.44549560546875,896.4429321289062,3551.87548828125,5281.2216796875,2716.071533203125,2433.350341796875,7974.08203125,1399.2523193359375,8943.7333984375,2617.745849609375,2701.336669921875,12811.642578125
2021-04-08,366.4245910644531,943.8737182617188,3535.199951171875,5256.71533203125,2813.073974609375,2414.1142578125,7884.486328125,1412.79345703125,9021.4501953125,2610.046630859375,2738.34130859375,12955.1083984375
2021-04-09,358.9769287109375,924.9014282226562,3518.524169921875,5312.41015625,2813.073974609375,2491.058349609375,7951.68359375,1399.2523193359375,9131.4677734375,2586.948974609375,2726.006591796875,13041.189453125
2021-04-12,351.529296875,920.1582641601562,3385.12060546875,5196.736328125,2722.5380859375,2423.732421875,7750.09033203125,1363.142578125,8735.4033203125,2548.452880859375,2701.336669921875,12295.158203125
2021-04-13,345.5711364746094,901.1859130859375,3385.12060546875,5141.041015625,2690.204345703125,2423.732421875,7727.6923828125,1345.087890625,9241.486328125,2563.85107421875,2670.499267578125,12926.412109375
2021-04-14,355.99786376953125,929.6444702148438,3501.84912109375,5402.37744140625,2813.073974609375,2433.350341796875,7839.68701171875,1349.6015625,9725.564453125,2571.55029296875,2695.169189453125,12768.6015625
2021-04-15,354.5083312988281,920.1582641601562,3501.84912109375,5380.95703125,2851.875244140625,2423.732421875,7839.68701171875,1367.656494140625,9527.5302734375,2586.948974609375,2658.16455078125,12452.9716796875
2021-04-16,353.018798828125,915.4152221679688,3501.84912109375,5376.6728515625,2806.607421875,2423.732421875,8018.880859375,1349.6015625,9373.5068359375,2586.948974609375,2633.4951171875,12668.173828125
2021-04-19,353.018798828125,877.4705810546875,3468.497802734375,5372.38818359375,2832.474609375,2394.87841796875,8018.880859375,1349.6015625,9175.474609375,2571.55029296875,2571.820556640625,12739.9052734375
2021-04-20,353.018798828125,863.2413330078125,3535.199951171875,5342.3994140625,2787.20654296875,2385.260498046875,7974.08203125,1349.6015625,9285.4921875,2556.151611328125,2553.318359375,12899.984375
2021-04-21,351.529296875,872.7274780273438,3485.174072265625,5282.42041015625,2735.471923828125,2356.406494140625,7884.486328125,1349.6015625,9197.4794921875,2525.35498046875,2528.648681640625,13178.5068359375
2021-04-22,348.5502014160156,901.1859130859375,3635.253173828125,5325.26220703125,2716.071533203125,2356.406494140625,7839.68701171875,1345.087890625,9087.4609375,2563.85107421875,2534.81591796875,12636.123046875
2021-04-23,357.4873962402344,910.6721801757812,3751.981689453125,5475.208984375,2748.4052734375,2366.0244140625,7951.68359375,1354.1153564453125,9153.4716796875,2548.452880859375,2534.81591796875,12665.4384765625
2021-04-26,360.4664611816406,896.4429321289062,3751.981689453125,5385.24072265625,2677.270263671875,2298.69873046875,7794.88916015625,1340.5740966796875,9263.490234375,2502.25732421875,2499.330322265625,12636.123046875
2021-04-27,360.4664611816406,872.7274780273438,3685.2783203125,5488.0615234375,2696.670654296875,2327.552490234375,7705.29248046875,1331.5465087890625,9065.45703125,2432.963623046875,2468.398193359375,12665.4384765625
2021-04-28,361.9559020996094,877.4705810546875,3568.55078125,5415.23095703125,2670.8037109375,2385.260498046875,7682.8935546875,1327.032958984375,9263.490234375,2417.5654296875,2499.330322265625,12562.82421875
2021-04-29,373.8722229003906,877.4705810546875,3618.5771484375,5492.34619140625,2690.204345703125,2394.87841796875,7727.6923828125,1327.032958984375,9285.4921875,2463.7607421875,2462.21142578125,12533.5068359375
2021-04-30,370.8931579589844,901.1859130859375,3668.603759765625,5488.0615234375,2619.06884765625,2375.642333984375,7794.88916015625,1299.95068359375,9175.474609375,2463.7607421875,2493.143798828125,12416.232421875
2021-05-03,369.40362548828125,886.9567260742188,3676.736328125,5475.208984375,2593.201416015625,2327.552490234375,7660.4951171875,1295.4368896484375,8955.439453125,2440.6630859375,2449.8388671875,12284.302734375
2021-05-04,372.3827209472656,886.9567260742188,3727.56689453125,5483.7783203125,2625.535888671875,2346.78857421875,7638.09521484375,1327.032958984375,8845.421875,2471.460205078125,2400.34716796875,12650.78125
2021-05-05,375.9312438964844,886.9567260742188,3744.509765625,5505.1982421875,2644.93603515625,2327.552490234375,7638.09521484375,1304.4642333984375,8933.435546875,2463.7607421875,2387.973876953125,13002.595703125
2021-05-06,372.7853698730469,891.6998291015625,3676.736328125,5505.1982421875,2657.86962890625,2337.17041015625,7615.6962890625,1318.00537109375,8823.41796875,2456.0615234375,2344.668701171875,12782.7109375
2021-05-07,372.7853698730469,886.9567260742188,3608.962646484375,5483.7783203125,2619.06884765625,2289.08056640625,7570.8984375,1318.00537109375,8625.3857421875,2456.0615234375,2313.736572265625,12753.392578125
2021-05-10,375.9312438964844,867.984375,3642.849853515625,5500.91552734375,2619.06884765625,2298.69873046875,7705.29248046875,1327.032958984375,8757.408203125,2440.6630859375,2251.871826171875,12753.392578125
2021-05-11,375.9312438964844,858.4982299804688,3541.18896484375,5552.32470703125,2580.26806640625,2269.844482421875,7638.09521484375,1304.4642333984375,8735.4033203125,2448.3623046875,2159.0751953125,12577.482421875
2021-05-17,372.7853698730469,834.7828369140625,3507.302001953125,5569.46142578125,2522.06640625,2279.462646484375,7391.70556640625,1318.00537109375,8559.375,2456.0615234375,2035.3455810546875,12562.82421875
2021-05-18,377.504150390625,849.0120239257812,3490.358154296875,5475.208984375,2522.06640625,2269.844482421875,7436.50341796875,1308.97802734375,8383.3466796875,2448.3623046875,1973.481201171875,12841.34765625
2021-05-19,369.6395263671875,849.0120239257812,3422.58447265625,5436.65185546875,2502.66552734375,2183.28271484375,7414.1044921875,1304.4642333984375,8163.3115234375,2432.963623046875,1843.5653076171875,12826.6875
2021-05-20,368.0665588378906,886.6841430664062,3507.302001953125,5466.6416015625,2509.132568359375,2173.66455078125,7503.701171875,1318.00537109375,8383.3466796875,2548.452880859375,1886.87060546875,12914.642578125
2021-05-21,366.49365234375,886.6841430664062,3422.58447265625,5449.50390625,2515.599853515625,2240.99072265625,7458.90283203125,1327.032958984375,8295.333984375,2517.655517578125,1973.481201171875,12709.4169921875
2021-05-24,364.92071533203125,867.5126342773438,3456.470947265625,5419.5146484375,2612.602294921875,2212.13671875,7346.9072265625,1308.97802734375,8119.30615234375,2509.956298828125,1899.2435302734375,12430.8955078125
2021-05-25,368.0665588378906,896.2698974609375,3439.52783203125,5445.2197265625,2625.535888671875,2269.844482421875,7324.50830078125,1318.00537109375,8273.330078125,2540.75341796875,1862.1248779296875,12606.7998046875
2021-05-27,366.49365234375,872.3054809570312,3490.358154296875,5372.38818359375,2554.400634765625,2212.13671875,7414.1044921875,1281.8956298828125,8361.34375,2602.347412109375,1893.05712890625,12694.7578125
2021-05-28,368.0665588378906,872.3054809570312,3490.358154296875,5432.3671875,2632.00244140625,2231.37255859375,7279.70947265625,1299.95068359375,8493.3662109375,2517.655517578125,1874.4979248046875,12797.3701171875
2021-05-31,374.3582763671875,867.5126342773438,3558.13232421875,5462.35693359375,2754.872802734375,2308.31640625,7346.9072265625,1308.97802734375,8537.373046875,2648.543212890625,1961.1082763671875,13222.482421875
2021-06-02,396.3793640136719,872.3054809570312,3608.962646484375,5539.47216796875,2754.872802734375,2346.78857421875,7369.3056640625,1304.4642333984375,9175.474609375,2656.241943359375,1961.1082763671875,13940.7763671875
2021-06-03,393.2335205078125,872.3054809570312,3625.906005859375,5655.146484375,2819.540771484375,2404.49658203125,7794.88916015625,1354.1153564453125,9285.4921875,2687.0390625,1923.989501953125,13867.482421875
2021-06-04,386.9417724609375,872.3054809570312,3541.18896484375,5638.0087890625,2806.607421875,2356.406494140625,7570.8984375,1340.5740966796875,9131.4677734375,2694.73828125,1936.3624267578125,13794.189453125
2021-06-07,379.0770263671875,872.3054809570312,3558.13232421875,5595.16650390625,2748.4052734375,2356.406494140625,7481.3017578125,1349.6015625,9153.4716796875,2733.234619140625,1917.802978515625,13471.6875
2021-06-08,380.6499938964844,929.820068359375,3575.075439453125,5509.48291015625,2716.071533203125,2308.31640625,7324.50830078125,1333.9620361328125,8955.439453125,2694.73828125,1905.43017578125,13735.5498046875
2021-06-09,382.2229309082031,1068.81396484375,3608.962646484375,5595.16650390625,2729.005126953125,2366.0244140625,7302.10888671875,1324.76220703125,9153.4716796875,2741.65380859375,1998.22705078125,13706.2333984375
2021-06-10,380.6499938964844,1179.05029296875,3659.793212890625,5672.2822265625,2780.739990234375,2385.260498046875,7302.10888671875,1324.76220703125,9087.4609375,2814.441162109375,1998.22705078125,13251.802734375
2021-06-11,413.6816711425781,1164.671630859375,3575.075439453125,5543.75634765625,2767.805908203125,2414.1142578125,7324.50830078125,1333.9620361328125,9087.4609375,2806.353759765625,1979.667724609375,13471.6875
2021-06-14,416.82745361328125,1111.9498291015625,3507.302001953125,5492.34619140625,2813.073974609375,2414.1142578125,7302.10888671875,1320.1622314453125,8955.439453125,2757.828857421875,2053.905029296875,13193.1640625
2021-06-15,412.1086730957031,1116.74267578125,3490.358154296875,5543.75634765625,2735.471923828125,2433.350341796875,7302.10888671875,1333.9620361328125,8977.443359375,2782.09130859375,2307.55029296875,12929.3037109375
2021-06-16,438.8486328125,1179.05029296875,3490.358154296875,5470.9248046875,2593.201416015625,2414.1142578125,7324.50830078125,1310.9625244140625,8977.443359375,2757.828857421875,2332.2958984375,13281.1201171875
2021-06-17,426.2651062011719,1188.6361083984375,3456.470947265625,5423.7978515625,2606.135009765625,2385.260498046875,7279.70947265625,1292.563232421875,8713.400390625,2709.303955078125,2369.414794921875,12899.984375
2021-06-18,412.1086730957031,1193.428955078125,3388.69775390625,5419.5146484375,2528.533447265625,2385.260498046875,6943.72314453125,1251.164306640625,8713.400390625,2709.303955078125,2338.482666015625,13354.4150390625
2021-06-21,404.2440490722656,1155.0859375,3334.478515625,5355.25146484375,2547.933837890625,2317.934326171875,7100.51708984375,1361.56103515625,8801.4140625,2668.866455078125,2332.2958984375,12665.4384765625
2021-06-22,405.81695556640625,1198.2218017578125,3334.478515625,5432.3671875,2612.602294921875,2375.642333984375,7212.51318359375,1306.3626708984375,8537.373046875,2668.866455078125,2418.906494140625,12680.095703125
2021-06-23,396.3793640136719,1231.7720947265625,3341.255859375,5338.1142578125,2547.933837890625,2317.934326171875,7145.31494140625,1251.164306640625,8537.373046875,2725.47900390625,2475.323974609375,12372.2568359375
2021-06-24,391.6605529785156,1212.6004638671875,3348.032958984375,5320.97802734375,2580.26806640625,2298.69873046875,7190.11328125,1260.364013671875,8559.375,2628.42919921875,2475.323974609375,12489.5283203125
2021-06-25,404.2440490722656,1226.97900390625,3334.478515625,5303.8408203125,2580.26806640625,2269.844482421875,7190.11328125,1246.5643310546875,8559.375,2628.42919921875,2500.20166015625,12518.84765625
2021-06-28,388.51470947265625,1188.6361083984375,3192.153076171875,5188.16796875,2541.466796875,2192.90087890625,7145.31494140625,1264.9638671875,8207.318359375,2563.7294921875,2425.568359375,11961.802734375
2021-06-29,382.2229309082031,1193.428955078125,3280.258544921875,5179.59912109375,2522.06640625,2221.754638671875,7391.70556640625,1264.9638671875,8427.35546875,2555.641845703125,2419.34912109375,11873.84765625
2021-06-30,379.0770263671875,1198.2218017578125,3348.032958984375,5162.46240234375,2547.933837890625,2269.844482421875,7302.10888671875,1287.963134765625,8361.34375,2547.5546875,2444.226806640625,11873.84765625
2021-07-01,379.0770263671875,1193.428955078125,3405.640625,5162.46240234375,2547.933837890625,2298.69873046875,7615.6962890625,1287.963134765625,8273.330078125,2515.20458984375,2450.446044921875,11917.82421875
2021-07-02,396.3793640136719,1193.428955078125,3388.69775390625,5226.72509765625,2580.26806640625,2289.08056640625,7548.4990234375,1287.963134765625,8185.31640625,2482.8544921875,2425.568359375,11961.802734375
2021-07-05,388.51470947265625,1198.2218017578125,3348.032958984375,5235.29443359375,2522.06640625,2250.608642578125,7369.3056640625,1278.7635498046875,8097.30126953125,2458.59228515625,2375.8134765625,11859.1904296875
2021-07-06,405.81695556640625,1289.2867431640625,3320.923095703125,5188.16796875,2515.599853515625,2221.754638671875,7526.099609375,1260.364013671875,8185.31640625,2434.329833984375,2375.8134765625,12167.029296875
2021-07-07,393.2335205078125,1284.493896484375,3320.923095703125,5196.736328125,2470.331298828125,2212.13671875,7570.8984375,1246.5643310546875,7877.26611328125,2450.504638671875,2444.226806640625,11947.142578125
2021-07-08,383.7958984375,1279.700927734375,3307.36865234375,5153.89404296875,2502.66552734375,2269.844482421875,7593.29736328125,1218.9652099609375,7789.251953125,2434.329833984375,2438.00732421875,11756.5751953125
2021-07-09,393.2335205078125,1298.8724365234375,3327.700927734375,5158.177734375,2457.397705078125,2221.754638671875,7660.4951171875,1214.3653564453125,7833.2587890625,2555.641845703125,2469.1044921875,11434.078125
2021-07-12,388.51470947265625,1308.4581298828125,3334.478515625,5286.7041015625,2431.53076171875,2231.37255859375,7906.8837890625,1228.164794921875,7745.244140625,2531.37939453125,2487.7626953125,11419.416015625
2021-07-13,386.9417724609375,1260.5294189453125,3320.923095703125,5179.59912109375,2444.464111328125,2221.754638671875,8018.880859375,1223.5650634765625,7569.21630859375,2482.8544921875,2456.665283203125,11155.5546875
2021-07-14,383.7958984375,1241.35791015625,3205.70751953125,5132.47314453125,2399.196533203125,2192.90087890625,7794.88916015625,1255.76416015625,7503.20654296875,2474.767333984375,2450.446044921875,10906.3505859375
2021-07-15,385.3687438964844,1250.943603515625,3259.927001953125,5239.578125,2463.86474609375,2260.2265625,7772.490234375,1255.76416015625,7459.19921875,2531.37939453125,2425.568359375,11272.8271484375
2021-07-16,390.087646484375,1236.5650634765625,3307.36865234375,5235.29443359375,2483.26513671875,2260.2265625,7682.8935546875,1278.7635498046875,7789.251953125,2563.7294921875,2382.032958984375,11316.8056640625
2021-07-19,393.2335205078125,1203.0147705078125,3239.5947265625,5145.326171875,2444.464111328125,2212.13671875,7615.6962890625,1278.7635498046875,7569.21630859375,2604.166748046875,2263.864013671875,11199.529296875
2021-07-21,390.087646484375,1179.05029296875,3300.59130859375,5149.6103515625,2470.331298828125,2279.462646484375,7615.6962890625,1241.9644775390625,7789.251953125,2596.0791015625,2214.10888671875,11170.2119140625
2021-07-22,419.9733581542969,1203.0147705078125,3375.142822265625,5273.85205078125,2522.06640625,2327.552490234375,7906.8837890625,1246.5643310546875,7811.25439453125,2636.5166015625,2207.8896484375,11800.5537109375
2021-07-23,410.5357360839844,1188.6361083984375,3354.810791015625,5171.03125,2502.66552734375,2298.69873046875,7750.09033203125,1237.36474609375,7657.23046875,2563.7294921875,2176.792236328125,11580.66796875
2021-07-26,402.671142578125,1203.0147705078125,3232.81689453125,5145.326171875,2476.798583984375,2231.37255859375,7817.2880859375,1237.36474609375,7525.21044921875,2579.904541015625,2176.792236328125,11844.53125
2021-07-27,401.09814453125,1203.0147705078125,3226.039794921875,5145.326171875,2457.397705078125,2240.99072265625,7615.6962890625,1232.764892578125,7371.18505859375,2644.60400390625,2189.231201171875,11727.2578125
2021-07-28,399.5252685546875,1327.6297607421875,3192.153076171875,5123.90478515625,2412.130126953125,2269.844482421875,7615.6962890625,1209.765380859375,7217.15966796875,2579.904541015625,2201.669677734375,11595.3271484375
2021-07-29,416.82745361328125,1322.8369140625,3151.488037109375,5175.3154296875,2437.99755859375,2212.13671875,7481.3017578125,1191.3660888671875,7063.13525390625,2612.25390625,2257.64453125,11580.66796875
2021-07-30,419.9733581542969,1294.07958984375,3198.93017578125,5115.33642578125,2399.196533203125,2192.90087890625,7279.70947265625,1159.1668701171875,6777.08935546875,2620.341552734375,2338.4970703125,11463.39453125
2021-08-02,430.98388671875,1365.972900390625,3266.704345703125,5106.76806640625,2418.5966796875,2183.28271484375,7279.70947265625,1200.565673828125,6865.103515625,2676.9541015625,2313.618896484375,11316.8056640625
2021-08-03,424.692138671875,1327.6297607421875,3348.032958984375,5265.28369140625,2425.063720703125,2221.754638671875,7369.3056640625,1209.765380859375,7305.173828125,2693.12890625,2326.05810546875,11228.849609375
2021-08-04,427.8379821777344,1318.0439453125,3320.923095703125,5243.8623046875,2489.732421875,2240.99072265625,7324.50830078125,1200.565673828125,7437.19580078125,2725.47900390625,2344.71630859375,11096.9169921875
2021-08-05,408.9628601074219,1294.07958984375,3314.146240234375,5398.09375,2619.06884765625,2327.552490234375,7302.10888671875,1191.3660888671875,7393.1884765625,2701.21630859375,2326.05810546875,11082.259765625
2021-08-06,405.81695556640625,1308.4581298828125,3348.032958984375,5278.13623046875,2541.466796875,2298.69873046875,7414.1044921875,1168.3665771484375,7437.19580078125,2685.041259765625,2332.277587890625,11082.259765625
2021-08-09,408.9628601074219,1380.3515625,3293.81396484375,5312.41015625,2489.732421875,2231.37255859375,7302.10888671875,1140.7674560546875,7349.181640625,2628.42919921875,2288.74169921875,10964.984375
2021-08-10,421.5462951660156,1380.3515625,3327.700927734375,5398.09375,2470.331298828125,2231.37255859375,7212.51318359375,1200.565673828125,7459.19921875,2612.25390625,2288.74169921875,11140.8935546875
2021-08-12,443.5674133300781,1342.008544921875,3348.032958984375,5398.09375,2463.86474609375,2279.462646484375,7234.912109375,1186.76611328125,7723.24169921875,2709.303955078125,2276.302978515625,12137.7099609375
2021-08-13,435.7027282714844,1346.8013916015625,3405.640625,5492.34619140625,2502.66552734375,2308.31640625,7346.9072265625,1195.9659423828125,7811.25439453125,2668.866455078125,2301.180419921875,12108.3935546875
2021-08-16,429.4110107421875,1346.8013916015625,3439.52783203125,5500.91552734375,2541.466796875,2298.69873046875,7391.70556640625,1195.9659423828125,7965.27978515625,2701.21630859375,2245.2060546875,11829.8720703125
2021-08-18,421.5462951660156,1255.736572265625,3541.18896484375,5655.146484375,2632.00244140625,2327.552490234375,7481.3017578125,1205.16552734375,8295.333984375,2765.916259765625,2263.864013671875,11566.0078125
2021-08-19,407.3898620605469,1179.05029296875,3490.358154296875,5655.146484375,2509.132568359375,2250.608642578125,7302.10888671875,1149.9671630859375,8009.28759765625,2741.65380859375,2226.5478515625,11316.8056640625
2021-08-20,397.9523010253906,1236.5650634765625,3456.470947265625,5655.146484375,2541.466796875,2269.844482421875,7302.10888671875,1191.3660888671875,8251.3271484375,2749.7412109375,2232.76708984375,11140.8935546875
2021-08-23,413.6816711425781,1150.2930908203125,3456.470947265625,5646.5771484375,2560.866943359375,2298.69873046875,7369.3056640625,1195.9659423828125,8405.3515625,2782.09130859375,2201.669677734375,11155.5546875
2021-08-24,396.3793640136719,1241.35791015625,3439.52783203125,5655.146484375,2515.599853515625,2240.99072265625,7346.9072265625,1191.3660888671875,8251.3271484375,2749.7412109375,2139.475830078125,11038.2822265625
2021-08-25,394.806396484375,1217.393310546875,3490.358154296875,5655.146484375,2515.599853515625,2289.08056640625,7369.3056640625,1232.764892578125,8295.333984375,2725.47900390625,2139.475830078125,11214.19140625
2021-08-26,402.671142578125,1226.97900390625,3456.470947265625,5620.8720703125,2502.66552734375,2240.99072265625,7369.3056640625,1237.36474609375,7723.24169921875,2717.391357421875,2133.2568359375,11302.142578125
2021-08-27,391.6605529785156,1236.5650634765625,3422.58447265625,5578.0302734375,2483.26513671875,2231.37255859375,7436.50341796875,1255.76416015625,7789.251953125,2685.041259765625,2083.50146484375,11419.416015625
2021-08-30,408.9628601074219,1274.907958984375,3575.075439453125,5625.15576171875,2547.933837890625,2289.08056640625,7705.29248046875,1283.36328125,8031.29052734375,2749.7412109375,2151.914794921875,11727.2578125
2021-08-31,396.3793640136719,1294.07958984375,3541.18896484375,5612.3037109375,2541.466796875,2346.78857421875,7548.4990234375,1237.36474609375,8141.30859375,2749.7412109375,1952.893798828125,11771.2333984375
2021-09-01,415.2545471191406,1246.1507568359375,3507.302001953125,5625.15576171875,2515.599853515625,2308.31640625,7526.099609375,1255.76416015625,7943.27734375,2701.21630859375,1909.3577880859375,11756.5751953125
2021-09-02,415.2545471191406,1250.943603515625,3558.13232421875,5603.7353515625,2502.66552734375,2327.552490234375,7570.8984375,1274.16357421875,8053.29443359375,2725.47900390625,1890.6995849609375,11917.82421875
2021-09-03,426.2651062011719,1294.07958984375,3625.906005859375,5655.146484375,2541.466796875,2356.406494140625,7593.29736328125,1324.76220703125,8097.30126953125,2741.65380859375,1878.2608642578125,12533.5068359375
2021-09-06,429.4110107421875,1289.2867431640625,3676.736328125,5633.724609375,2489.732421875,2385.260498046875,7638.09521484375,1361.56103515625,8097.30126953125,2741.65380859375,1840.9443359375,12753.392578125
2021-09-07,423.1192321777344,1294.07958984375,3625.906005859375,5629.44091796875,2528.533447265625,2404.49658203125,7743.796875,1343.16162109375,7855.2626953125,2733.56640625,1772.53076171875,12636.123046875
2021-09-08,418.4004821777344,1294.07958984375,3558.13232421875,5518.0517578125,2653.38916015625,2404.49658203125,7743.796875,1343.16162109375,7525.21044921875,2693.12890625,1735.2144775390625,12254.9833984375
2021-09-09,429.4110107421875,1303.665283203125,3693.680419921875,5629.44091796875,2653.38916015625,2442.96826171875,7835.71142578125,1370.760986328125,7701.23828125,2741.65380859375,1704.117431640625,12782.7109375
2021-09-10,424.692138671875,1308.4581298828125,3676.736328125,5586.59912109375,2688.95703125,2385.260498046875,7812.73291015625,1352.3614501953125,7833.2587890625,2693.12890625,1791.18896484375,12445.5537109375
2021-09-13,421.5462951660156,1322.8369140625,3693.680419921875,5616.587890625,2632.048095703125,2366.0244140625,7743.796875,1352.3614501953125,7833.2587890625,2709.303955078125,1753.872802734375,12240.3251953125
2021-09-14,435.7027282714844,1322.8369140625,3744.509765625,5608.01953125,2632.048095703125,2346.78857421875,7766.77587890625,1361.56103515625,7833.2587890625,2782.09130859375,1760.0921630859375,12548.166015625
2021-09-15,437.275634765625,1327.6297607421875,3659.793212890625,5565.177734375,2603.59326171875,2356.406494140625,7697.83984375,1370.760986328125,7833.2587890625,2790.178466796875,1741.433837890625,12694.7578125
2021-09-16,437.275634765625,1318.0439453125,3642.849853515625,5569.46142578125,2589.3662109375,2366.0244140625,7559.9677734375,1324.76220703125,7679.23486328125,2782.09130859375,1859.6026611328125,12694.7578125
2021-09-17,419.9733581542969,1375.5587158203125,3676.736328125,5586.59912109375,2568.025390625,2327.552490234375,7491.03173828125,1333.9620361328125,7635.2275390625,2854.878662109375,1853.3831787109375,12020.4404296875
2021-09-20,415.2545471191406,1313.2510986328125,3592.019287109375,5642.29296875,2553.7978515625,2317.934326171875,7468.05322265625,1315.5623779296875,7481.2021484375,2846.791015625,1803.6280517578125,12064.416015625
2021-09-21,423.1192321777344,1327.6297607421875,3541.18896484375,5560.89306640625,2539.570556640625,2298.69873046875,7628.90380859375,1292.563232421875,7415.19189453125,2854.878662109375,1834.7249755859375,12079.0751953125
2021-09-22,440.4214782714844,1327.6297607421875,3575.075439453125,5616.587890625,2568.025390625,2337.17041015625,7536.9892578125,1306.3626708984375,7525.21044921875,2903.403076171875,1803.6280517578125,12240.3251953125
2021-09-23,445.14031982421875,1322.8369140625,3490.358154296875,5638.0087890625,2681.84326171875,2337.17041015625,7582.94677734375,1283.36328125,7481.2021484375,2879.14111328125,1791.18896484375,12357.5966796875
2021-09-24,471.8802185058594,1274.907958984375,3490.358154296875,5642.29296875,2717.41162109375,2298.69873046875,7628.90380859375,1287.963134765625,7305.173828125,2879.14111328125,1791.18896484375,12943.9599609375
2021-09-27,475.0260925292969,1337.215576171875,3507.302001953125,5638.0087890625,2667.615966796875,2269.844482421875,7674.86083984375,1287.963134765625,7217.15966796875,2846.791015625,1778.7503662109375,13413.0498046875
2021-09-28,547.381103515625,1337.215576171875,3439.52783203125,5586.59912109375,2646.275390625,2289.08056640625,7559.9677734375,1269.5635986328125,6909.11083984375,2854.878662109375,1772.53076171875,14072.7099609375
2021-09-29,541.0892944335938,1346.8013916015625,3608.962646484375,5638.0087890625,2660.502197265625,2308.31640625,7559.9677734375,1297.1629638671875,7459.19921875,2854.878662109375,1753.872802734375,14952.251953125
2021-09-30,553.6728515625,1322.8369140625,3727.56689453125,5997.8818359375,2738.7529296875,2366.0244140625,7674.86083984375,1315.5623779296875,7217.15966796875,2984.278076171875,1791.18896484375,15245.43359375
2021-10-01,559.9644775390625,1284.493896484375,3693.680419921875,5792.23974609375,2774.320556640625,2346.78857421875,7651.8828125,1287.963134765625,7129.14599609375,2960.015625,1753.872802734375,15245.43359375
2021-10-04,585.1314086914062,1274.907958984375,3778.397216796875,5963.60791015625,2824.116455078125,2491.058349609375,7950.60400390625,1269.5635986328125,7283.1708984375,2968.10302734375,1772.53076171875,15890.4326171875
2021-10-05,575.6937866210938,1270.1151123046875,3761.454345703125,5950.755859375,2795.661865234375,2471.822265625,8111.4541015625,1260.364013671875,7019.12841796875,2968.10302734375,1741.433837890625,15304.072265625
2021-10-06,586.7044067382812,1250.943603515625,4049.4931640625,6152.11328125,2930.8212890625,2539.148193359375,8134.43408203125,1260.364013671875,7019.12841796875,3040.890380859375,1809.847412109375,15553.2763671875
2021-10-07,545.8079833984375,1241.35791015625,3863.114990234375,6134.97607421875,2930.8212890625,2577.6201171875,8134.43408203125,1260.364013671875,7107.142578125,3008.54052734375,1803.6280517578125,15381.0556640625
2021-10-08,570.9749755859375,1236.5650634765625,4030.482421875,6246.36474609375,2959.275634765625,2654.56396484375,8180.390625,1269.5635986328125,7107.142578125,3073.240234375,1822.2861328125,15514.673828125
2021-10-11,602.4337158203125,1222.1861572265625,3945.091064453125,6216.37548828125,2973.502685546875,2654.56396484375,8134.43408203125,1251.164306640625,6931.11376953125,3081.32763671875,1760.0921630859375,15648.294921875
2021-10-12,592.9961547851562,1207.8076171875,4013.40478515625,6272.0712890625,3001.95751953125,2693.035888671875,8157.41259765625,1260.364013671875,6975.12060546875,3057.0654296875,1753.872802734375,15603.7529296875
2021-10-13,585.1314086914062,1126.3284912109375,4286.65673828125,6447.72265625,3044.6396484375,2731.5078125,8226.3486328125,1274.16357421875,7305.173828125,3048.977783203125,1728.9949951171875,15574.060546875
2021-10-14,583.5585327148438,1193.428955078125,4252.5009765625,6640.51220703125,3023.29833984375,2760.362060546875,8571.02734375,1320.1622314453125,7855.2626953125,3097.502685546875,1797.4085693359375,15262.2822265625
2021-10-15,585.1314086914062,1212.6004638671875,4269.5791015625,6554.828125,3073.09375,2750.743896484375,8525.0712890625,1329.362060546875,7723.24169921875,3081.32763671875,1778.7503662109375,15143.509765625
2021-10-18,589.8501586914062,1183.8431396484375,4252.5009765625,6447.72265625,3137.116455078125,2760.362060546875,8548.0478515625,1324.76220703125,7833.2587890625,3065.15283203125,1791.18896484375,15618.5986328125
2021-10-19,583.5585327148438,1169.4644775390625,4337.89306640625,6426.302734375,3130.0029296875,2769.9794921875,8548.0478515625,1333.9620361328125,7723.24169921875,3024.71533203125,1803.6280517578125,15232.5869140625
2021-10-21,552.099853515625,1236.5650634765625,4201.26513671875,6340.6181640625,3101.54833984375,2760.362060546875,8479.1123046875,1370.760986328125,7745.244140625,3113.677734375,1784.9696044921875,14668.419921875
2021-10-22,545.8079833984375,1193.428955078125,4218.34375,6447.72265625,3130.0029296875,2769.9794921875,8364.220703125,1338.5618896484375,7789.251953125,3129.8525390625,1872.04150390625,14074.5556640625
2021-10-25,548.9539794921875,1193.428955078125,4132.9521484375,6447.72265625,3058.86669921875,2741.1259765625,8364.220703125,1347.761474609375,7547.21337890625,3057.0654296875,1921.7967529296875,14252.7158203125
2021-10-26,555.2456665039062,1207.8076171875,4201.26513671875,6447.72265625,3094.4345703125,2760.362060546875,8364.220703125,1416.7596435546875,7371.18505859375,3073.240234375,1896.919189453125,14549.6455078125
2021-10-27,544.2352294921875,1188.6361083984375,4098.7958984375,6383.46044921875,3051.752685546875,2750.743896484375,8134.43408203125,1471.9580078125,7613.224609375,3065.15283203125,1903.138427734375,14549.6455078125
2021-10-28,512.7764892578125,1135.914306640625,4098.7958984375,6319.197265625,3016.184814453125,2702.654052734375,8088.47705078125,1462.75830078125,7767.2490234375,3032.802978515625,1847.1636962890625,13658.8515625
2021-10-29,528.505859375,1145.500244140625,4115.8740234375,6404.8818359375,3023.29833984375,2760.362060546875,8088.47705078125,1471.9580078125,8009.28759765625,3073.240234375,1890.6995849609375,13985.4765625
2021-11-01,530.0787353515625,1155.0859375,4115.8740234375,6340.6181640625,3009.071044921875,2760.362060546875,8088.47705078125,1462.75830078125,8119.30615234375,2992.365234375,1890.6995849609375,14015.169921875
2021-11-02,517.4953002929688,1107.156982421875,4030.482421875,6254.93408203125,2994.84375,2702.654052734375,8134.43408203125,1490.357421875,7899.26904296875,2960.015625,1865.822021484375,13658.8515625
2021-11-03,526.9329223632812,1126.3284912109375,4081.71728515625,6297.77490234375,3051.752685546875,2741.1259765625,8065.498046875,1504.1571044921875,8339.3408203125,3008.54052734375,1847.1636962890625,13257.994140625
2021-11-04,526.9329223632812,1150.2930908203125,4081.71728515625,6319.197265625,3023.29833984375,2760.362060546875,8088.47705078125,1499.55712890625,8713.400390625,3048.977783203125,1822.2861328125,13302.5341796875
2021-11-05,517.4953002929688,1145.500244140625,4047.560546875,6383.46044921875,3016.184814453125,2731.5078125,8088.47705078125,1499.55712890625,8713.400390625,3048.977783203125,1784.9696044921875,13302.5341796875
2021-11-08,533.2245483398438,1150.2930908203125,4047.560546875,6490.564453125,3009.071044921875,2693.035888671875,8180.390625,1490.357421875,8427.35546875,3032.802978515625,1791.18896484375,13747.9326171875
2021-11-09,536.3704833984375,1140.7071533203125,3996.326171875,6576.2490234375,3023.29833984375,2644.946044921875,8203.369140625,1490.357421875,8493.3662109375,3000.452880859375,1828.5054931640625,13688.5458984375
2021-11-10,531.6517333984375,1145.500244140625,4218.34375,6554.828125,3023.29833984375,2750.743896484375,8180.390625,1494.957275390625,8427.35546875,2992.365234375,1809.847412109375,13391.6123046875
2021-11-11,530.0787353515625,1155.0859375,4218.34375,6576.2490234375,3023.29833984375,2779.597900390625,8134.43408203125,1462.75830078125,8295.333984375,2951.927978515625,1834.7249755859375,13287.6884765625
2021-11-12,530.0787353515625,1150.2930908203125,4201.26513671875,6447.72265625,3001.95751953125,2731.5078125,8226.3486328125,1481.1575927734375,8295.333984375,2911.49072265625,1809.847412109375,13540.0791015625
2021-11-15,506.4847106933594,1150.2930908203125,4184.1875,6426.302734375,2959.275634765625,2712.27197265625,8203.369140625,1467.3580322265625,8097.30126953125,2911.49072265625,1772.53076171875,13228.3037109375
2021-11-16,508.0577392578125,1140.7071533203125,4218.34375,6404.8818359375,2937.934814453125,2779.597900390625,8111.4541015625,1490.357421875,8075.29833984375,2968.10302734375,1760.0921630859375,13317.380859375
2021-11-17,515.9223022460938,1131.121337890625,4269.5791015625,6512.3447265625,2987.72998046875,2779.597900390625,8134.43408203125,1485.757568359375,7965.27978515625,2935.753173828125,1753.872802734375,13644.0068359375
2021-11-18,511.20361328125,1150.2930908203125,4235.42236328125,6361.8955078125,2973.502685546875,2760.362060546875,8341.2412109375,1485.757568359375,7899.26904296875,2935.753173828125,1760.0921630859375,13525.232421875
2021-11-19,517.4953002929688,1212.6004638671875,4252.5009765625,6383.3876953125,3044.6396484375,2789.2158203125,8295.283203125,1467.3580322265625,7877.26611328125,3154.114990234375,1784.9696044921875,13465.8466796875
2021-11-22,515.9223022460938,1250.943603515625,4235.42236328125,6426.375,3044.6396484375,2827.687744140625,8341.2412109375,1471.9580078125,7855.2626953125,3073.240234375,1784.9696044921875,13658.8515625
2021-11-23,536.3704833984375,1198.2218017578125,4269.5791015625,6426.375,2994.84375,2750.743896484375,8226.3486328125,1481.1575927734375,7525.21044921875,3073.240234375,1784.9696044921875,13451.0009765625
2021-11-24,533.2245483398438,1217.393310546875,4252.5009765625,6426.375,2994.84375,2750.743896484375,8272.3056640625,1481.1575927734375,7547.21337890625,3073.240234375,1784.9696044921875,13332.2275390625
2021-11-25,548.9539794921875,1174.2574462890625,4252.5009765625,6383.3876953125,3001.95751953125,2827.687744140625,8226.3486328125,1490.357421875,7503.20654296875,3234.98974609375,1778.7503662109375,13569.7705078125
2021-11-26,520.64111328125,1116.74267578125,4030.482421875,6254.43115234375,2959.275634765625,2731.5078125,8157.41259765625,1462.75830078125,7283.1708984375,3243.0771484375,1741.433837890625,12946.21484375
2021-11-29,531.6517333984375,1155.0859375,4081.71728515625,6361.8955078125,2966.389404296875,2760.362060546875,8157.41259765625,1476.557861328125,7217.15966796875,3348.214599609375,1766.3114013671875,12961.0615234375
2021-11-30,534.7975463867188,1131.121337890625,3945.091064453125,6254.43115234375,2909.480224609375,2693.035888671875,7766.77587890625,1471.9580078125,7041.13232421875,3226.902099609375,1760.0921630859375,12678.9775390625
2021-12-01,552.099853515625,1145.500244140625,3859.698486328125,6275.923828125,2902.36669921875,2721.889892578125,8203.369140625,1462.75830078125,7129.14599609375,3299.689453125,1722.775634765625,13079.8359375
2021-12-02,569.4020385742188,1135.914306640625,3996.326171875,6447.8671875,2987.72998046875,2769.9794921875,8134.43408203125,1485.757568359375,7107.142578125,3364.389404296875,1704.117431640625,13792.46875
2021-12-03,570.9749755859375,1121.53564453125,3928.012451171875,6340.40234375,2966.389404296875,2750.743896484375,7996.5615234375,1481.1575927734375,6953.11767578125,3291.60205078125,1735.2144775390625,13480.6943359375
2021-12-06,600.8607177734375,1121.53564453125,3859.698486328125,6318.90869140625,2923.70751953125,2760.362060546875,8042.51904296875,1453.5584716796875,7151.1494140625,3372.476806640625,1704.117431640625,13332.2275390625
2021-12-07,599.2879638671875,1121.53564453125,4047.560546875,6318.90869140625,3009.071044921875,2808.4521484375,8042.51904296875,1485.757568359375,7107.142578125,3356.302001953125,1716.55615234375,13658.8515625
2021-12-08,605.5795288085938,1121.53564453125,3962.16943359375,6383.3876953125,2994.84375,2750.743896484375,8065.498046875,1467.3580322265625,7063.13525390625,3307.777099609375,1735.2144775390625,13272.8408203125
2021-12-09,608.7255249023438,1131.121337890625,4098.7958984375,6318.90869140625,2980.616455078125,2827.687744140625,8226.3486328125,1481.1575927734375,7063.13525390625,3356.302001953125,1741.433837890625,13257.994140625
2021-12-10,604.0066528320312,1116.74267578125,4047.560546875,6340.40234375,2937.934814453125,2769.9794921875,8134.43408203125,1481.1575927734375,6931.11376953125,3356.302001953125,1760.0921630859375,13658.8515625
2021-12-13,604.0066528320312,1126.3284912109375,4030.482421875,6275.923828125,2959.275634765625,2741.1259765625,8042.51904296875,1476.557861328125,6953.11767578125,3299.689453125,1828.5054931640625,13079.8359375
2021-12-14,604.0066528320312,1116.74267578125,4013.40478515625,6275.923828125,2937.934814453125,2760.362060546875,7996.5615234375,1481.1575927734375,6821.09619140625,3315.864501953125,1840.9443359375,13064.990234375
2021-12-15,635.46533203125,1116.74267578125,4098.7958984375,6275.923828125,2987.72998046875,2798.833740234375,8088.47705078125,1485.757568359375,6777.08935546875,3299.689453125,1822.2861328125,12886.8291015625
2021-12-16,641.7570190429688,1102.3641357421875,3962.16943359375,6254.43115234375,2945.04833984375,2789.2158203125,8042.51904296875,1494.957275390625,6667.072265625,3315.864501953125,1791.18896484375,12961.0615234375
2021-12-17,644.9030151367188,1102.3641357421875,3962.16943359375,6447.8671875,2923.70751953125,2750.743896484375,8088.47705078125,1481.1575927734375,6535.05029296875,3315.864501953125,1840.9443359375,12901.6748046875
2021-12-20,644.9030151367188,1116.74267578125,3876.778076171875,6340.40234375,2930.8212890625,2721.889892578125,8111.4541015625,1485.757568359375,6447.0361328125,3299.689453125,1778.7503662109375,12649.2861328125
2021-12-21,666.9240112304688,1145.500244140625,3859.698486328125,6340.40234375,2902.36669921875,2750.743896484375,8042.51904296875,1476.557861328125,6535.05029296875,3364.389404296875,1778.7503662109375,13079.8359375
2021-12-22,676.3616333007812,1164.671630859375,3842.621826171875,6297.41650390625,2881.025634765625,2712.27197265625,7973.5830078125,1444.3587646484375,6381.025390625,3323.9521484375,1766.3114013671875,12946.21484375
2021-12-23,676.3616333007812,1155.0859375,3910.934326171875,6275.923828125,2916.59375,2721.889892578125,8065.498046875,1462.75830078125,6425.03271484375,3364.389404296875,1784.9696044921875,13198.609375
2021-12-24,698.3826904296875,1159.8787841796875,3876.778076171875,6275.923828125,2895.252685546875,2712.27197265625,8019.54052734375,1448.9586181640625,6403.029296875,3323.9521484375,1791.18896484375,13154.0673828125
2021-12-27,685.7991943359375,1159.8787841796875,3876.778076171875,6318.90869140625,2888.13916015625,2693.035888671875,7950.60400390625,1481.1575927734375,6513.046875,3299.689453125,1803.6280517578125,13079.8359375
2021-12-28,723.549560546875,1169.4644775390625,3910.934326171875,6318.90869140625,2909.480224609375,2712.27197265625,7996.5615234375,1476.557861328125,6469.03955078125,3307.777099609375,1803.6280517578125,13629.1591796875
2021-12-29,726.6954956054688,1188.6361083984375,3928.012451171875,6275.923828125,2902.36669921875,2731.5078125,7973.5830078125,1485.757568359375,6359.02197265625,3299.689453125,1797.4085693359375,13540.0791015625
2021-12-30,760.5518798828125,1164.671630859375,3893.856201171875,6275.923828125,2923.70751953125,2702.654052734375,7996.5615234375,1485.757568359375,6381.025390625,3267.33984375,1822.2861328125,13154.0673828125
2022-01-03,801.1146850585938,1179.05029296875,3910.934326171875,6297.41650390625,2973.502685546875,2712.27197265625,7927.62646484375,1490.357421875,6403.029296875,3380.564208984375,1803.6280517578125,12961.0615234375
2022-01-04,777.4529418945312,1145.500244140625,3945.091064453125,6361.8955078125,2959.275634765625,2760.362060546875,8065.498046875,1490.357421875,6491.04345703125,3372.476806640625,1797.4085693359375,13020.44921875
2022-01-05,757.1715698242188,1150.2930908203125,3808.464111328125,6404.880859375,2994.84375,2702.654052734375,8111.4541015625,1494.957275390625,6359.02197265625,3275.427001953125,1809.847412109375,13035.296875
2022-01-06,777.4529418945312,1107.156982421875,3876.778076171875,6426.375,2959.275634765625,2702.654052734375,8134.43408203125,1490.357421875,6315.01513671875,3332.039306640625,1791.18896484375,12901.6748046875
2022-01-07,821.39599609375,1107.156982421875,3893.856201171875,6576.82373046875,2980.616455078125,2712.27197265625,8157.41259765625,1522.5565185546875,6293.01171875,3372.476806640625,1803.6280517578125,13168.9140625
2022-01-10,811.25537109375,1083.1925048828125,3859.698486328125,6533.83837890625,2973.502685546875,2712.27197265625,8134.43408203125,1559.35546875,6249.00439453125,3315.864501953125,1828.5054931640625,12946.21484375
2022-01-11,790.9739379882812,1049.642333984375,3893.856201171875,6619.81005859375,2952.162109375,2712.27197265625,7996.5615234375,1540.9559326171875,6116.9833984375,3307.777099609375,1809.847412109375,12916.521484375
2022-01-12,780.8333129882812,1049.642333984375,3910.934326171875,6619.81005859375,2959.275634765625,2750.743896484375,8042.51904296875,1563.955322265625,6138.98681640625,3323.9521484375,1872.04150390625,13124.3740234375
2022-01-13,770.6925048828125,1049.642333984375,3945.091064453125,6619.81005859375,2980.616455078125,2741.1259765625,8065.498046875,1563.955322265625,6227.0009765625,3380.564208984375,1878.2608642578125,13465.8466796875
2022-01-14,767.3123779296875,1044.8494873046875,3910.934326171875,6748.767578125,2973.502685546875,2760.362060546875,8042.51904296875,1559.35546875,6160.990234375,3388.651611328125,1865.822021484375,13970.62890625
2022-01-17,763.9320678710938,1049.642333984375,3876.778076171875,6662.7958984375,2994.84375,2769.9794921875,8065.498046875,1568.55517578125,6006.96533203125,3380.564208984375,1865.822021484375,13955.78125
2022-01-18,750.4111938476562,1049.642333984375,3859.698486328125,6598.3173828125,2980.616455078125,2789.2158203125,8065.498046875,1577.7548828125,5918.951171875,3437.177001953125,1909.3577880859375,14044.8623046875
2022-01-19,753.7914428710938,1073.6068115234375,3825.542724609375,6598.3173828125,2937.934814453125,2702.654052734375,8042.51904296875,1563.955322265625,5874.94482421875,3437.177001953125,1915.5771484375,13807.31640625
2022-01-20,780.8333129882812,1054.435302734375,3774.306884765625,6684.2880859375,2937.934814453125,2760.362060546875,7835.71142578125,1563.955322265625,5830.93798828125,3412.914306640625,1959.113037109375,13569.7705078125
2022-01-21,780.8333129882812,1049.642333984375,3825.542724609375,6834.73876953125,2966.389404296875,2808.4521484375,7973.5830078125,1568.55517578125,6094.9794921875,3501.87646484375,2002.64892578125,13955.78125
2022-01-24,767.3123779296875,1011.2991943359375,3774.306884765625,6705.78076171875,2930.8212890625,2798.833740234375,7904.6474609375,1563.955322265625,6138.98681640625,3477.614013671875,2015.087646484375,13896.3974609375
2022-01-25,747.0310668945312,977.7490234375,3723.072998046875,6684.2880859375,2895.252685546875,2779.597900390625,8042.51904296875,1563.955322265625,5984.9619140625,3469.526611328125,2027.5264892578125,13747.9326171875
2022-01-26,747.0310668945312,1107.156982421875,3723.072998046875,6619.81005859375,2909.480224609375,2875.777587890625,8042.51904296875,1563.955322265625,6050.97265625,3550.40087890625,2064.843017578125,13525.232421875
2022-01-27,780.8333129882812,1164.671630859375,3740.151123046875,6705.78076171875,2945.04833984375,2904.631591796875,7996.5615234375,1554.755615234375,5940.95458984375,3453.3515625,2089.720703125,13807.31640625
2022-01-28,770.6925048828125,1155.0859375,3740.151123046875,6684.2880859375,2945.04833984375,2943.103759765625,7973.5830078125,1536.3560791015625,6006.96533203125,3445.26416015625,2133.2568359375,13807.31640625
2022-01-31,757.1715698242188,1116.74267578125,3740.151123046875,6555.33056640625,2895.252685546875,2875.777587890625,8019.54052734375,1508.7568359375,5918.951171875,3388.651611328125,2195.450439453125,13733.0830078125
2022-02-02,747.0310668945312,1212.6004638671875,3757.229736328125,6705.78076171875,2895.252685546875,2875.777587890625,7973.5830078125,1554.755615234375,6050.97265625,3372.476806640625,2263.864013671875,13614.3125
2022-02-03,750.4111938476562,1198.2218017578125,3757.229736328125,6641.302734375,2937.934814453125,2875.777587890625,7812.73291015625,1527.1563720703125,6072.9765625,3396.739501953125,2313.618896484375,13554.9248046875
2022-02-04,736.8902587890625,1179.05029296875,3757.229736328125,6641.302734375,2994.84375,2875.777587890625,7927.62646484375,1554.755615234375,6182.994140625,3421.001708984375,2394.471435546875,13361.919921875
2022-02-07,743.6506958007812,1193.428955078125,3740.151123046875,6705.78076171875,3130.0029296875,2885.395751953125,7950.60400390625,1550.1556396484375,6359.02197265625,3469.526611328125,2481.543212890625,13421.3076171875
2022-02-08,743.6506958007812,1174.2574462890625,3791.386474609375,6641.302734375,3158.45751953125,2933.485595703125,7927.62646484375,1508.7568359375,6293.01171875,3421.001708984375,2537.517822265625,13168.9140625
2022-02-09,747.0310668945312,1217.393310546875,3791.386474609375,6834.73876953125,3165.571044921875,2952.7216796875,7973.5830078125,1517.9566650390625,6447.0361328125,3461.439208984375,2624.589599609375,13465.8466796875
2022-02-10,730.1297607421875,1222.1861572265625,3723.072998046875,6662.7958984375,3179.798583984375,2971.95751953125,7927.62646484375,1508.7568359375,6403.029296875,3607.013427734375,2680.56396484375,13540.0791015625
2022-02-11,733.5100708007812,1183.8431396484375,3723.072998046875,6727.27392578125,3165.571044921875,2971.95751953125,7950.60400390625,1504.1571044921875,6491.04345703125,3598.92578125,2493.982177734375,13688.5458984375
2022-02-14,753.7914428710938,1174.2574462890625,3620.602783203125,6619.81005859375,3137.116455078125,3000.8115234375,7858.69091796875,1471.9580078125,6337.01806640625,3558.48876953125,2338.4970703125,13926.08984375
2022-02-15,774.0728149414062,1164.671630859375,3757.229736328125,6770.25927734375,3151.343505859375,3039.283447265625,7858.69091796875,1508.7568359375,6403.029296875,3566.576171875,2419.34912109375,14356.640625
2022-02-16,757.1715698242188,1140.7071533203125,3740.151123046875,6856.2314453125,3144.230224609375,3020.047607421875,7812.73291015625,1490.357421875,6513.046875,3558.48876953125,2438.00732421875,14133.9423828125
2022-02-17,750.4111938476562,1116.74267578125,3740.151123046875,6791.7529296875,3130.0029296875,3020.047607421875,7835.71142578125,1471.9580078125,6447.0361328125,3566.576171875,2350.935791015625,14089.4033203125
2022-02-18,757.1715698242188,1150.2930908203125,3825.542724609375,6813.24658203125,3151.343505859375,3020.047607421875,7835.71142578125,1471.9580078125,6469.03955078125,3558.48876953125,2363.37451171875,14208.173828125
2022-02-21,750.4111938476562,1111.9498291015625,3808.464111328125,6834.73876953125,3194.025634765625,3020.047607421875,7812.73291015625,1462.75830078125,6403.029296875,3534.226318359375,2338.4970703125,13955.78125
2022-02-22,753.7914428710938,1102.3641357421875,3808.464111328125,6791.7529296875,3151.343505859375,3029.66552734375,7835.71142578125,1490.357421875,6381.025390625,3477.614013671875,2307.399658203125,13940.9365234375
2022-02-23,784.2135009765625,1083.1925048828125,3859.698486328125,6920.71044921875,3186.912353515625,3029.66552734375,7996.5615234375,1517.9566650390625,6337.01806640625,3518.05126953125,2313.618896484375,14252.7158203125
2022-02-24,838.2971801757812,1068.81396484375,3893.856201171875,6877.724609375,3122.8896484375,2962.339599609375,7835.71142578125,1499.55712890625,6072.9765625,3429.089111328125,2220.327880859375,14965.3515625
2022-02-25,828.1563720703125,1044.8494873046875,3962.16943359375,6920.71044921875,3236.708251953125,2962.339599609375,7812.73291015625,1513.3568115234375,6337.01806640625,3509.9638671875,2245.2060546875,14787.189453125
2022-03-01,872.0994262695312,1044.8494873046875,3893.856201171875,6920.71044921875,3293.61669921875,2943.103759765625,7582.94677734375,1453.5584716796875,6249.00439453125,3518.05126953125,2313.618896484375,14757.498046875
2022-03-02,882.2401123046875,1044.8494873046875,3774.306884765625,6856.2314453125,3243.821533203125,2933.485595703125,7284.224609375,1471.9580078125,5918.951171875,3469.526611328125,2257.64453125,15158.3544921875
2022-03-04,1027.590087890625,1040.056640625,3842.621826171875,6791.7529296875,3322.071044921875,2943.103759765625,7192.3095703125,1508.7568359375,5830.93798828125,3558.48876953125,2226.5478515625,16078.84375
2022-03-07,1095.1944580078125,1097.5711669921875,3962.16943359375,6619.81005859375,3215.366943359375,2904.631591796875,6801.673828125,1476.557861328125,5544.8916015625,3647.450927734375,2127.036865234375,16242.15625
2022-03-08,1054.6319580078125,1025.6778564453125,4269.5791015625,6576.82373046875,3151.343505859375,2904.631591796875,6985.50244140625,1462.75830078125,5610.9013671875,3736.413330078125,2064.843017578125,15262.2822265625
2022-03-09,1041.11083984375,1011.2991943359375,4303.73583984375,6748.767578125,3250.935302734375,2933.485595703125,7008.48095703125,1458.158447265625,5654.90869140625,3590.83837890625,2120.817626953125,15677.9873046875
2022-03-10,1007.308837890625,1121.53564453125,4269.5791015625,6813.24658203125,3250.935302734375,2952.7216796875,7123.3740234375,1476.557861328125,6116.9833984375,3566.576171875,2189.231201171875,15410.7470703125
2022-03-11,1014.0692138671875,1145.500244140625,4286.65673828125,6834.73876953125,3254.07958984375,2943.103759765625,6939.54541015625,1485.757568359375,6028.96875,3712.15087890625,2195.450439453125,15856.146484375
2022-03-14,943.0844116210938,1226.97900390625,4354.97021484375,6942.20263671875,3342.8271484375,2981.5751953125,6916.56689453125,1499.55712890625,5962.95849609375,3704.063232421875,2226.5478515625,14757.498046875
2022-03-15,916.04248046875,1241.35791015625,4303.73583984375,7006.6826171875,3409.387451171875,2991.193603515625,6824.65185546875,1490.357421875,5830.93798828125,3736.413330078125,2251.425048828125,14534.80078125
2022-03-16,953.22509765625,1250.943603515625,4372.048828125,7049.66796875,3438.970458984375,3058.51953125,7008.48095703125,1490.357421875,5874.94482421875,3744.5009765625,2375.8134765625,14846.578125
2022-03-17,926.18310546875,1289.2867431640625,4389.126953125,6877.724609375,3438.970458984375,3058.51953125,6962.5234375,1481.1575927734375,5940.95458984375,3623.1884765625,2332.277587890625,14995.04296875
2022-03-18,919.422607421875,1303.665283203125,4372.048828125,6791.7529296875,3387.2001953125,3048.9013671875,6962.5234375,1499.55712890625,5852.9404296875,3671.713623046875,2357.1552734375,15098.96875
2022-03-21,919.422607421875,1332.4227294921875,4508.67578125,6791.7529296875,3394.5966796875,3083.417724609375,6847.630859375,1517.9566650390625,5786.93017578125,3679.80078125,2382.032958984375,15054.4296875
2022-03-22,946.4645385742188,1342.008544921875,4491.59716796875,6813.24658203125,3431.57421875,3093.494384765625,6870.609375,1522.5565185546875,5852.9404296875,3679.80078125,2369.59375,15173.203125
2022-03-23,946.4645385742188,1337.215576171875,4423.28466796875,6791.7529296875,3438.970458984375,3133.80029296875,6893.587890625,1527.1563720703125,5786.93017578125,3679.80078125,2382.032958984375,15277.1298828125
2022-03-24,973.5064086914062,1361.179931640625,4491.59716796875,6813.24658203125,3498.13525390625,3194.259521484375,6939.54541015625,1554.755615234375,5786.93017578125,3687.88818359375,2375.8134765625,15796.759765625
2022-03-25,953.22509765625,1332.4227294921875,4372.048828125,6834.73876953125,3483.343994140625,3164.030029296875,6663.8017578125,1536.3560791015625,5720.919921875,3655.53857421875,2363.37451171875,15633.4462890625
2022-03-28,966.7459716796875,1342.008544921875,4576.98876953125,6895.84130859375,3498.13525390625,3174.106689453125,6686.7802734375,1499.55712890625,5962.95849609375,3720.238525390625,2413.1298828125,15796.759765625
2022-03-29,936.3239135742188,1361.179931640625,4474.5185546875,6852.19677734375,3468.552490234375,3194.259521484375,6709.7587890625,1499.55712890625,5874.94482421875,3687.88818359375,2469.1044921875,15455.2880859375
2022-03-30,905.9017944335938,1399.5230712890625,4542.83203125,6874.01806640625,3483.343994140625,3174.106689453125,6778.6943359375,1527.1563720703125,5940.95458984375,3704.063232421875,2487.7626953125,15366.2080078125
2022-03-31,909.2819213867188,1457.037841796875,4491.59716796875,6961.3076171875,3446.36572265625,3184.18310546875,6755.71630859375,1481.1575927734375,5852.9404296875,3704.063232421875,2512.64013671875,15173.203125
2022-04-01,949.8447875976562,1423.487548828125,4576.98876953125,6917.6640625,3498.13525390625,3174.106689453125,6916.56689453125,1485.757568359375,5962.95849609375,3704.063232421875,2525.079345703125,15395.9013671875
2022-04-04,949.8447875976562,1466.62353515625,4662.38037109375,6895.84130859375,3475.947998046875,3153.953369140625,6939.54541015625,1550.1556396484375,6028.96875,3671.713623046875,2556.17626953125,15900.6845703125
2022-04-05,1014.0692138671875,1509.759521484375,4713.615234375,6895.84130859375,3475.947998046875,3153.953369140625,6962.5234375,1481.1575927734375,6006.96533203125,3655.53857421875,2605.931396484375,16153.07421875
2022-04-06,1037.7308349609375,1634.37451171875,4781.92822265625,6764.90771484375,3401.991455078125,3093.494384765625,6801.673828125,1467.3580322265625,5896.9482421875,3582.751220703125,2624.589599609375,16301.54296875
2022-04-07,1030.970458984375,1548.1026611328125,4713.615234375,6764.90771484375,3424.1787109375,3103.571044921875,6962.5234375,1453.5584716796875,5808.93408203125,3671.713623046875,2637.028564453125,16123.384765625
2022-04-08,1068.15283203125,1624.788818359375,4781.92822265625,6852.19677734375,3409.387451171875,3103.571044921875,6847.630859375,1453.5584716796875,5874.94482421875,3704.063232421875,2674.344970703125,16984.484375
2022-04-11,1061.3924560546875,1605.6171875,4679.45849609375,6743.0849609375,3379.804931640625,3093.494384765625,6916.56689453125,1458.158447265625,5737.28564453125,3712.15087890625,2748.977783203125,16895.404296875
2022-04-12,1061.3924560546875,1682.303466796875,4747.77197265625,6808.55126953125,3409.387451171875,3103.571044921875,6801.673828125,1458.158447265625,5692.109375,3744.5009765625,2680.56396484375,16598.474609375
2022-04-13,1132.3773193359375,1629.5816650390625,4764.8505859375,6808.55126953125,3409.387451171875,3113.6474609375,6732.73681640625,1467.3580322265625,5601.759765625,3793.025634765625,2637.028564453125,17385.34375
2022-04-14,1118.8563232421875,1648.7532958984375,4696.53759765625,6721.26318359375,3357.617919921875,3093.494384765625,6594.865234375,1458.158447265625,5443.64501953125,3784.937744140625,2549.95654296875,17697.123046875
2022-04-18,1112.095947265625,1634.37451171875,4781.92822265625,6721.26318359375,3365.013671875,3073.34130859375,6525.9296875,1471.9580078125,5556.58349609375,3809.200439453125,2487.7626953125,17815.892578125
2022-04-19,1105.33544921875,1619.995849609375,4713.615234375,6655.79541015625,3379.804931640625,3053.188232421875,6594.865234375,1448.9586181640625,5466.232421875,3784.937744140625,2593.49267578125,17578.34765625
2022-04-20,1091.8145751953125,1667.9246826171875,4713.615234375,6677.6181640625,3586.883056640625,3164.030029296875,6732.73681640625,1435.1590576171875,5375.8818359375,3744.5009765625,2587.2734375,17367.00390625
2022-04-21,1105.33544921875,1634.37451171875,4781.92822265625,6917.6640625,3549.904541015625,3345.407470703125,6824.65185546875,1471.9580078125,5488.8203125,3736.413330078125,2549.95654296875,17229.171875
2022-04-22,1085.053955078125,1639.16748046875,4816.08447265625,6874.01806640625,3512.926513671875,3335.3310546875,6709.7587890625,1448.9586181640625,5421.05712890625,3736.413330078125,2549.95654296875,17336.375
2022-04-25,1085.053955078125,1624.788818359375,4833.16357421875,6983.13037109375,3579.487060546875,3315.177978515625,6824.65185546875,1476.557861328125,5398.46923828125,3809.200439453125,2537.517822265625,16922.875
2022-04-26,1068.15283203125,1615.2030029296875,4918.55517578125,7092.24169921875,3653.443603515625,3365.560546875,6962.5234375,1494.957275390625,5782.46044921875,3849.6376953125,2543.7373046875,17612.0390625
2022-04-27,1071.5330810546875,1634.37451171875,4867.31982421875,7157.708984375,3586.883056640625,3315.177978515625,6985.50244140625,1485.757568359375,5850.22412109375,3857.724853515625,2539.330322265625,17703.9296875
2022-04-28,1128.9969482421875,1639.16748046875,5174.7294921875,7092.24169921875,3601.67431640625,3607.397216796875,7008.48095703125,1508.7568359375,5782.46044921875,3736.413330078125,2501.9873046875,18546.24609375
2022-05-09,1068.15283203125,1600.8243408203125,4942.66943359375,6633.9736328125,3350.22265625,3355.484130859375,6801.673828125,1407.559814453125,5533.99560546875,3485.70166015625,2495.763671875,17903.0234375
2022-05-10,1044.4913330078125,1490.587890625,4907.61572265625,6568.5068359375,3350.22265625,3264.79541015625,7330.181640625,1485.757568359375,5511.408203125,3509.9638671875,2483.31591796875,18148.05859375
2022-05-11,1064.7725830078125,1548.1026611328125,4837.50634765625,6677.6181640625,3320.640380859375,3224.489013671875,7628.90380859375,1504.1571044921875,5850.22412109375,3501.87646484375,2470.867919921875,18515.615234375
2022-05-12,1064.7725830078125,1442.6590576171875,4802.45263671875,6350.28466796875,3194.914306640625,3174.106689453125,7376.13916015625,1453.5584716796875,5669.52197265625,3477.614013671875,2458.42041015625,17948.966796875
2022-05-13,1085.053955078125,1509.759521484375,4995.2509765625,6393.9287109375,3143.14453125,3143.876953125,7514.0107421875,1471.9580078125,5692.109375,3445.26416015625,2464.644287109375,18515.615234375
2022-05-17,1138.585205078125,1581.6527099609375,4907.61572265625,6459.39599609375,3291.0576171875,3164.030029296875,7192.3095703125,1494.957275390625,5737.28564453125,3380.564208984375,2458.42041015625,18423.7265625
2022-05-18,1127.977294921875,1634.37451171875,4977.7236328125,6612.15087890625,3291.0576171875,3184.18310546875,7445.07470703125,1494.957275390625,5850.22412109375,3437.177001953125,2477.092041015625,18561.560546875
2022-05-19,1099.6895751953125,1629.5816650390625,4907.61572265625,6503.0400390625,3283.661865234375,3184.18310546875,7330.181640625,1476.557861328125,5624.34716796875,3404.82666015625,2464.644287109375,18362.466796875
2022-05-20,1170.4091796875,1701.4749755859375,4995.2509765625,6459.39599609375,3276.2666015625,3224.489013671875,7399.1181640625,1494.957275390625,5737.28564453125,3372.476806640625,2464.644287109375,18316.525390625
2022-05-23,1113.8333740234375,1667.9246826171875,4872.56103515625,6437.5732421875,3202.3095703125,3174.106689453125,7330.181640625,1499.55712890625,5872.81201171875,3323.9521484375,2458.42041015625,18163.375
2022-05-24,1131.5133056640625,1624.788818359375,5012.7783203125,6415.75,3298.453125,3194.259521484375,7491.03173828125,1485.757568359375,6053.51416015625,3356.302001953125,2464.644287109375,18561.560546875
2022-05-25,1096.153564453125,1682.303466796875,4977.7236328125,6437.5732421875,3217.100830078125,3164.030029296875,7582.94677734375,1499.55712890625,5895.39990234375,3396.739501953125,2477.092041015625,18484.984375
2022-05-27,1117.3692626953125,1619.995849609375,5065.36083984375,6612.15087890625,3357.617919921875,3264.79541015625,7927.62646484375,1481.1575927734375,6053.51416015625,3477.614013671875,2533.106689453125,18622.818359375
2022-05-30,1082.0096435546875,1619.995849609375,5082.88720703125,6612.15087890625,3276.2666015625,3305.1015625,7858.69091796875,1499.55712890625,6482.6806640625,3437.177001953125,2558.001953125,18530.927734375
2022-05-31,1156.26513671875,1744.6109619140625,5152.99609375,6764.90771484375,3424.1787109375,3426.019775390625,7881.66845703125,1574.77001953125,6595.61962890625,3485.70166015625,2545.55419921875,19174.15234375
2022-06-02,1177.4810791015625,1725.439453125,5135.46923828125,6612.15087890625,3313.244384765625,3305.1015625,7858.69091796875,1508.9588623046875,6482.6806640625,3469.526611328125,2564.2255859375,19373.244140625
2022-06-03,1244.6646728515625,1739.818115234375,5117.94140625,6633.9736328125,3342.8271484375,3305.1015625,7881.66845703125,1504.258056640625,6414.91796875,3485.70166015625,2526.8828125,19970.525390625
2022-06-06,1223.44873046875,1744.6109619140625,5065.36083984375,6503.0400390625,3276.2666015625,3284.9482421875,7950.60400390625,1541.8643798828125,6505.2685546875,3509.9638671875,2508.2109375,19710.169921875
2022-06-07,1290.63232421875,1753.1151123046875,5047.833984375,6437.5732421875,3254.07958984375,3345.407470703125,7881.66845703125,1499.55712890625,6460.09326171875,3437.177001953125,2489.53955078125,20108.35546875
2022-06-08,1283.560302734375,1791.85791015625,5030.30517578125,6633.9736328125,3305.8486328125,3385.71337890625,7881.66845703125,1527.761962890625,6527.85595703125,3437.147705078125,2489.53955078125,20246.189453125
2022-06-09,1272.952392578125,1796.7008056640625,5047.833984375,6546.68505859375,3320.640380859375,3395.7900390625,7927.62646484375,1537.1636962890625,6324.56689453125,3395.231201171875,2489.53955078125,19848.00390625
2022-06-10,1212.8406982421875,1738.5863037109375,4855.033203125,6415.75,3254.07958984375,3295.02490234375,7812.73291015625,1527.761962890625,6234.2158203125,3370.081298828125,2477.092041015625,19725.486328125
2022-06-13,1127.977294921875,1714.3721923828125,4925.14306640625,6415.75,3209.70556640625,3264.79541015625,7904.6474609375,1527.761962890625,5917.9873046875,3420.381103515625,2427.301025390625,18791.28125
2022-06-14,1152.729248046875,1777.329345703125,4890.08837890625,6459.39599609375,3224.4970703125,3305.1015625,7950.60400390625,1527.761962890625,6166.4521484375,3445.531005859375,2377.51025390625,19327.302734375
2022-06-15,1074.9376220703125,1738.5863037109375,4697.28857421875,6393.9287109375,3291.0576171875,3345.407470703125,7904.6474609375,1518.3603515625,6234.2158203125,3403.614501953125,2439.748779296875,18224.630859375
2022-06-16,1082.0096435546875,1772.4864501953125,4802.45263671875,6612.15087890625,3276.2666015625,3375.636962890625,7973.5830078125,1527.761962890625,6234.2158203125,3386.847900390625,2396.181640625,18377.78125
2022-06-17,1032.5059814453125,1748.2723388671875,4872.56103515625,6546.68505859375,3231.892333984375,3254.71875,7858.69091796875,1527.761962890625,6166.4521484375,3453.914306640625,2371.286376953125,17642.671875
2022-06-20,1036.041748046875,1743.4293212890625,4855.033203125,6655.79541015625,3254.07958984375,3325.25439453125,8249.3271484375,1523.0611572265625,6414.91796875,3386.847900390625,2333.943359375,17765.19140625
2022-06-21,1071.401611328125,1772.4864501953125,4802.45263671875,6677.6181640625,3239.287841796875,3325.25439453125,8410.1767578125,1527.761962890625,6460.09326171875,3445.531005859375,2371.286376953125,17857.076171875
2022-06-22,1071.401611328125,1898.40087890625,4767.39794921875,6546.68505859375,3194.914306640625,3284.9482421875,8479.1123046875,1527.761962890625,6460.09326171875,3395.231201171875,2365.0625,17887.70703125
2022-06-23,1039.5780029296875,1927.4580078125,4819.9794921875,6568.5068359375,3187.51806640625,3284.9482421875,8571.02734375,1598.2740478515625,6595.61962890625,3487.447509765625,2352.614990234375,17933.65234375
2022-06-24,1050.1856689453125,1927.4580078125,4679.76123046875,6524.86328125,3209.70556640625,3345.407470703125,8662.9423828125,1607.67578125,6889.26025390625,3479.064208984375,2352.614990234375,17933.65234375
2022-06-27,1046.6497802734375,1922.614990234375,4662.234375,6415.75,3165.331787109375,3315.177978515625,8731.8779296875,1593.5733642578125,6618.20751953125,3411.997802734375,2352.614990234375,17887.70703125
2022-06-28,1043.11376953125,1922.614990234375,4697.28857421875,6372.1064453125,3180.122802734375,3274.871826171875,8731.8779296875,1598.2740478515625,6414.91796875,3378.46484375,2352.614990234375,18255.265625
2022-06-29,1014.825927734375,1927.4580078125,4557.07080078125,6350.28466796875,3091.375,3204.336181640625,8685.9208984375,1588.87255859375,6595.61962890625,3386.847900390625,2284.152587890625,17474.208984375
2022-06-30,1011.2900390625,1975.8865966796875,4644.70703125,6328.46142578125,3069.1884765625,3194.259521484375,8777.8349609375,1560.6676025390625,6437.50537109375,3353.31494140625,2240.585693359375,17397.6328125
2022-07-01,961.7861938476562,1946.8294677734375,4574.59814453125,6328.46142578125,3061.792724609375,3063.2646484375,8594.005859375,1584.171630859375,6211.6279296875,3370.081298828125,2178.34716796875,16233.7060546875
2022-07-04,979.4662475585938,1859.657958984375,4557.07080078125,6153.8837890625,2987.836669921875,2982.652587890625,8479.1123046875,1537.1636962890625,6143.8642578125,3344.931640625,2178.34716796875,16249.0244140625
2022-07-05,1018.3619384765625,1917.772216796875,4434.38134765625,6328.46142578125,3024.814697265625,3083.417724609375,8433.15625,1588.87255859375,6053.51416015625,3344.931640625,2153.451904296875,17137.283203125
2022-07-06,979.4662475585938,1966.2008056640625,4259.10888671875,6372.1064453125,3017.419189453125,3033.03515625,8685.9208984375,1584.171630859375,6076.10107421875,3370.081298828125,2134.780517578125,16417.484375
2022-07-07,979.4662475585938,1840.2864990234375,4171.47314453125,6197.52783203125,2995.232177734375,2992.72900390625,8708.8994140625,1579.470947265625,5985.75048828125,3386.847900390625,2165.8994140625,16402.169921875
2022-07-08,1000.6821899414062,1840.2864990234375,4189.0,6241.1728515625,3106.16650390625,3012.88232421875,8662.9423828125,1570.0692138671875,6030.92626953125,3361.697998046875,2172.123291015625,16815.671875
2022-07-11,1000.6821899414062,1859.657958984375,4241.5810546875,6219.3505859375,3047.001708984375,3012.88232421875,8685.9208984375,1598.2740478515625,5872.81201171875,3386.847900390625,2172.123291015625,16677.837890625
2022-07-12,1032.5059814453125,1869.3436279296875,4276.63623046875,6262.9951171875,3039.606201171875,2992.72900390625,8571.02734375,1579.470947265625,5782.46044921875,3361.697998046875,2253.033203125,16494.060546875
2022-07-13,1036.041748046875,1874.1865234375,4083.836669921875,6110.23876953125,3002.627685546875,2932.269775390625,8548.0478515625,1588.87255859375,5782.46044921875,3303.01513671875,2290.37646484375,17321.05859375
2022-07-14,1036.041748046875,1883.872314453125,4276.63623046875,6132.0615234375,3010.023681640625,2932.269775390625,8502.091796875,1617.0772705078125,5895.39990234375,3370.081298828125,2358.8388671875,18255.265625
2022-07-15,975.9303588867188,1801.543701171875,4171.47314453125,6110.23876953125,3039.606201171875,2891.9638671875,8594.005859375,1579.470947265625,5759.873046875,3479.064208984375,2377.51025390625,17780.50390625
2022-07-18,986.5382690429688,1791.85791015625,4224.0546875,6241.1728515625,3061.792724609375,2962.499267578125,8731.8779296875,1555.966796875,5872.81201171875,3512.59716796875,2389.9580078125,17673.298828125
2022-07-19,1043.11376953125,1801.543701171875,4259.10888671875,6262.9951171875,3039.606201171875,2992.72900390625,8685.9208984375,1598.2740478515625,5917.9873046875,3487.447509765625,2365.0625,17826.447265625
2022-07-20,1067.86572265625,1791.85791015625,4399.326171875,6459.39599609375,3180.122802734375,3184.18310546875,8685.9208984375,1626.47900390625,5872.81201171875,3529.36376953125,2389.9580078125,18484.984375
2022-07-21,1067.86572265625,1777.329345703125,4329.2177734375,6459.39599609375,3187.51806640625,3184.18310546875,8731.8779296875,1579.470947265625,5895.39990234375,3571.2802734375,2414.853271484375,18377.78125
2022-07-22,1071.401611328125,1816.0721435546875,4259.10888671875,6393.9287109375,3157.93603515625,3164.030029296875,8639.962890625,1612.37646484375,5895.39990234375,3546.13037109375,2402.40576171875,18423.7265625
2022-07-25,1096.153564453125,1825.7578125,4259.10888671875,6372.1064453125,3143.14453125,3133.80029296875,8685.9208984375,1588.87255859375,5872.81201171875,3554.513671875,2377.51025390625,18730.0234375
2022-07-26,1117.3692626953125,1830.6007080078125,4276.63623046875,6372.1064453125,3202.3095703125,3224.489013671875,8616.9853515625,1593.5733642578125,5940.5751953125,3562.897216796875,2327.7197265625,18745.3359375
2022-07-27,1159.8011474609375,1849.9722900390625,4276.63623046875,6393.9287109375,3194.914306640625,3264.79541015625,8525.0712890625,1588.87255859375,5805.048828125,3604.8134765625,2327.7197265625,19051.6328125
2022-07-28,1159.8011474609375,1825.7578125,4241.5810546875,6415.75,3224.4970703125,3244.64208984375,8249.3271484375,1570.0692138671875,5805.048828125,3554.513671875,2327.7197265625,19174.15234375
2022-07-29,1149.1932373046875,1816.0721435546875,4434.38134765625,6415.75,3224.4970703125,3335.3310546875,8111.4541015625,1523.0611572265625,5895.39990234375,3546.13037109375,2365.0625,19786.744140625
2022-08-01,1184.5528564453125,1820.9150390625,4539.5439453125,6546.68505859375,3224.4970703125,3214.41259765625,8180.390625,1490.1556396484375,5827.63671875,3604.8134765625,2327.7197265625,19710.169921875
2022-08-02,1124.4412841796875,1859.657958984375,4539.5439453125,6633.9736328125,3254.07958984375,3295.02490234375,8453.541015625,1494.8564453125,5827.63671875,3730.562744140625,2302.82421875,20138.982421875
2022-08-03,1170.4091796875,1888.715087890625,4627.1806640625,6655.79541015625,3239.287841796875,3325.25439453125,8288.708984375,1494.8564453125,5850.22412109375,3772.4794921875,2309.048095703125,20797.5234375
2022-08-04,1127.977294921875,1816.0721435546875,4627.1806640625,6808.55126953125,3224.4970703125,3325.25439453125,8406.4462890625,1499.55712890625,6098.689453125,3814.3955078125,2327.7197265625,20338.076171875
2022-08-05,1106.761474609375,1791.85791015625,4644.70703125,6874.01806640625,3224.4970703125,3325.25439453125,8288.708984375,1494.8564453125,6143.8642578125,3898.228271484375,2302.82421875,19909.263671875
2022-08-08,1089.08154296875,1791.85791015625,4697.28857421875,6874.01806640625,3231.892333984375,3365.560546875,8288.708984375,1518.3603515625,6324.56689453125,3940.14501953125,2296.600341796875,19848.00390625
2022-08-09,1106.761474609375,1767.6436767578125,4732.34326171875,6895.84130859375,3261.47509765625,3415.943359375,8218.06640625,1490.1556396484375,6279.390625,3889.844970703125,2290.37646484375,19832.689453125
2022-08-10,1110.2974853515625,1782.172119140625,4802.45263671875,6895.84130859375,3187.51806640625,3466.326171875,8218.06640625,1504.258056640625,6324.56689453125,3822.77880859375,2315.271728515625,19817.376953125
2022-08-11,1113.8333740234375,1782.172119140625,4872.56103515625,6939.48583984375,3217.100830078125,3436.096435546875,8359.3515625,1490.1556396484375,6256.8037109375,3831.162109375,2302.82421875,19541.70703125
2022-08-12,1127.977294921875,1791.85791015625,4872.56103515625,6917.6640625,3194.914306640625,3415.943359375,8170.9716796875,1518.3603515625,6347.15478515625,3814.3955078125,2277.9287109375,19357.931640625
2022-08-15,1117.3692626953125,1772.4864501953125,4819.9794921875,6939.48583984375,3180.122802734375,3405.86669921875,8359.3515625,1499.55712890625,6256.8037109375,3730.562744140625,2290.37646484375,19909.263671875
2022-08-16,1113.8333740234375,1888.715087890625,4890.08837890625,6961.3076171875,3165.331787109375,3436.096435546875,8241.6142578125,1537.1636962890625,6211.6279296875,3697.029541015625,2265.48095703125,19848.00390625
2022-08-18,1149.1932373046875,1927.4580078125,4890.08837890625,6983.13037109375,3202.3095703125,3466.326171875,8265.162109375,1537.1636962890625,6166.4521484375,3814.3955078125,2265.48095703125,19602.96875
2022-08-19,1149.1932373046875,2024.3150634765625,4890.08837890625,6895.84130859375,3180.122802734375,3426.019775390625,8194.51953125,1513.6595458984375,5940.5751953125,3856.312255859375,2246.8095703125,19388.55859375
2022-08-22,1113.8333740234375,2024.3150634765625,4855.033203125,6983.13037109375,3157.93603515625,3436.096435546875,8218.06640625,1513.6595458984375,5963.1630859375,3898.228271484375,2246.8095703125,19480.44921875
2022-08-23,1184.5528564453125,2034.000732421875,4890.08837890625,6895.84130859375,3180.122802734375,3476.40234375,8288.708984375,1527.761962890625,6030.92626953125,3906.612060546875,2399.916259765625,19679.5390625
2022-08-24,1205.768798828125,1946.8294677734375,4942.66943359375,6939.48583984375,3172.72705078125,3476.40234375,8265.162109375,1518.3603515625,5940.5751953125,3982.06103515625,2370.04150390625,19985.837890625
2022-08-25,1205.768798828125,1937.1436767578125,4890.08837890625,7048.5966796875,3157.93603515625,3456.24951171875,8265.162109375,1513.6595458984375,5917.9873046875,3831.162109375,2320.250732421875,20184.931640625
2022-08-26,1205.768798828125,1956.51513671875,4819.9794921875,6983.13037109375,3157.93603515625,3426.019775390625,8218.06640625,1523.0611572265625,5917.9873046875,3764.09619140625,2340.16748046875,20276.8203125
2022-08-29,1223.44873046875,1956.51513671875,4784.9248046875,7114.06494140625,3143.14453125,3446.1728515625,8335.8046875,1532.4627685546875,5895.39990234375,3789.24560546875,2340.16748046875,20215.5625
2022-08-30,1251.7366943359375,1966.2008056640625,4837.50634765625,7135.88671875,3150.540283203125,3486.478759765625,8218.06640625,1532.4627685546875,5917.9873046875,3755.712890625,2330.209228515625,20414.65234375
2022-08-31,1251.7366943359375,2111.486572265625,4890.08837890625,7157.708984375,3209.70556640625,3567.091064453125,7817.75927734375,1579.470947265625,5963.1630859375,3822.77880859375,2429.790771484375,20736.263671875
2022-09-01,1308.3121337890625,2014.62939453125,4855.033203125,7114.06494140625,3246.68408203125,3597.32080078125,8194.51953125,1555.966796875,5827.63671875,3839.545654296875,2320.250732421875,20384.0234375
2022-09-02,1336.60009765625,1995.2579345703125,4855.033203125,7179.53125,3291.0576171875,3567.091064453125,8218.06640625,1574.77001953125,5805.048828125,3856.312255859375,2370.04150390625,20766.892578125
2022-09-05,1424.9996337890625,2034.000732421875,4819.9794921875,7223.17578125,3394.5966796875,3607.397216796875,8194.51953125,1541.8643798828125,5895.39990234375,3873.078369140625,2360.083251953125,21042.5625
2022-09-06,1428.53564453125,2014.62939453125,4837.50634765625,7223.17578125,3372.4091796875,3557.014892578125,8147.42431640625,1560.6676025390625,5895.39990234375,3780.8623046875,2330.209228515625,21747.04296875
2022-09-07,1421.463623046875,2034.000732421875,4662.234375,7310.46435546875,3298.453125,3577.16796875,8053.23486328125,1565.3685302734375,5917.9873046875,3764.09619140625,2320.250732421875,21486.689453125
2022-09-08,1393.17578125,2024.3150634765625,4662.234375,7288.6416015625,3401.991455078125,3607.397216796875,8029.68701171875,1565.3685302734375,5917.9873046875,3822.77880859375,2439.748779296875,21073.19140625
2022-09-09,1396.711669921875,2043.6866455078125,4749.87109375,7310.46435546875,3409.387451171875,3657.77978515625,7959.044921875,1598.2740478515625,5963.1630859375,3856.312255859375,2609.037353515625,21011.9296875
2022-09-12,1403.78369140625,2072.74365234375,4890.08837890625,7310.46435546875,3372.4091796875,3698.0859375,8100.3291015625,1645.2821044921875,5985.75048828125,3806.01220703125,2638.912109375,21134.44921875
2022-09-13,1417.9273681640625,2150.2294921875,5047.833984375,7441.3974609375,3387.2001953125,3808.927734375,8029.68701171875,1687.5894775390625,6076.10107421875,3789.24560546875,2519.4140625,21042.5625
2022-09-14,1417.9273681640625,2179.28662109375,5012.7783203125,7419.57568359375,3387.2001953125,3748.46875,8029.68701171875,1687.5894775390625,6008.33837890625,3755.712890625,2469.623291015625,20828.154296875
2022-09-15,1435.6075439453125,2256.7724609375,4942.66943359375,7637.7978515625,3409.387451171875,3768.621826171875,8100.3291015625,1725.1959228515625,5985.75048828125,3772.4794921875,2429.790771484375,21379.486328125
2022-09-16,1389.6396484375,2159.915283203125,4837.50634765625,7375.9306640625,3328.03564453125,3667.85595703125,8147.42431640625,1786.3062744140625,6211.6279296875,3697.029541015625,2459.665283203125,21027.244140625
2022-09-19,1382.5677490234375,2179.28662109375,4995.2509765625,7550.509765625,3379.804931640625,3718.239013671875,8194.51953125,1762.8023681640625,6324.56689453125,3772.4794921875,2469.623291015625,21011.9296875
2022-09-20,1375.4957275390625,2169.60107421875,5030.30517578125,7463.22021484375,3320.640380859375,3708.16259765625,8359.3515625,1739.29833984375,6505.2685546875,3755.712890625,2499.49755859375,20920.04296875
2022-09-21,1382.5677490234375,2227.71533203125,5012.7783203125,7397.75390625,3365.013671875,3738.39208984375,8194.51953125,1729.896728515625,6505.2685546875,3713.796142578125,2618.995361328125,21027.244140625
2022-09-22,1449.75146484375,2237.40087890625,5030.30517578125,7397.75390625,3372.4091796875,3708.16259765625,8312.255859375,1743.9990234375,6573.03173828125,3713.796142578125,2539.330322265625,21502.00390625
2022-09-23,1432.0714111328125,2314.886962890625,5012.7783203125,7310.46435546875,3313.244384765625,3708.16259765625,8477.0888671875,1734.5975341796875,6708.55859375,3671.8798828125,2559.24658203125,20828.154296875
2022-09-26,1364.8878173828125,2285.829345703125,4890.08837890625,7354.109375,3357.617919921875,3728.31591796875,8547.7314453125,1739.29833984375,6708.55859375,3738.946044921875,2469.623291015625,20399.337890625
2022-09-27,1382.5677490234375,2285.829345703125,4872.56103515625,7244.99755859375,3350.22265625,3768.621826171875,8335.8046875,1739.29833984375,6776.3212890625,3722.179443359375,2360.083251953125,20460.59765625
2022-09-28,1368.423828125,2305.200927734375,4767.39794921875,7266.8203125,3342.8271484375,3748.46875,8288.708984375,1711.093505859375,6685.970703125,3747.32958984375,2379.999755859375,20215.5625
2022-09-29,1396.711669921875,2324.572509765625,4749.87109375,7310.46435546875,3313.244384765625,3728.31591796875,8335.8046875,1720.4951171875,6776.3212890625,3722.179443359375,2399.916259765625,20292.134765625
2022-09-30,1400.247802734375,2314.886962890625,4644.70703125,7463.22021484375,3320.640380859375,3798.85107421875,8147.42431640625,1720.4951171875,6753.7333984375,3738.946044921875,2389.9580078125,20108.35546875
2022-10-03,1400.247802734375,2305.200927734375,4644.70703125,7419.57568359375,3350.22265625,3738.39208984375,8218.06640625,1701.6917724609375,6731.14599609375,3738.946044921875,2370.04150390625,20215.5625
2022-10-04,1456.823486328125,2324.572509765625,4714.81591796875,7463.22021484375,3431.57421875,3718.239013671875,8029.68701171875,1706.392578125,6731.14599609375,3722.179443359375,2429.790771484375,20705.6328125
2022-10-05,1442.6793212890625,2314.886962890625,4679.76123046875,7375.9306640625,3357.617919921875,3738.39208984375,8147.42431640625,1734.5975341796875,6618.20751953125,3738.946044921875,2449.70703125,20764.01953125
2022-10-06,1449.75146484375,2314.886962890625,4627.1806640625,7354.109375,3335.431396484375,3758.545166015625,8312.255859375,1739.29833984375,6618.20751953125,3713.796142578125,2439.748779296875,20622.767578125
2022-10-07,1463.895263671875,2256.7724609375,4539.5439453125,7157.708984375,3283.661865234375,3798.85107421875,8382.8984375,1734.5975341796875,6527.85595703125,3646.729736328125,2469.623291015625,20716.93359375
2022-10-10,1386.103759765625,2314.886962890625,4557.07080078125,7244.99755859375,3231.892333984375,3748.46875,8429.994140625,1781.6055908203125,6640.794921875,3705.412841796875,2449.70703125,20277.482421875
2022-10-11,1389.6396484375,2266.4580078125,4574.59814453125,7201.35302734375,3276.2666015625,3748.46875,8477.0888671875,1725.1959228515625,6798.9091796875,3613.19677734375,2449.70703125,20214.705078125
2022-10-12,1414.3917236328125,2314.886962890625,4512.7705078125,7266.8203125,3254.07958984375,3798.85107421875,8429.994140625,1786.3062744140625,6776.3212890625,3638.3466796875,2439.748779296875,20308.875
2022-10-13,1421.463623046875,2411.743896484375,4512.7705078125,7223.17578125,3217.100830078125,3819.00439453125,8335.8046875,1748.699951171875,6640.794921875,3604.8134765625,2439.748779296875,20214.705078125
2022-10-14,1396.711669921875,2431.115234375,4512.7705078125,7201.35302734375,3157.93603515625,3788.774658203125,8194.51953125,1734.5975341796875,6505.2685546875,3596.429931640625,2419.832275390625,21187.7734375
2022-10-17,1400.247802734375,2421.4296875,4566.07080078125,7201.35302734375,3180.122802734375,3808.927734375,8312.255859375,1814.51123046875,6776.3212890625,3629.96337890625,2449.70703125,20654.154296875
2022-10-18,1364.8878173828125,2615.14404296875,4512.7705078125,7244.99755859375,3172.72705078125,3829.080810546875,8429.994140625,1786.3062744140625,6798.9091796875,3562.897216796875,2429.790771484375,20089.1484375
2022-10-19,1357.8160400390625,2508.601318359375,4637.13720703125,7223.17578125,3180.122802734375,3819.00439453125,8594.826171875,1861.519287109375,7002.19873046875,3520.980712890625,2449.70703125,19963.591796875
2022-10-20,1414.3917236328125,2547.343994140625,4566.07080078125,7419.57568359375,3246.68408203125,3990.30517578125,8948.0390625,1908.52734375,7047.3740234375,3646.729736328125,2409.874267578125,19979.28515625
2022-10-21,1400.247802734375,2547.343994140625,4672.67138671875,7550.509765625,3276.2666015625,4171.68310546875,8877.396484375,1856.8184814453125,6866.6728515625,3655.11328125,2459.665283203125,20089.1484375
2022-10-24,1386.103759765625,2547.343994140625,4725.9716796875,7768.732421875,3328.03564453125,4131.37646484375,8877.396484375,1875.6217041015625,6844.0849609375,3697.029541015625,2449.70703125,20324.56640625
2022-10-25,1371.9598388671875,2615.14404296875,4761.5048828125,7594.154296875,3394.5966796875,4121.30029296875,8971.5859375,1880.322509765625,6753.7333984375,3680.26318359375,2389.9580078125,20089.1484375
2022-10-26,1389.6396484375,2576.401123046875,4672.67138671875,7463.22021484375,3350.22265625,4111.22314453125,9230.607421875,1917.928955078125,6753.7333984375,3663.49658203125,2379.999755859375,20842.490234375
2022-10-27,1407.319580078125,2634.515380859375,4725.9716796875,7594.154296875,3401.991455078125,4111.22314453125,9254.1552734375,1889.7239990234375,6934.435546875,3663.49658203125,2409.874267578125,20559.98828125
2022-10-28,1382.5677490234375,2673.25830078125,4654.904296875,7637.7978515625,3424.1787109375,4111.22314453125,9230.607421875,1899.125732421875,7002.19873046875,3730.562744140625,2399.916259765625,20246.095703125
2022-10-31,1407.319580078125,2731.37255859375,4725.9716796875,7681.443359375,3438.970458984375,4252.294921875,9159.9658203125,1927.3304443359375,7182.90087890625,3680.26318359375,2429.790771484375,20277.482421875
2022-11-01,1325.9921875,2673.25830078125,4672.67138671875,7681.443359375,3446.36572265625,4191.8359375,8948.0390625,1866.2200927734375,7250.66357421875,3705.412841796875,2399.916259765625,19743.865234375
2022-11-02,1322.4560546875,2566.71533203125,4566.07080078125,7637.7978515625,3409.387451171875,4060.8408203125,9042.228515625,1852.11767578125,7318.4267578125,3537.7470703125,2300.334716796875,19273.02734375
2022-11-03,1325.9921875,2547.343994140625,4530.53662109375,7681.443359375,3438.970458984375,4101.14697265625,8995.1328125,1852.11767578125,7250.66357421875,3462.297607421875,2290.37646484375,19461.36328125
2022-11-04,1325.9921875,2547.343994140625,4566.07080078125,7659.62060546875,3438.970458984375,4091.070556640625,9089.3232421875,1847.416748046875,7453.95361328125,3529.36376953125,2350.125244140625,19634.001953125
2022-11-07,1354.280029296875,2576.401123046875,4619.37060546875,7725.08837890625,3468.552490234375,4131.37646484375,9183.5126953125,1899.125732421875,7453.95361328125,3588.047119140625,2320.250732421875,19634.001953125
2022-11-08,1329.528076171875,2605.458251953125,4637.13720703125,7637.7978515625,3416.783447265625,4091.070556640625,9183.5126953125,1861.519287109375,7182.90087890625,3537.7470703125,2310.292724609375,19571.224609375
2022-11-09,1287.0963134765625,2595.772705078125,4654.904296875,7746.91015625,3438.970458984375,4091.070556640625,9183.5126953125,1842.7159423828125,7115.1376953125,3512.59716796875,2290.37646484375,19461.36328125
2022-11-10,1230.52099609375,2518.286865234375,4637.13720703125,7681.443359375,3350.22265625,4070.91796875,9159.9658203125,1861.519287109375,7205.48876953125,3495.830810546875,2300.334716796875,18456.904296875
2022-11-11,1234.056640625,2518.286865234375,4583.83740234375,7725.08837890625,3438.970458984375,4201.91259765625,9277.703125,1880.322509765625,7341.0146484375,3479.064208984375,2350.125244140625,18205.791015625
2022-11-14,1237.5926513671875,2557.029541015625,4477.23583984375,7637.7978515625,3387.2001953125,4131.37646484375,9183.5126953125,1889.7239990234375,7228.07666015625,3395.231201171875,2360.083251953125,18017.453125
2022-11-15,1241.1285400390625,2673.25830078125,4423.935546875,7681.443359375,3387.2001953125,4131.37646484375,9230.607421875,1908.52734375,7182.90087890625,3395.231201171875,2370.04150390625,17986.064453125
2022-11-16,1262.3446044921875,2750.743896484375,4388.40185546875,7506.86474609375,3342.8271484375,4030.611572265625,9207.060546875,1908.52734375,6889.26025390625,3395.231201171875,2360.083251953125,18048.841796875
2022-11-17,1269.416259765625,2731.37255859375,4477.23583984375,7615.9765625,3453.76123046875,3990.30517578125,9112.8701171875,1908.52734375,6889.26025390625,3386.847900390625,2330.209228515625,17970.37109375
2022-11-18,1269.416259765625,2741.058349609375,4423.935546875,7703.265625,3409.387451171875,4101.14697265625,9089.3232421875,1936.732177734375,6979.61083984375,3361.697998046875,2370.04150390625,18080.234375
2022-11-21,1304.7762451171875,2673.25830078125,4495.00341796875,7615.9765625,3394.5966796875,4070.91796875,9230.607421875,1983.740234375,6934.435546875,3378.46484375,2340.16748046875,18080.234375
2022-11-22,1308.3121337890625,2663.572509765625,4423.935546875,7768.732421875,3394.5966796875,4080.994140625,9089.3232421875,1899.125732421875,6957.02294921875,3353.31494140625,2330.209228515625,18174.40234375
2022-11-23,1325.9921875,2692.6298828125,4406.1689453125,7746.91015625,3453.76123046875,4111.22314453125,9324.7978515625,1927.3304443359375,6911.84765625,3328.1650390625,2310.292724609375,18598.15625
2022-11-24,1325.9921875,2741.058349609375,4406.1689453125,7856.021484375,3490.7392578125,4121.30029296875,9230.607421875,1946.1337890625,6866.6728515625,3378.46484375,2330.209228515625,18817.880859375
2022-11-25,1318.919921875,2682.944091796875,4388.40185546875,7834.1982421875,3512.926513671875,4101.14697265625,9324.7978515625,1974.338623046875,6957.02294921875,3378.46484375,2340.16748046875,18739.408203125
2022-11-28,1322.4560546875,2770.11572265625,4423.935546875,7877.84521484375,3564.69580078125,4080.994140625,9395.4404296875,1993.1417236328125,6957.02294921875,3336.54833984375,2340.16748046875,18676.626953125
2022-11-29,1371.9598388671875,2750.743896484375,4299.56787109375,7834.1982421875,3586.883056640625,4161.6064453125,9395.4404296875,1974.338623046875,6866.6728515625,3336.54833984375,2340.16748046875,19273.02734375
2022-11-30,1368.423828125,2992.886962890625,4299.56787109375,8117.88916015625,3683.02587890625,4242.21875,9513.177734375,1946.1337890625,6866.6728515625,3386.847900390625,2379.999755859375,19335.8046875
2022-12-01,1379.031982421875,2847.60107421875,4388.40185546875,7856.021484375,3653.443603515625,4191.8359375,9560.2724609375,1927.3304443359375,6957.02294921875,3319.78173828125,2370.04150390625,19257.330078125
2022-12-02,1361.351806640625,2857.286865234375,4352.8681640625,7799.06201171875,3616.465576171875,4242.21875,9607.3671875,1936.732177734375,6934.435546875,3353.31494140625,2370.04150390625,18347.04296875
2022-12-05,1336.60009765625,2828.229736328125,4281.80126953125,7689.5244140625,3616.465576171875,4383.28955078125,9748.65234375,1936.732177734375,6957.02294921875,3219.18212890625,2320.250732421875,17891.8984375
2022-12-06,1347.2081298828125,2818.5439453125,4175.2001953125,7601.89501953125,3594.2783203125,4393.36669921875,9748.65234375,1908.52734375,6482.6806640625,3017.9833984375,2330.209228515625,17640.783203125
2022-12-07,1354.280029296875,2789.487060546875,4068.599365234375,7404.72705078125,3520.322265625,4181.75927734375,9725.1044921875,1908.52734375,6324.56689453125,3085.049560546875,2350.125244140625,17609.392578125
2022-12-08,1322.4560546875,2595.772705078125,4033.065673828125,7448.54248046875,3579.487060546875,4050.7646484375,9607.3671875,2011.945068359375,6279.390625,3135.349365234375,2330.209228515625,17138.552734375
2022-12-09,1301.240478515625,2421.4296875,4033.065673828125,7514.26513671875,3549.904541015625,4000.38232421875,9560.2724609375,2002.54345703125,6279.390625,3059.89990234375,2340.16748046875,16400.90625
2022-12-12,1343.672119140625,2469.858154296875,4033.065673828125,7623.802734375,3586.883056640625,4010.45849609375,9795.7470703125,2021.346435546875,6098.689453125,3101.81640625,2409.874267578125,16871.744140625
2022-12-13,1322.4560546875,2518.286865234375,4139.66650390625,7623.802734375,3675.63037109375,3990.30517578125,9701.5576171875,1983.740234375,6342.16259765625,3143.732666015625,2449.70703125,16840.35546875
2022-12-14,1371.9598388671875,2508.601318359375,4139.66650390625,7558.080078125,3683.02587890625,4010.45849609375,9725.1044921875,1993.1417236328125,6342.16259765625,3143.732666015625,2459.665283203125,16856.05078125
2022-12-15,1379.031982421875,2489.229736328125,4121.8994140625,7448.54248046875,3631.256591796875,3990.30517578125,9701.5576171875,1927.3304443359375,6546.01806640625,3076.666259765625,2439.748779296875,16652.021484375
2022-12-16,1375.4957275390625,2479.543701171875,4104.1328125,7536.17236328125,3683.02587890625,4070.91796875,9819.294921875,1993.1417236328125,6364.8134765625,3085.049560546875,2489.53955078125,16667.712890625
2022-12-19,1403.78369140625,2469.858154296875,4050.8330078125,7579.98779296875,3675.63037109375,4030.611572265625,9560.2724609375,2040.1500244140625,6296.86181640625,3118.582763671875,2419.832275390625,16856.05078125
2022-12-20,1386.103759765625,2489.229736328125,4050.8330078125,7514.26513671875,3631.256591796875,4050.7646484375,9701.5576171875,1974.338623046875,6138.3076171875,3118.582763671875,2419.832275390625,16730.4921875
2022-12-21,1386.103759765625,2518.286865234375,4050.8330078125,7601.89501953125,3616.465576171875,4030.611572265625,9630.9140625,1974.338623046875,6093.0068359375,3177.265869140625,2449.70703125,16714.796875
2022-12-22,1389.6396484375,2518.286865234375,4104.1328125,7514.26513671875,3668.234619140625,4010.45849609375,9536.724609375,1936.732177734375,6093.0068359375,3143.732666015625,2459.665283203125,16950.21875
2022-12-23,1347.2081298828125,2537.658203125,4033.065673828125,7448.54248046875,3609.069580078125,4000.38232421875,9442.53515625,1917.928955078125,6115.6572265625,3168.882568359375,2479.581298828125,16871.744140625
2022-12-26,1343.672119140625,2566.71533203125,4015.298828125,7514.26513671875,3646.047607421875,4050.7646484375,9560.2724609375,1946.1337890625,6160.95849609375,3143.732666015625,2479.581298828125,16573.546875
2022-12-27,1325.9921875,2731.37255859375,4033.065673828125,7536.17236328125,3601.67431640625,4010.45849609375,9489.6298828125,1908.52734375,6047.705078125,3194.03271484375,2479.581298828125,16714.796875
2022-12-28,1325.9921875,2595.772705078125,3997.531982421875,7579.98779296875,3564.69580078125,4020.534912109375,9583.8203125,1908.52734375,6047.705078125,3126.966064453125,2479.581298828125,16432.294921875
2022-12-29,1343.672119140625,2653.88671875,4015.298828125,7514.26513671875,3601.67431640625,4020.534912109375,9583.8203125,1964.93701171875,6047.705078125,3168.882568359375,2569.204833984375,16495.07421875
2022-12-30,1361.351806640625,2566.71533203125,4050.8330078125,7492.357421875,3653.443603515625,4000.38232421875,9418.9873046875,1964.93701171875,5957.10302734375,3143.732666015625,2559.24658203125,16369.517578125
2023-01-02,1358.05322265625,2653.88671875,4050.8330078125,7492.357421875,3601.67431640625,3980.228759765625,9560.2724609375,1936.732177734375,6002.40380859375,3185.649169921875,2499.49755859375,16196.875
2023-01-03,1331.5732421875,2682.944091796875,4015.298828125,7492.357421875,3586.883056640625,4010.45849609375,9583.8203125,1993.1417236328125,6070.35595703125,3235.94873046875,2459.665283203125,16259.654296875
2023-01-04,1248.349853515625,2653.88671875,4033.065673828125,7317.09716796875,3527.718017578125,4040.687744140625,9513.177734375,1964.93701171875,6138.3076171875,3202.415771484375,2389.9580078125,15161.029296875
2023-01-05,1172.6922607421875,2721.68701171875,3819.864013671875,7229.4677734375,3431.57421875,3960.075439453125,9630.9140625,1946.1337890625,6070.35595703125,3160.499267578125,2340.16748046875,15490.615234375
2023-01-06,1187.8238525390625,2712.001220703125,3873.1650390625,7273.28271484375,3416.783447265625,3949.99951171875,9583.8203125,1927.3304443359375,6410.11474609375,3110.199462890625,2330.209228515625,15678.9541015625
2023-01-09,1146.2120361328125,2653.88671875,3802.09765625,7404.72705078125,3394.5966796875,3919.769775390625,9607.3671875,1974.338623046875,6500.716796875,3177.265869140625,2340.16748046875,15506.3115234375
2023-01-10,1187.8238525390625,2634.515380859375,3784.330810546875,7163.74560546875,3317.4638671875,3738.39208984375,9607.3671875,1927.3304443359375,6387.4638671875,3210.799072265625,2310.292724609375,15663.255859375
2023-01-11,1202.955322265625,2586.0869140625,3713.263916015625,7119.9306640625,3280.020263671875,3607.397216796875,9913.484375,1917.928955078125,6342.16259765625,3244.33203125,2350.125244140625,15741.7314453125
2023-01-12,1168.909423828125,2624.82958984375,3802.09765625,7163.74560546875,3369.8837890625,3708.16259765625,9842.841796875,1899.125732421875,6704.57177734375,3235.94873046875,2350.125244140625,15663.255859375
2023-01-13,1187.8238525390625,2673.25830078125,3873.1650390625,7054.2080078125,3354.906494140625,3698.0859375,9842.841796875,1927.3304443359375,6523.36767578125,3168.882568359375,2340.16748046875,15161.029296875
2023-01-16,1172.6922607421875,2595.772705078125,3979.765625,7141.8388671875,3384.861328125,3748.46875,9795.7470703125,1936.732177734375,6704.57177734375,3227.5654296875,2330.209228515625,15208.11328125
2023-01-17,1187.8238525390625,2634.515380859375,3944.23193359375,7295.1904296875,3414.8154296875,3929.84619140625,9748.65234375,1946.1337890625,6546.01806640625,3311.3984375,2370.04150390625,15270.892578125
2023-01-18,1199.1724853515625,2644.200927734375,4015.298828125,7273.28271484375,3444.769775390625,3849.234130859375,9866.3896484375,1964.93701171875,6342.16259765625,3294.6318359375,2330.209228515625,15537.701171875
2023-01-19,1221.86962890625,2663.572509765625,4157.43359375,7295.1904296875,3452.259033203125,3929.84619140625,9889.9375,1974.338623046875,6455.416015625,3261.0986328125,2350.125244140625,16479.37890625
2023-01-20,1225.65234375,2673.25830078125,4192.9677734375,7273.28271484375,3482.2138671875,4020.534912109375,9889.9375,1936.732177734375,6387.4638671875,3244.33203125,2340.16748046875,16808.966796875
2023-01-24,1210.52099609375,2586.0869140625,4210.73388671875,7207.560546875,3459.747802734375,3990.30517578125,9795.7470703125,1936.732177734375,6432.76513671875,3227.5654296875,2340.16748046875,16400.90625
2023-01-25,1184.0408935546875,2576.401123046875,4228.5009765625,7185.6533203125,3414.8154296875,3909.693115234375,9819.294921875,1927.3304443359375,6387.4638671875,3219.18212890625,2350.125244140625,16353.8203125
2023-01-26,1138.646240234375,2663.572509765625,4192.9677734375,7426.63525390625,3437.281982421875,3960.075439453125,9489.6298828125,1917.928955078125,6636.6201171875,3328.1650390625,2320.250732421875,15851.5927734375
2023-01-27,1157.560791015625,2702.315673828125,4175.2001953125,7623.802734375,3474.724609375,4040.687744140625,9418.9873046875,1927.3304443359375,6591.3193359375,3319.78173828125,2340.16748046875,16055.6240234375
2023-01-30,1138.646240234375,2760.4296875,4175.2001953125,7623.802734375,3452.259033203125,4010.45849609375,9513.177734375,2021.346435546875,6546.01806640625,3319.78173828125,2330.209228515625,15851.5927734375
2023-01-31,1119.73193359375,2741.058349609375,4264.03515625,7426.63525390625,3429.792724609375,4010.45849609375,9513.177734375,1936.732177734375,6704.57177734375,3227.5654296875,2300.334716796875,15412.1435546875
2023-02-01,1115.9490966796875,2876.658447265625,4264.03515625,7448.54248046875,3504.679443359375,3909.693115234375,9772.2001953125,1955.5355224609375,6636.6201171875,3244.33203125,2270.4599609375,15522.0048828125
2023-02-02,1085.68603515625,2857.286865234375,4210.73388671875,7404.72705078125,3444.769775390625,3919.769775390625,9654.462890625,2068.35498046875,6636.6201171875,3261.0986328125,2320.250732421875,15129.638671875
2023-02-03,1044.0745849609375,2896.030029296875,4175.2001953125,7623.802734375,3557.099609375,4000.38232421875,9866.3896484375,2049.55126953125,6591.3193359375,3252.71533203125,2310.292724609375,15066.8623046875
2023-02-06,1051.64013671875,2828.229736328125,4157.43359375,7645.7099609375,3549.61083984375,3980.228759765625,9678.009765625,2040.1500244140625,6568.66845703125,3252.71533203125,2330.209228515625,15019.7763671875
2023-02-07,1093.2518310546875,2847.60107421875,4175.2001953125,7755.24755859375,3557.099609375,4101.14697265625,9678.009765625,2077.75634765625,6568.66845703125,3185.649169921875,2330.209228515625,15631.8662109375
2023-02-08,1104.6004638671875,2857.286865234375,4121.8994140625,7733.33984375,3587.05419921875,4111.22314453125,9725.1044921875,2115.36279296875,6546.01806640625,3219.18212890625,2330.209228515625,15569.0908203125
2023-02-09,1074.33740234375,2857.286865234375,4033.065673828125,7799.06201171875,3602.03125,4131.37646484375,9701.5576171875,2115.36279296875,6636.6201171875,3160.499267578125,2320.250732421875,15380.7529296875
2023-02-10,1036.5086669921875,2857.286865234375,4050.8330078125,7733.33984375,3639.474609375,4151.5302734375,9701.5576171875,2218.780517578125,7021.68017578125,3185.649169921875,2340.16748046875,15380.7529296875
2023-02-13,1051.64013671875,2876.658447265625,4068.599365234375,7777.15478515625,3594.542724609375,4171.68310546875,9678.009765625,2096.5595703125,6885.77685546875,3177.265869140625,2310.292724609375,15459.2275390625
2023-02-14,1070.5545654296875,2915.4013671875,4068.599365234375,7842.87744140625,3646.96337890625,4181.75927734375,9701.5576171875,2190.575927734375,6931.078125,3185.649169921875,2320.250732421875,15537.701171875
2023-02-15,1115.9490966796875,2973.515625,4033.065673828125,7777.15478515625,3646.96337890625,4121.30029296875,9701.5576171875,2171.7724609375,6908.42724609375,3177.265869140625,2300.334716796875,15616.1728515625
2023-02-16,1104.6004638671875,2886.34423828125,4050.8330078125,7623.802734375,3646.96337890625,4101.14697265625,9607.3671875,2152.969482421875,6817.8251953125,3160.499267578125,2300.334716796875,15474.921875
2023-02-17,1089.468994140625,2886.34423828125,4033.065673828125,7645.7099609375,3654.45166015625,4151.5302734375,9748.65234375,2115.36279296875,6727.22314453125,3152.115966796875,2300.334716796875,15459.2275390625
2023-02-20,1097.0347900390625,2944.45849609375,3979.765625,7667.61669921875,3654.45166015625,4141.45361328125,9748.65234375,2162.37109375,6817.8251953125,3202.415771484375,2290.37646484375,15255.19921875
2023-02-21,1066.771728515625,2963.829833984375,3961.999267578125,7623.802734375,3609.519775390625,4111.22314453125,9701.5576171875,2152.969482421875,6863.12646484375,3219.18212890625,2320.250732421875,15066.8623046875
2023-02-22,1078.120361328125,2934.772705078125,3997.531982421875,7601.89501953125,3564.58837890625,4030.611572265625,9630.9140625,2030.748291015625,6727.22314453125,3235.94873046875,2300.334716796875,15270.892578125
2023-02-23,1097.0347900390625,2886.34423828125,4015.298828125,7645.7099609375,3594.542724609375,4060.8408203125,9630.9140625,2049.55126953125,6908.42724609375,3328.1650390625,2310.292724609375,15506.3115234375
2023-02-24,1093.2518310546875,2818.5439453125,4086.3662109375,7601.89501953125,3564.58837890625,4080.994140625,9583.8203125,2134.166015625,6704.57177734375,3386.847900390625,2300.334716796875,15663.255859375
2023-02-27,1115.9490966796875,2857.286865234375,4121.8994140625,7689.5244140625,3602.03125,4091.070556640625,9466.0830078125,2040.1500244140625,6681.92138671875,3319.78173828125,2300.334716796875,15804.509765625
2023-02-28,1131.08056640625,2808.8583984375,4335.10205078125,7667.61669921875,3497.190673828125,4030.611572265625,9536.724609375,1983.740234375,6546.01806640625,3252.71533203125,2300.334716796875,17515.2265625
2023-03-01,1131.08056640625,2799.172607421875,4370.63525390625,7536.17236328125,3534.633544921875,4070.91796875,9324.7978515625,1983.740234375,6568.66845703125,3294.6318359375,2280.41845703125,17311.1953125
2023-03-02,1131.08056640625,2866.97265625,4370.63525390625,7558.080078125,3579.565673828125,4121.30029296875,9277.703125,1974.338623046875,6478.06640625,3252.71533203125,2240.585693359375,17782.03515625
2023-03-03,1142.4293212890625,2682.944091796875,4299.56787109375,7426.63525390625,3564.58837890625,4050.7646484375,9159.9658203125,1936.732177734375,6500.716796875,3269.48193359375,2230.627685546875,17656.478515625
2023-03-06,1100.817626953125,2731.37255859375,4317.3349609375,7360.9130859375,3587.05419921875,4080.994140625,9183.5126953125,1983.740234375,6455.416015625,3252.71533203125,2230.627685546875,17358.27734375
2023-03-07,1081.9031982421875,2721.68701171875,4228.5009765625,7382.8203125,3624.497314453125,4101.14697265625,9395.4404296875,1955.5355224609375,6410.11474609375,3252.71533203125,2210.711181640625,16840.35546875
2023-03-08,1104.6004638671875,2779.80126953125,4210.73388671875,7514.26513671875,3624.497314453125,4141.45361328125,9230.607421875,1974.338623046875,6251.560546875,3303.01513671875,2160.92041015625,16573.546875
2023-03-09,1097.0347900390625,2741.058349609375,4281.80126953125,7514.26513671875,3602.03125,4211.98876953125,9230.607421875,1955.5355224609375,6274.2109375,3328.1650390625,2190.794921875,16965.912109375
2023-03-10,1081.9031982421875,2721.68701171875,4246.26708984375,7404.72705078125,3609.519775390625,4181.75927734375,9183.5126953125,1936.732177734375,6138.3076171875,3361.697998046875,2350.125244140625,16840.35546875
2023-03-13,1097.0347900390625,2779.80126953125,4210.73388671875,7492.357421875,3617.008544921875,4171.68310546875,9089.3232421875,1983.740234375,6002.40380859375,3411.997802734375,2230.627685546875,17625.087890625
2023-03-14,1047.8572998046875,2750.743896484375,4104.1328125,7295.1904296875,3527.145263671875,4000.38232421875,9089.3232421875,1964.93701171875,5957.10302734375,3370.081298828125,2220.669189453125,17012.998046875
2023-03-15,1040.2916259765625,2760.4296875,4104.1328125,7295.1904296875,3519.656494140625,4050.7646484375,8783.2060546875,1946.1337890625,5594.693359375,3361.697998046875,2210.711181640625,17107.1640625
2023-03-16,998.6797485351562,2712.001220703125,4157.43359375,7273.28271484375,3542.122314453125,3970.152099609375,8853.8486328125,2002.54345703125,5436.1396484375,3395.231201171875,2210.711181640625,16903.134765625
2023-03-17,1051.64013671875,2770.11572265625,4157.43359375,7339.0048828125,3669.428466796875,4070.91796875,8995.1328125,2087.157958984375,5526.74169921875,3395.231201171875,2260.501953125,17860.5078125
2023-03-20,1028.94287109375,2760.4296875,4175.2001953125,7360.9130859375,3654.45166015625,4030.611572265625,9065.775390625,2040.1500244140625,5504.09130859375,3344.931640625,2220.669189453125,17389.66796875
2023-03-21,1032.725830078125,2808.8583984375,4175.2001953125,7448.54248046875,3669.428466796875,4232.1416015625,9136.41796875,2077.75634765625,5662.64501953125,3453.914306640625,2240.585693359375,17248.416015625
2023-03-24,1013.8113403320312,2837.915283203125,4228.5009765625,7733.33984375,3748.984375,4393.36669921875,9395.4404296875,2002.54345703125,5707.9462890625,3411.997802734375,2260.501953125,17373.974609375
2023-03-27,1013.8113403320312,2808.8583984375,4175.2001953125,7623.802734375,3725.405517578125,4321.0673828125,9395.4404296875,1974.338623046875,5662.64501953125,3395.231201171875,2250.543701171875,17452.447265625
2023-03-28,1047.8572998046875,2886.34423828125,4157.43359375,7601.89501953125,3748.984375,4289.29541015625,9513.177734375,2021.346435546875,5775.8984375,3395.231201171875,2290.37646484375,17938.978515625
2023-03-29,1089.468994140625,2857.286865234375,4228.5009765625,7865.57080078125,3780.42236328125,4384.61279296875,9395.4404296875,2068.35498046875,5775.8984375,3437.147705078125,2310.292724609375,18284.265625
2023-03-30,1085.68603515625,2779.80126953125,4192.9677734375,7887.91552734375,3733.264892578125,4331.658203125,9301.25,2040.1500244140625,5775.8984375,3428.7646484375,2270.4599609375,18190.095703125
2023-03-31,1097.0347900390625,2789.487060546875,4264.03515625,7820.87890625,3717.546142578125,4374.0224609375,9395.4404296875,1974.338623046875,5707.9462890625,3403.614501953125,2330.209228515625,18268.568359375
2023-04-03,1112.166259765625,2828.229736328125,4264.03515625,7865.57080078125,3772.5625,4458.7490234375,9395.4404296875,1955.5355224609375,5753.248046875,3420.381103515625,2310.292724609375,18111.623046875
2023-04-04,1153.7779541015625,2779.80126953125,4281.80126953125,7843.22412109375,3788.281494140625,4405.79443359375,9607.3671875,1974.338623046875,5775.8984375,3403.614501953125,2270.4599609375,18598.15625
2023-04-05,1157.560791015625,2712.001220703125,4264.03515625,7798.5341796875,3796.140869140625,4426.97607421875,9536.724609375,1964.93701171875,5458.7900390625,3479.064208984375,2280.41845703125,18708.01953125
2023-04-06,1142.4293212890625,2615.14404296875,4210.73388671875,7820.87890625,3804.000732421875,4384.61279296875,9489.6298828125,1927.3304443359375,5458.7900390625,3562.897216796875,2280.41845703125,18708.01953125
2023-04-10,1131.08056640625,2721.68701171875,4246.26708984375,7865.57080078125,3819.7197265625,4321.0673828125,9489.6298828125,1946.1337890625,5481.44091796875,3604.8134765625,2240.585693359375,18959.134765625
2023-04-11,1153.7779541015625,2721.68701171875,4317.3349609375,7887.91552734375,3835.438720703125,4321.0673828125,9607.3671875,1946.1337890625,5572.04296875,3604.8134765625,2220.669189453125,19084.69140625
2023-04-12,1119.73193359375,2712.001220703125,4441.70263671875,7954.95166015625,3874.736083984375,4363.431640625,9466.0830078125,1917.928955078125,5617.34423828125,3613.19677734375,2220.669189453125,19618.30859375
2023-04-13,1119.73193359375,2653.88671875,4441.70263671875,7977.29638671875,3914.03369140625,4342.2490234375,9654.462890625,1908.52734375,5526.74169921875,3638.3466796875,2220.669189453125,19492.751953125
2023-04-14,1104.6004638671875,2663.572509765625,4406.1689453125,8044.3330078125,3988.698974609375,4426.97607421875,9654.462890625,1936.732177734375,5549.392578125,3638.3466796875,2220.669189453125,18974.828125
2023-04-17,1081.9031982421875,2634.515380859375,4423.935546875,8066.6796875,3921.893310546875,4342.2490234375,9630.9140625,1917.928955078125,5481.44091796875,3579.663818359375,2280.41845703125,19147.46875
2023-04-18,1134.8634033203125,2634.515380859375,4566.07080078125,8156.0595703125,3890.45556640625,4384.61279296875,9607.3671875,1936.732177734375,5458.7900390625,3579.663818359375,2270.4599609375,19508.4453125
2023-04-26,1172.6922607421875,2818.5439453125,4761.5048828125,8223.095703125,3949.4013671875,4405.79443359375,9607.3671875,1955.5355224609375,5458.7900390625,3688.64599609375,2320.250732421875,19712.4765625
2023-04-27,1165.1263427734375,2750.743896484375,4761.5048828125,8178.4052734375,4047.64501953125,4405.79443359375,9654.462890625,1993.1417236328125,5458.7900390625,3621.580078125,2290.37646484375,19508.4453125
2023-04-28,1184.0408935546875,2808.8583984375,4797.03857421875,8089.02392578125,4008.34814453125,4384.61279296875,9960.580078125,1993.1417236328125,5390.837890625,3562.897216796875,2350.125244140625,22651.4296875
2023-05-02,1127.2977294921875,2818.5439453125,4743.73828125,8089.02392578125,4047.64501953125,4448.158203125,9795.7470703125,1946.1337890625,5322.88623046875,3512.59716796875,2310.292724609375,21083.85546875
2023-05-03,1112.166259765625,2905.715576171875,4708.20458984375,7977.29638671875,4008.34814453125,4426.97607421875,10125.412109375,1936.732177734375,5300.23583984375,3479.064208984375,2300.334716796875,19614.2578125
2023-05-04,1104.6004638671875,2925.0869140625,4690.43798828125,8044.3330078125,4047.64501953125,4384.61279296875,10172.5068359375,1964.93701171875,5484.81884765625,3479.064208984375,2300.334716796875,19202.767578125
2023-05-05,1055.423095703125,2876.658447265625,4769.54248046875,8044.3330078125,4106.59130859375,4384.61279296875,10243.1484375,2021.346435546875,5390.25341796875,3495.830810546875,2260.501953125,18928.4453125
2023-05-08,1085.68603515625,2866.97265625,4750.154296875,8044.3330078125,4008.34814453125,4342.2490234375,10384.43359375,1974.338623046875,5508.4609375,3403.614501953125,2260.501953125,19594.662109375
2023-05-09,1093.2518310546875,2857.286865234375,4905.26171875,7977.29638671875,4027.996337890625,4278.70458984375,10360.88671875,1936.732177734375,5792.158203125,3411.997802734375,2240.585693359375,19810.201171875
2023-05-10,1112.166259765625,2828.229736328125,4905.26171875,7977.29638671875,4047.64501953125,4299.88623046875,10266.697265625,1936.732177734375,5721.23388671875,3462.297607421875,2270.4599609375,19810.201171875
2023-05-11,1059.2059326171875,2789.487060546875,4847.095703125,7887.91552734375,4047.64501953125,4321.0673828125,10337.3388671875,2002.54345703125,5555.7431640625,3428.7646484375,2230.627685546875,19457.5
2023-05-12,1044.0745849609375,2847.60107421875,4827.7080078125,7865.57080078125,4047.64501953125,4236.3408203125,10243.1484375,2019.7738037109375,5579.38525390625,3336.54833984375,2210.711181640625,19437.90625
2023-05-15,1006.2456665039062,2847.60107421875,4924.6494140625,7843.22412109375,4047.64501953125,4278.70458984375,10360.88671875,2048.490966796875,5532.10205078125,3336.54833984375,2260.501953125,19202.767578125
2023-05-16,1010.0285034179688,2847.60107421875,4866.484375,7776.18896484375,4086.943603515625,4227.8681640625,10360.88671875,2105.92529296875,5579.38525390625,3336.54833984375,2210.711181640625,19163.578125
2023-05-17,960.85107421875,2837.915283203125,4905.26171875,7843.22412109375,4086.943603515625,4236.3408203125,10360.88671875,2067.6357421875,5603.0263671875,3344.931640625,2250.543701171875,18830.470703125
2023-05-19,911.6735229492188,2808.8583984375,5021.59130859375,8044.3330078125,4244.1328125,4299.88623046875,10313.791015625,2077.208251953125,5603.0263671875,3370.081298828125,2180.8369140625,18262.224609375
2023-05-22,930.588134765625,2789.487060546875,5118.53369140625,8044.3330078125,4263.78173828125,4426.97607421875,10360.88671875,2038.91845703125,5721.23388671875,3386.847900390625,2131.0458984375,18712.900390625
2023-05-23,960.268310546875,2770.11572265625,5118.53369140625,8156.0595703125,4322.72802734375,4342.2490234375,10525.71875,2029.3460693359375,5626.66748046875,3386.847900390625,2091.21337890625,19202.767578125
2023-05-24,943.4950561523438,2721.68701171875,5176.69873046875,8066.6796875,4401.3232421875,4299.88623046875,10549.265625,1952.76708984375,5603.0263671875,3487.447509765625,2121.087646484375,19281.146484375
2023-05-25,888.9819946289062,2634.515380859375,5118.53369140625,8089.02392578125,4303.07958984375,4384.61279296875,10549.265625,1962.33935546875,5579.38525390625,3453.914306640625,2101.17138671875,18418.98046875
2023-05-26,876.402099609375,2653.88671875,5118.53369140625,8178.4052734375,4401.3232421875,4342.2490234375,10549.265625,1962.33935546875,5579.38525390625,3462.297607421875,2091.21337890625,18085.873046875
2023-05-29,868.0155029296875,2677.39697265625,5118.53369140625,8178.4052734375,4362.02587890625,4363.431640625,10525.71875,2019.7738037109375,5579.38525390625,3520.980712890625,2156.2353515625,17929.1171875
2023-05-30,884.7887573242188,2608.99658203125,5040.97998046875,8267.7861328125,4322.72802734375,4363.431640625,10549.265625,1981.4842529296875,5579.38525390625,3453.914306640625,2146.2529296875,17635.1953125
2023-05-31,855.4354858398438,2579.681884765625,5002.203125,8089.02392578125,4381.673828125,4278.70458984375,11020.2158203125,1943.1947021484375,5484.81884765625,3386.847900390625,2136.270263671875,17419.65625
2023-06-05,880.5953369140625,2657.85400390625,5293.02880859375,8223.095703125,4263.78173828125,4299.88623046875,10878.931640625,1962.33935546875,5508.4609375,3420.381103515625,2036.444580078125,17909.51953125
2023-06-06,930.9150390625,2618.76806640625,5273.64013671875,8178.4052734375,4283.43017578125,4278.70458984375,10643.4560546875,1952.76708984375,5532.10205078125,3428.7646484375,2046.42724609375,18183.84765625
2023-06-07,909.9486083984375,2618.76806640625,5273.64013671875,8133.71435546875,4244.1328125,4257.5224609375,10643.4560546875,1962.33935546875,5532.10205078125,3479.064208984375,2066.392333984375,17909.51953125
2023-06-08,922.5285034179688,2677.39697265625,5254.251953125,8156.0595703125,4303.07958984375,4257.5224609375,10643.4560546875,1952.76708984375,5555.7431640625,3495.830810546875,2026.4620361328125,18281.822265625
2023-06-09,918.3352661132812,2638.31103515625,5273.64013671875,8133.71435546875,4263.78173828125,4342.2490234375,10714.0986328125,1962.33935546875,5603.0263671875,3479.064208984375,2046.42724609375,18085.873046875
2023-06-12,926.7218017578125,2667.62548828125,5254.251953125,8178.4052734375,4244.1328125,4321.0673828125,10643.4560546875,1971.911865234375,5721.23388671875,3538.119140625,2056.40966796875,18438.576171875
2023-06-13,926.7218017578125,2677.39697265625,5234.86328125,8178.4052734375,4362.02587890625,4321.0673828125,10596.361328125,1991.056640625,5673.95068359375,3520.64697265625,2066.392333984375,18007.49609375
2023-06-14,943.4950561523438,2638.31103515625,5351.1943359375,8111.36962890625,4362.02587890625,4278.70458984375,10643.4560546875,1962.33935546875,5650.3095703125,3494.438720703125,2076.375,18007.49609375
2023-06-15,964.4616088867188,2589.453369140625,5331.8056640625,8089.02392578125,4342.37744140625,4342.2490234375,10667.00390625,1991.056640625,5744.875,3511.910888671875,2066.392333984375,18144.658203125
2023-06-16,972.8482055664062,2521.052978515625,5312.4169921875,8089.02392578125,4362.02587890625,4363.431640625,10549.265625,2010.2012939453125,5673.95068359375,3468.230224609375,2066.392333984375,17948.708984375
2023-06-19,947.6882934570312,2540.595947265625,5331.8056640625,8044.3330078125,4342.37744140625,4342.2490234375,10596.361328125,1981.4842529296875,5673.95068359375,3459.494140625,2066.392333984375,18144.658203125
2023-06-20,951.8817749023438,2521.052978515625,5273.64013671875,8089.02392578125,4362.02587890625,4321.0673828125,10549.265625,1981.4842529296875,5697.59228515625,3485.702392578125,2076.375,18125.060546875
2023-06-21,947.6882934570312,2530.824462890625,5370.58251953125,8156.0595703125,4381.673828125,4321.0673828125,10667.00390625,1962.33935546875,5697.59228515625,3476.966552734375,2096.340087890625,18301.412109375
2023-06-22,947.6882934570312,2530.824462890625,5254.251953125,8089.02392578125,4303.07958984375,4299.88623046875,10525.71875,1933.6221923828125,5697.59228515625,3442.02197265625,2076.375,18438.576171875
2023-06-23,935.1084594726562,2550.367431640625,5254.251953125,8089.02392578125,4244.1328125,4299.88623046875,10525.71875,1962.33935546875,5792.158203125,3450.75830078125,2076.375,18321.009765625
2023-06-26,926.7218017578125,2540.595947265625,5273.64013671875,8111.36962890625,4283.43017578125,4342.2490234375,10667.00390625,1981.4842529296875,5815.7998046875,3485.702392578125,2066.392333984375,18242.630859375
2023-06-27,935.1084594726562,2521.052978515625,5254.251953125,8178.4052734375,4263.78173828125,4405.79443359375,10667.00390625,1962.33935546875,5744.875,3494.438720703125,2096.340087890625,18242.630859375
2023-07-03,977.0415649414062,2530.824462890625,5293.02880859375,8111.36962890625,4303.07958984375,4532.88525390625,10902.4775390625,1933.6221923828125,5744.875,3494.438720703125,2146.2529296875,18066.279296875
2023-07-04,981.2348022460938,2540.595947265625,5254.251953125,8089.02392578125,4283.43017578125,4448.158203125,10808.2890625,1900.118896484375,5744.875,3468.230224609375,2076.375,18105.466796875
2023-07-05,1014.7813110351562,2560.138916015625,5254.251953125,8089.02392578125,4283.43017578125,4469.33984375,10784.7412109375,1924.0499267578125,5839.44091796875,3476.966552734375,2096.340087890625,18575.740234375
2023-07-06,1027.3612060546875,2677.39697265625,5273.64013671875,8111.36962890625,4263.78173828125,4490.52099609375,10737.646484375,1904.905029296875,5910.365234375,3459.494140625,2066.392333984375,18850.064453125
2023-07-07,998.008056640625,2618.76806640625,5293.02880859375,8066.6796875,4224.48486328125,4363.431640625,10797.98046875,1904.905029296875,6075.85595703125,3459.494140625,2086.357421875,18614.927734375
2023-07-10,1014.7813110351562,2648.08251953125,5254.251953125,8089.02392578125,4244.1328125,4384.61279296875,10845.865234375,1914.4775390625,6075.85595703125,3450.75830078125,2066.392333984375,18889.251953125
2023-07-11,1018.9745483398438,2706.711669921875,5273.64013671875,8066.6796875,4263.78173828125,4469.33984375,11037.4033203125,1943.1947021484375,6194.06298828125,3476.966552734375,2066.392333984375,19183.173828125
2023-07-12,993.8148193359375,2716.4833984375,5254.251953125,8200.7509765625,4283.43017578125,4490.52099609375,11157.115234375,1914.4775390625,6146.7802734375,3476.966552734375,2046.42724609375,18810.876953125
2023-07-13,972.8482055664062,2716.4833984375,5273.64013671875,8156.0595703125,4283.43017578125,4532.88525390625,11205.0,1933.6221923828125,6359.55322265625,3424.5498046875,2076.375,18928.4453125
2023-07-14,989.6214599609375,2706.711669921875,5234.86328125,8223.095703125,4342.37744140625,4575.248046875,11276.8271484375,1981.4842529296875,6501.40234375,3433.285888671875,2036.444580078125,18928.4453125
2023-07-17,998.008056640625,2706.711669921875,5176.69873046875,8200.7509765625,4381.673828125,4554.06640625,11157.115234375,1933.6221923828125,6406.8359375,3415.813720703125,2086.357421875,18987.2265625
2023-07-18,977.0415649414062,2687.16845703125,5099.1455078125,8178.4052734375,4420.97216796875,4532.88525390625,11252.8837890625,1914.4775390625,6406.8359375,3363.397216796875,2046.42724609375,19006.822265625
2023-07-20,993.8148193359375,2736.0263671875,5060.36865234375,8178.4052734375,4420.97216796875,4681.15673828125,10989.51953125,1866.6156005859375,6335.91162109375,3363.397216796875,2036.444580078125,19104.794921875
2023-07-21,1014.7813110351562,2804.427001953125,5002.203125,8178.4052734375,4420.97216796875,4702.3388671875,11013.4609375,1885.7603759765625,6572.32666015625,3372.13330078125,2036.444580078125,19202.767578125
2023-07-24,1035.7479248046875,2775.1123046875,5079.7568359375,8133.71435546875,4401.3232421875,4659.97509765625,11037.4033203125,1885.7603759765625,6572.32666015625,3407.07763671875,2056.40966796875,19908.17578125
2023-07-25,1018.9745483398438,2745.7978515625,5040.97998046875,8178.4052734375,4440.62060546875,4702.3388671875,10750.0966796875,1880.97412109375,6619.609375,3389.60546875,2036.444580078125,19908.17578125
2023-07-26,1048.3280029296875,2765.3408203125,5118.53369140625,8357.1689453125,4460.26904296875,4723.52001953125,10702.2109375,1852.2569580078125,6454.119140625,3389.60546875,2056.40966796875,20691.962890625
2023-07-27,1027.3612060546875,2687.16845703125,5060.36865234375,8245.4404296875,4440.62060546875,4765.88330078125,10702.2109375,1823.539794921875,6312.2705078125,3249.827880859375,2066.392333984375,20672.3671875
2023-07-28,1035.7479248046875,2667.62548828125,5137.92138671875,8156.0595703125,4479.91845703125,4829.4287109375,10726.1533203125,1828.3260498046875,6383.19482421875,3249.827880859375,2086.357421875,20887.908203125
2023-07-31,1010.5879516601562,2638.31103515625,5312.4169921875,8156.0595703125,4440.62060546875,4850.6103515625,10726.1533203125,1833.1121826171875,6595.9677734375,3249.827880859375,2116.30517578125,21573.72265625
2023-08-01,1002.2013549804688,2794.655517578125,5331.8056640625,8156.0595703125,4479.91845703125,4787.0654296875,10606.4423828125,1727.8160400390625,6359.55322265625,3276.036376953125,2086.357421875,21573.72265625
2023-08-02,993.8148193359375,2814.198486328125,5312.4169921875,8223.095703125,4479.91845703125,4829.4287109375,10702.2109375,1718.2435302734375,6454.119140625,3223.61962890625,2056.40966796875,20946.6953125
2023-08-03,989.6214599609375,2814.198486328125,5293.02880859375,8267.7861328125,4479.91845703125,4914.1552734375,10726.1533203125,1804.39501953125,6832.38232421875,3249.827880859375,2066.392333984375,21279.802734375
2023-08-04,1006.3948364257812,2755.5693359375,5273.64013671875,8178.4052734375,4381.673828125,4892.9736328125,10774.0380859375,1794.8226318359375,6690.53369140625,3223.61962890625,2076.375,21416.962890625
2023-08-07,998.008056640625,2716.4833984375,5331.8056640625,8290.130859375,4479.91845703125,4977.70068359375,10654.3271484375,1770.8917236328125,6572.32666015625,3214.883544921875,2056.40966796875,21495.34375
2023-08-08,993.8148193359375,2716.4833984375,5312.4169921875,8223.095703125,4420.97216796875,4998.88232421875,10678.26953125,1775.6778564453125,6477.76025390625,3258.564208984375,2066.392333984375,21573.72265625
2023-08-09,1006.3948364257812,2784.8837890625,5331.8056640625,8401.859375,4479.91845703125,4998.88232421875,10630.3837890625,1794.8226318359375,6312.2705078125,3293.50830078125,2066.392333984375,21750.076171875
2023-08-10,1010.5879516601562,2716.4833984375,5234.86328125,8401.859375,4479.91845703125,5062.42724609375,10965.5771484375,1766.10546875,6288.62890625,3319.716796875,2086.357421875,21632.505859375
2023-08-11,985.42822265625,2765.3408203125,5234.86328125,8401.859375,4440.62060546875,5020.06396484375,10989.51953125,1770.8917236328125,6359.55322265625,3328.452880859375,2146.2529296875,21240.615234375
2023-08-14,1002.2013549804688,2823.969970703125,5273.64013671875,8357.1689453125,4440.62060546875,5041.24560546875,10917.6923828125,1770.8917236328125,6477.76025390625,3345.925048828125,2166.218017578125,21514.939453125
2023-08-15,1052.5211181640625,2843.512939453125,5215.4755859375,8312.4775390625,4381.673828125,4914.1552734375,10989.51953125,1770.8917236328125,6477.76025390625,3337.188720703125,2136.270263671875,21456.154296875
2023-08-16,1056.714599609375,2872.827392578125,5234.86328125,8312.4775390625,4342.37744140625,4914.1552734375,11181.0576171875,1790.036376953125,6548.6845703125,3345.925048828125,2166.218017578125,21554.130859375
2023-08-18,1065.10107421875,2833.741455078125,5060.36865234375,8267.7861328125,4381.673828125,4892.9736328125,11205.0,1766.10546875,6359.55322265625,3284.772216796875,2146.2529296875,21005.4765625
2023-08-21,1098.6474609375,2921.685302734375,5021.59130859375,8200.7509765625,4322.72802734375,4935.3369140625,11181.0576171875,1766.10546875,6335.91162109375,3267.300048828125,2156.2353515625,21221.017578125
2023-08-22,1132.194091796875,2843.512939453125,5079.7568359375,8312.4775390625,4381.673828125,5041.24560546875,11037.4033203125,1775.6778564453125,6383.19482421875,3276.036376953125,2116.30517578125,21632.505859375
2023-08-23,1132.194091796875,2863.055908203125,5079.7568359375,8312.4775390625,4401.3232421875,4956.51904296875,11013.4609375,1732.60205078125,6359.55322265625,3267.300048828125,2146.2529296875,21848.048828125
2023-08-24,1119.6141357421875,2823.969970703125,5021.59130859375,8223.095703125,4362.02587890625,5041.24560546875,10869.8076171875,1732.60205078125,6501.40234375,3249.827880859375,2196.165771484375,20927.099609375
2023-08-25,1086.067626953125,2823.969970703125,5002.203125,8290.130859375,4401.3232421875,4998.88232421875,10941.6337890625,1732.60205078125,6501.40234375,3249.827880859375,2156.2353515625,20417.63671875
2023-08-28,1123.807373046875,2804.427001953125,4982.8154296875,8223.095703125,4362.02587890625,5083.60888671875,10821.9228515625,1727.8160400390625,6477.76025390625,3232.355712890625,2156.2353515625,20691.962890625
2023-08-29,1123.807373046875,2833.741455078125,4963.42578125,8267.7861328125,4401.3232421875,5041.24560546875,10893.75,1780.464111328125,6501.40234375,3249.827880859375,2176.20068359375,20652.775390625
2023-08-30,1128.000732421875,2833.741455078125,5002.203125,8223.095703125,4342.37744140625,5062.42724609375,10774.0380859375,1766.10546875,6501.40234375,3328.452880859375,2166.218017578125,20496.015625
2023-08-31,1119.6141357421875,2833.741455078125,5002.203125,8200.7509765625,4362.02587890625,5104.79052734375,10726.1533203125,1737.3883056640625,6430.47802734375,3258.564208984375,2176.20068359375,20378.447265625
2023-09-01,1123.807373046875,2814.198486328125,5079.7568359375,8245.4404296875,4381.673828125,5147.154296875,10726.1533203125,1699.098876953125,6430.47802734375,3249.827880859375,2146.2529296875,20652.775390625
2023-09-04,1148.9671630859375,2784.8837890625,5118.53369140625,8245.4404296875,4420.97216796875,5168.3359375,10726.1533203125,1708.671142578125,6406.8359375,3258.564208984375,2106.322509765625,21025.072265625
2023-09-05,1148.9671630859375,2775.1123046875,5118.53369140625,8245.4404296875,4420.97216796875,5168.3359375,10702.2109375,1694.3126220703125,6595.9677734375,3267.300048828125,2046.42724609375,21318.990234375
2023-09-06,1203.4803466796875,2745.7978515625,5060.36865234375,8178.4052734375,4381.673828125,5125.97265625,10582.5,1665.595458984375,6501.40234375,3310.98046875,2006.4969482421875,21475.75
2023-09-07,1207.6737060546875,2833.741455078125,4963.42578125,8200.7509765625,4283.43017578125,4977.70068359375,10726.1533203125,1632.092041015625,6501.40234375,3284.772216796875,2026.4620361328125,21279.802734375
2023-09-08,1211.8668212890625,2804.427001953125,4963.42578125,8156.0595703125,4204.8359375,4998.88232421875,10654.3271484375,1646.45068359375,6548.6845703125,3223.61962890625,1996.5142822265625,21397.369140625
2023-09-11,1174.127197265625,2882.59912109375,4944.03759765625,8156.0595703125,4263.78173828125,5020.06396484375,10702.2109375,1780.464111328125,6714.1748046875,3232.355712890625,2056.40966796875,21083.85546875
2023-09-12,1178.3204345703125,2911.913818359375,4885.873046875,8133.71435546875,4224.48486328125,4977.70068359375,10726.1533203125,1742.174560546875,6643.2509765625,3241.091796875,2066.392333984375,21221.017578125
2023-09-13,1199.287109375,2892.37060546875,4885.873046875,8111.36962890625,4244.1328125,4956.51904296875,10726.1533203125,1708.671142578125,6595.9677734375,3241.091796875,2126.287841796875,21299.3984375
2023-09-14,1220.2535400390625,2775.1123046875,4905.26171875,8133.71435546875,4263.78173828125,4935.3369140625,10534.615234375,1708.671142578125,6619.609375,3214.883544921875,2256.06103515625,21475.75
2023-09-15,1190.900390625,2833.741455078125,4885.873046875,8044.3330078125,4224.48486328125,5020.06396484375,10510.6728515625,1689.5263671875,6619.609375,3249.827880859375,2565.520751953125,22279.130859375
2023-09-18,1190.900390625,2833.741455078125,4885.873046875,8044.3330078125,4185.18603515625,4998.88232421875,10390.9609375,1737.3883056640625,6501.40234375,3214.883544921875,2645.38134765625,22024.400390625
2023-09-19,1216.060302734375,2833.741455078125,4924.6494140625,8111.36962890625,4224.48486328125,5083.60888671875,10367.01953125,1713.4573974609375,6477.76025390625,3258.564208984375,2685.311767578125,22200.751953125
2023-09-20,1241.22021484375,2833.741455078125,4885.873046875,8178.4052734375,4224.48486328125,5147.154296875,10390.9609375,1675.1678466796875,6501.40234375,3328.452880859375,2725.2421875,22337.916015625
2023-09-21,1237.02685546875,2814.198486328125,4808.31982421875,8156.0595703125,4204.8359375,5083.60888671875,10726.1533203125,1737.3883056640625,6525.04345703125,3328.452880859375,2745.20703125,22200.751953125
2023-09-22,1237.02685546875,2833.741455078125,4808.31982421875,8111.36962890625,4204.8359375,5083.60888671875,10869.8076171875,1703.885009765625,6477.76025390625,3372.13330078125,2615.43359375,22220.345703125
2023-09-25,1237.02685546875,2843.512939453125,4847.095703125,8044.3330078125,4165.5380859375,5083.60888671875,10774.0380859375,1699.098876953125,6288.62890625,3293.50830078125,2615.43359375,22141.96875
2023-09-26,1161.54736328125,2892.37060546875,4808.31982421875,7999.642578125,4086.943603515625,5020.06396484375,10702.2109375,1727.8160400390625,6194.06298828125,3284.772216796875,2575.50341796875,21750.076171875
2023-09-27,1203.4803466796875,2863.055908203125,4769.54248046875,7932.60595703125,4106.59130859375,5083.60888671875,10534.615234375,1679.9539794921875,6194.06298828125,3249.827880859375,2555.538330078125,22181.158203125
2023-09-29,1195.09375,2892.37060546875,4827.7080078125,7887.91552734375,4106.59130859375,5104.79052734375,10606.4423828125,1679.9539794921875,6075.85595703125,3276.036376953125,2525.5908203125,22141.96875
2023-10-02,1178.3204345703125,2882.59912109375,4866.484375,8111.36962890625,4126.240234375,5125.97265625,10630.3837890625,1708.671142578125,6123.138671875,3276.036376953125,2565.520751953125,21887.236328125
2023-10-03,1128.000732421875,2882.59912109375,4808.31982421875,8223.095703125,4145.8896484375,5147.154296875,10486.73046875,1718.2435302734375,6052.2138671875,3293.50830078125,2595.46875,21162.236328125
2023-10-04,1115.4208984375,2804.427001953125,4711.376953125,8223.095703125,4126.240234375,5189.517578125,10726.1533203125,1689.5263671875,5957.6484375,3302.24462890625,2615.43359375,20829.126953125
2023-10-05,1094.4541015625,2833.741455078125,4672.6005859375,8111.36962890625,4067.29443359375,5189.517578125,11133.1728515625,1756.533203125,5910.365234375,3249.827880859375,2725.2421875,20496.015625
2023-10-06,1111.2274169921875,2667.62548828125,4711.376953125,8066.6796875,4067.29443359375,5104.79052734375,11013.4609375,1756.533203125,6004.931640625,3302.24462890625,2735.224853515625,20691.962890625
2023-10-09,1161.54736328125,2755.5693359375,4750.154296875,8089.02392578125,4027.996337890625,4998.88232421875,10630.3837890625,1703.885009765625,6241.345703125,3284.772216796875,2685.311767578125,20927.099609375
2023-10-10,1165.7406005859375,2833.741455078125,4691.9892578125,7977.29638671875,4067.29443359375,5083.60888671875,10390.9609375,1679.9539794921875,6217.70458984375,3328.452880859375,2685.311767578125,21064.26171875
2023-10-11,1157.35400390625,2814.198486328125,4691.9892578125,7977.29638671875,4126.240234375,5125.97265625,10247.3076171875,1675.1678466796875,6170.42138671875,3302.24462890625,2685.311767578125,21145.541015625
2023-10-12,1128.000732421875,2784.8837890625,4690.412109375,8089.02392578125,4165.5380859375,5147.154296875,10510.6728515625,1665.595458984375,6194.06298828125,3345.925048828125,2685.311767578125,20823.630859375
2023-10-13,1136.3873291015625,2745.7978515625,4710.11962890625,8111.36962890625,4145.8896484375,5147.154296875,10414.9033203125,1675.1678466796875,6217.70458984375,3363.397216796875,2695.294189453125,20984.58984375
2023-10-16,1165.7406005859375,2736.0263671875,4611.58203125,8133.71435546875,4126.240234375,5104.79052734375,10438.8466796875,1684.7401123046875,6099.4970703125,3284.772216796875,2575.50341796875,21286.380859375
2023-10-17,1161.54736328125,2726.2548828125,4611.58203125,7999.642578125,4047.64501953125,5083.60888671875,10438.8466796875,1746.960693359375,6217.70458984375,3310.98046875,2655.3642578125,21226.0234375
2023-10-18,1190.900390625,2745.7978515625,4591.8740234375,7910.26123046875,4047.64501953125,4956.51904296875,10175.48046875,1727.8160400390625,6052.2138671875,3276.036376953125,2665.3466796875,21165.662109375
2023-10-19,1182.5137939453125,2745.7978515625,4513.04345703125,7820.87890625,3929.75244140625,4850.6103515625,9983.9423828125,1723.02978515625,6123.138671875,3258.564208984375,2625.416259765625,20944.349609375
2023-10-20,1174.127197265625,2736.0263671875,4493.33642578125,8021.98681640625,3969.05078125,4871.7919921875,10151.5380859375,1694.3126220703125,6052.2138671875,3232.355712890625,2595.46875,20783.39453125
2023-10-23,1115.4208984375,2696.940185546875,4414.50537109375,7910.26123046875,3929.75244140625,4808.2470703125,10055.76953125,1694.3126220703125,5934.0068359375,3153.73095703125,2625.416259765625,20119.453125
2023-10-24,1115.4208984375,2755.5693359375,4572.1669921875,7843.22412109375,4008.34814453125,4871.7919921875,10343.0771484375,1746.960693359375,5981.28955078125,3188.675048828125,2605.451171875,20320.646484375
2023-10-25,1119.6141357421875,2853.284423828125,4552.458984375,7932.60595703125,4067.29443359375,4956.51904296875,10007.8837890625,1684.7401123046875,6052.2138671875,3144.99462890625,2665.3466796875,21185.78125
2023-10-26,1111.2274169921875,2784.8837890625,4513.04345703125,7798.5341796875,3866.87646484375,4829.4287109375,9840.2880859375,1675.1678466796875,5910.365234375,3040.16162109375,2725.2421875,21065.06640625
2023-10-27,1107.0340576171875,2755.5693359375,4513.04345703125,7776.18896484375,3929.75244140625,4829.4287109375,10079.7109375,1679.9539794921875,5839.44091796875,3057.6337890625,2815.08544921875,20541.9609375
2023-10-30,1065.10107421875,2823.969970703125,4572.1669921875,7910.26123046875,3929.75244140625,4850.6103515625,10079.7109375,1632.092041015625,5768.5166015625,2987.7451171875,2815.08544921875,19636.583984375
2023-10-31,1073.48779296875,2823.969970703125,4552.458984375,7820.87890625,3898.314697265625,4808.2470703125,9912.115234375,1617.7335205078125,5768.5166015625,3048.897705078125,2974.80615234375,20220.05078125
2023-11-01,1010.5879516601562,2784.8837890625,4572.1669921875,7686.806640625,3796.140869140625,4787.0654296875,9936.0576171875,1536.3682861328125,5721.23388671875,3162.466796875,2944.858642578125,19395.150390625
2023-11-02,1002.2013549804688,2784.8837890625,4572.1669921875,7910.26123046875,3929.75244140625,4998.88232421875,9912.115234375,1526.7957763671875,5910.365234375,3162.466796875,2954.84130859375,19093.359375
2023-11-03,1044.134521484375,2833.741455078125,4650.9970703125,7954.95166015625,4008.34814453125,4935.3369140625,10007.8837890625,1522.0096435546875,5863.08251953125,3118.786376953125,2994.771484375,19133.599609375
2023-11-06,1060.90771484375,2745.7978515625,4670.70458984375,8089.02392578125,4086.943603515625,5020.06396484375,10031.8271484375,1545.9405517578125,6123.138671875,3188.675048828125,2944.858642578125,19113.48046875
2023-11-07,1035.7479248046875,2823.969970703125,4591.8740234375,8021.98681640625,4126.240234375,4977.70068359375,10031.8271484375,1536.3682861328125,6099.4970703125,3118.786376953125,2934.876220703125,18811.685546875
2023-11-08,1023.1680297851562,2833.741455078125,4513.04345703125,8044.3330078125,4106.59130859375,4956.51904296875,10031.8271484375,1545.9405517578125,6004.931640625,3075.10595703125,2944.858642578125,18348.939453125
2023-11-09,1027.3612060546875,2833.741455078125,4532.75146484375,8044.3330078125,4086.943603515625,4977.70068359375,10007.8837890625,1550.726806640625,6028.57275390625,3083.84228515625,2954.84130859375,18409.298828125
2023-11-10,1039.941162109375,2833.741455078125,4552.458984375,7887.91552734375,3988.698974609375,4892.9736328125,10127.5966796875,1522.0096435546875,5934.0068359375,3101.314208984375,2994.771484375,18590.373046875
2023-11-13,1039.941162109375,2843.512939453125,4453.92041015625,7932.60595703125,3949.4013671875,4935.3369140625,9936.0576171875,1531.58203125,6004.931640625,3075.10595703125,2904.92822265625,18711.087890625
2023-11-14,1039.941162109375,2814.198486328125,4473.62890625,7977.29638671875,3988.698974609375,4935.3369140625,10007.8837890625,1536.3682861328125,5886.72412109375,3057.6337890625,2984.788818359375,18711.087890625
2023-11-15,1052.5211181640625,2833.741455078125,4532.75146484375,8089.02392578125,4126.240234375,5020.06396484375,10127.5966796875,1541.154296875,5934.0068359375,3101.314208984375,2914.910888671875,18831.806640625
2023-11-16,1060.90771484375,2833.741455078125,4591.8740234375,8111.36962890625,4126.240234375,5020.06396484375,10127.5966796875,1545.9405517578125,5934.0068359375,3092.578125,2914.910888671875,18872.044921875
2023-11-17,1065.10107421875,2823.969970703125,4493.33642578125,8111.36962890625,4106.59130859375,4998.88232421875,10031.8271484375,1550.726806640625,6264.9873046875,3101.314208984375,2944.858642578125,18409.298828125
2023-11-20,1069.2943115234375,2833.741455078125,4572.1669921875,7932.60595703125,4126.240234375,4977.70068359375,10079.7109375,1555.512939453125,6335.91162109375,3136.258544921875,2884.96337890625,18469.658203125
2023-11-21,1094.4541015625,2833.741455078125,4552.458984375,7843.22412109375,4086.943603515625,4977.70068359375,10055.76953125,1536.3682861328125,6264.9873046875,3162.466796875,2884.96337890625,18328.822265625
2023-11-22,1086.067626953125,2814.198486328125,4473.62890625,7932.60595703125,4145.8896484375,4977.70068359375,10055.76953125,1574.65771484375,6099.4970703125,3153.73095703125,2884.96337890625,17966.669921875
2023-11-23,1069.2943115234375,2823.969970703125,4493.33642578125,7977.29638671875,4204.8359375,4998.88232421875,10103.6533203125,1569.8714599609375,6099.4970703125,3144.99462890625,2894.945556640625,18127.625
2023-11-24,1065.10107421875,2804.427001953125,4513.04345703125,7977.29638671875,4244.1328125,4977.70068359375,9983.9423828125,1526.7957763671875,6075.85595703125,3162.466796875,2864.998291015625,18208.10546875
2023-11-27,1069.2943115234375,2794.655517578125,4434.21337890625,7932.60595703125,4204.8359375,4998.88232421875,10199.4228515625,1555.512939453125,6146.7802734375,3214.883544921875,2835.05029296875,18067.267578125
2023-11-28,1081.8743896484375,2804.427001953125,4375.09033203125,7932.60595703125,4204.8359375,4998.88232421875,10199.4228515625,1536.3682861328125,6052.2138671875,3293.50830078125,2884.96337890625,18107.5078125
2023-11-29,1081.8743896484375,2745.7978515625,4355.3828125,7954.95166015625,4165.5380859375,4956.51904296875,10055.76953125,1536.3682861328125,6052.2138671875,3249.827880859375,2914.910888671875,18067.267578125
2023-11-30,1098.6474609375,2804.427001953125,4256.8447265625,8021.98681640625,4145.8896484375,4956.51904296875,11061.3466796875,1545.9405517578125,6146.7802734375,3284.772216796875,2944.858642578125,17624.640625
2023-12-01,1073.48779296875,2833.741455078125,4532.75146484375,7999.642578125,4204.8359375,4998.88232421875,10079.7109375,1593.802490234375,6194.06298828125,3345.925048828125,2904.92822265625,17825.833984375
2023-12-04,1073.48779296875,2804.427001953125,4532.75146484375,8015.35791015625,4322.72802734375,5083.60888671875,10055.76953125,1569.8714599609375,6099.4970703125,3328.452880859375,2904.92822265625,18047.1484375
2023-12-05,1052.5211181640625,2804.427001953125,4513.04345703125,7992.90625,4283.43017578125,5062.42724609375,10223.365234375,1589.016357421875,6028.57275390625,3363.397216796875,3164.475341796875,17745.357421875
2023-12-06,1060.90771484375,2823.969970703125,4513.04345703125,7903.09912109375,4263.78173828125,4914.1552734375,10199.4228515625,1627.3057861328125,6075.85595703125,3424.5498046875,3473.934814453125,17403.326171875
2023-12-07,1060.90771484375,2833.741455078125,4473.62890625,7925.55029296875,4303.07958984375,4871.7919921875,10199.4228515625,1598.588623046875,5957.6484375,3415.813720703125,4342.4189453125,17463.68359375
2023-12-08,1073.48779296875,2784.8837890625,4473.62890625,7858.19384765625,4224.48486328125,4829.4287109375,10510.6728515625,1574.65771484375,5957.6484375,3442.02197265625,4691.80859375,17946.55078125
2023-12-11,1073.48779296875,2736.0263671875,4414.50537109375,7858.19384765625,4165.5380859375,4892.9736328125,10079.7109375,1560.2991943359375,5792.158203125,3476.966552734375,4691.80859375,17564.28125
2023-12-12,1069.2943115234375,2784.8837890625,4394.79833984375,7813.291015625,4185.18603515625,4914.1552734375,10175.48046875,1541.154296875,5839.44091796875,3415.813720703125,4751.70458984375,17584.400390625
2023-12-13,1027.3612060546875,2814.198486328125,4355.3828125,7790.8388671875,4165.5380859375,4850.6103515625,10103.6533203125,1541.154296875,5886.72412109375,3424.5498046875,4771.66943359375,16839.98046875
2023-12-14,1044.134521484375,2833.741455078125,4434.21337890625,8127.61767578125,4362.02587890625,5041.24560546875,10127.5966796875,1531.58203125,5839.44091796875,3442.02197265625,4641.89599609375,17262.48828125
2023-12-15,1056.714599609375,2736.0263671875,4453.92041015625,8284.7822265625,4362.02587890625,4998.88232421875,9983.9423828125,1531.58203125,5863.08251953125,3476.966552734375,4921.40771484375,17121.654296875
2023-12-18,1052.5211181640625,2667.62548828125,4414.50537109375,8262.3291015625,4322.72802734375,5020.06396484375,10151.5380859375,1545.9405517578125,5792.158203125,3468.230224609375,5066.1552734375,17544.16015625
2023-12-19,1090.2611083984375,2755.5693359375,4434.21337890625,8307.234375,4362.02587890625,5062.42724609375,10127.5966796875,1589.016357421875,5839.44091796875,3468.230224609375,5340.67578125,17564.28125
2023-12-20,1081.8743896484375,2755.5693359375,4434.21337890625,8352.1376953125,4362.02587890625,5020.06396484375,10127.5966796875,1545.9405517578125,5886.72412109375,3459.494140625,5665.109375,17544.16015625
2023-12-21,1090.2611083984375,2814.198486328125,4375.09033203125,8374.5908203125,4381.673828125,5062.42724609375,10103.6533203125,1531.58203125,5815.7998046875,3450.75830078125,5864.7607421875,17705.1171875
2023-12-22,1086.067626953125,2804.427001953125,4375.09033203125,8374.5908203125,4460.26904296875,5062.42724609375,10079.7109375,1517.223388671875,5934.0068359375,3459.494140625,5864.7607421875,17725.236328125
2023-12-27,1086.067626953125,2804.427001953125,4375.09033203125,8419.4931640625,4420.97216796875,5083.60888671875,10127.5966796875,1550.726806640625,5934.0068359375,3442.02197265625,5989.54296875,18047.1484375
2023-12-28,1081.8743896484375,2843.512939453125,4414.50537109375,8441.9462890625,4499.56689453125,5189.517578125,10199.4228515625,1550.726806640625,5934.0068359375,3459.494140625,5989.54296875,18268.462890625
2023-12-29,1081.865234375,2863.055908203125,4453.92041015625,8441.9462890625,4499.56689453125,5125.97265625,10127.5966796875,1541.154296875,6052.2138671875,3450.75830078125,5240.85009765625,18208.10546875
