Date,Ticker_i,Ticker_j,Interaction_J_Obj,Interaction_J_Pen
2021-01-04,BBCA.JK,TLKM.JK,2.0737094893928762e-05,0.5
2021-01-04,BBCA.JK,SMGR.JK,5.40136120670475e-05,0.5
2021-01-04,BBCA.JK,BMRI.JK,4.166350521506339e-05,0.5
2021-01-04,BBCA.JK,KLBF.JK,6.0127001512635275e-05,0.5
2021-01-04,BBCA.JK,ASII.JK,6.931955090215552e-05,0.5
2021-01-04,BBCA.JK,UNTR.JK,1.3342835607646611e-05,0.5
2021-01-04,BBCA.JK,ICBP.JK,3.8945126443133735e-05,0.5
2021-01-04,BBCA.JK,AMRT.JK,4.1045908084013276e-05,0.5
2021-01-04,BBCA.JK,ADRO.JK,6.846004522001052e-05,0.5
2021-01-04,BBCA.JK,TPIA.JK,3.675870670260451e-06,0.5
2021-01-04,BBCA.JK,BBRI.JK,9.680937226114034e-05,0.5
2021-01-04,TLKM.JK,SMGR.JK,1.3394863168278677e-05,0.5
2021-01-04,TLKM.JK,BMRI.JK,1.945062112605209e-05,0.5
2021-01-04,TLKM.JK,KLBF.JK,3.861336148244e-05,0.5
2021-01-04,TLKM.JK,ASII.JK,3.4058984397979274e-05,0.5
2021-01-04,TLKM.JK,UNTR.JK,1.0581633766638295e-05,0.5
2021-01-04,TLKM.JK,ICBP.JK,2.1491490119368696e-05,0.5
2021-01-04,TLKM.JK,AMRT.JK,2.3483812574947042e-05,0.5
2021-01-04,TLKM.JK,ADRO.JK,2.3627327183637194e-05,0.5
2021-01-04,TLKM.JK,TPIA.JK,5.078234878166081e-06,0.5
2021-01-04,TLKM.JK,BBRI.JK,2.281485516056903e-05,0.5
2021-01-04,SMGR.JK,BMRI.JK,5.525335044517882e-05,0.5
2021-01-04,SMGR.JK,KLBF.JK,7.081326211086161e-05,0.5
2021-01-04,SMGR.JK,ASII.JK,8.121124992648571e-05,0.5
2021-01-04,SMGR.JK,UNTR.JK,1.8635836652336672e-05,0.5
2021-01-04,SMGR.JK,ICBP.JK,3.444552148020915e-05,0.5
2021-01-04,SMGR.JK,AMRT.JK,5.608451097930031e-05,0.5
2021-01-04,SMGR.JK,ADRO.JK,6.397287129105226e-05,0.5
2021-01-04,SMGR.JK,TPIA.JK,7.752720916059303e-06,0.5
2021-01-04,SMGR.JK,BBRI.JK,5.9001743176959324e-05,0.5
2021-01-04,BMRI.JK,KLBF.JK,6.453333857622307e-05,0.5
2021-01-04,BMRI.JK,ASII.JK,6.907622701112919e-05,0.5
2021-01-04,BMRI.JK,UNTR.JK,2.048845600992549e-05,0.5
2021-01-04,BMRI.JK,ICBP.JK,3.491950834164154e-05,0.5
2021-01-04,BMRI.JK,AMRT.JK,4.469398693757278e-05,0.5
2021-01-04,BMRI.JK,ADRO.JK,5.076178814604452e-05,0.5
2021-01-04,BMRI.JK,TPIA.JK,1.3388477713992348e-05,0.5
2021-01-04,BMRI.JK,BBRI.JK,4.104751778055606e-05,0.5
2021-01-04,KLBF.JK,ASII.JK,0.00011080021874169518,0.5
2021-01-04,KLBF.JK,UNTR.JK,2.1346952076804543e-05,0.5
2021-01-04,KLBF.JK,ICBP.JK,3.479756920163445e-05,0.5
2021-01-04,KLBF.JK,AMRT.JK,6.537362609024143e-05,0.5
2021-01-04,KLBF.JK,ADRO.JK,6.354666604066387e-05,0.5
2021-01-04,KLBF.JK,TPIA.JK,1.0614493608752593e-05,0.5
2021-01-04,KLBF.JK,BBRI.JK,6.609368623957407e-05,0.5
2021-01-04,ASII.JK,UNTR.JK,2.678328935867871e-05,0.5
2021-01-04,ASII.JK,ICBP.JK,4.544269595005448e-05,0.5
2021-01-04,ASII.JK,AMRT.JK,5.381294553985991e-05,0.5
2021-01-04,ASII.JK,ADRO.JK,6.214492795356893e-05,0.5
2021-01-04,ASII.JK,TPIA.JK,1.0785554740909099e-05,0.5
2021-01-04,ASII.JK,BBRI.JK,8.188112274566385e-05,0.5
2021-01-04,UNTR.JK,ICBP.JK,2.351741929190426e-05,0.5
2021-01-04,UNTR.JK,AMRT.JK,2.2545511143433405e-05,0.5
2021-01-04,UNTR.JK,ADRO.JK,3.4889525219679594e-05,0.5
2021-01-04,UNTR.JK,TPIA.JK,8.956861094868028e-06,0.5
2021-01-04,UNTR.JK,BBRI.JK,2.351201053510768e-05,0.5
2021-01-04,ICBP.JK,AMRT.JK,3.603194154390023e-05,0.5
2021-01-04,ICBP.JK,ADRO.JK,3.97524782134043e-05,0.5
2021-01-04,ICBP.JK,TPIA.JK,1.8057713533480263e-05,0.5
2021-01-04,ICBP.JK,BBRI.JK,3.8627381889113466e-05,0.5
2021-01-04,AMRT.JK,ADRO.JK,5.7208762411842845e-05,0.5
2021-01-04,AMRT.JK,TPIA.JK,3.848753755538072e-06,0.5
2021-01-04,AMRT.JK,BBRI.JK,4.980025891825423e-05,0.5
2021-01-04,ADRO.JK,TPIA.JK,1.6039193671951316e-05,0.5
2021-01-04,ADRO.JK,BBRI.JK,5.8564331159531414e-05,0.5
2021-01-04,TPIA.JK,BBRI.JK,8.034979929103186e-07,0.5
2021-02-02,BBCA.JK,TLKM.JK,3.3544684285792786e-05,0.5
2021-02-02,BBCA.JK,SMGR.JK,8.377128862670738e-05,0.5
2021-02-02,BBCA.JK,BMRI.JK,6.250176642444414e-05,0.5
2021-02-02,BBCA.JK,KLBF.JK,9.199768468383703e-05,0.5
2021-02-02,BBCA.JK,ASII.JK,8.850539143558712e-05,0.5
2021-02-02,BBCA.JK,UNTR.JK,2.4562398703308507e-05,0.5
2021-02-02,BBCA.JK,ICBP.JK,7.203422033519725e-05,0.5
2021-02-02,BBCA.JK,AMRT.JK,6.498374181324349e-05,0.5
2021-02-02,BBCA.JK,ADRO.JK,0.00011177125332737988,0.5
2021-02-02,BBCA.JK,TPIA.JK,1.4447249401438514e-05,0.5
2021-02-02,BBCA.JK,BBRI.JK,0.0001198557363152446,0.5
2021-02-02,TLKM.JK,SMGR.JK,2.9791169496219702e-05,0.5
2021-02-02,TLKM.JK,BMRI.JK,2.2088974903130405e-05,0.5
2021-02-02,TLKM.JK,KLBF.JK,5.5568403020748156e-05,0.5
2021-02-02,TLKM.JK,ASII.JK,4.3831963940309817e-05,0.5
2021-02-02,TLKM.JK,UNTR.JK,1.2776761847767985e-05,0.5
2021-02-02,TLKM.JK,ICBP.JK,2.754416357424352e-05,0.5
2021-02-02,TLKM.JK,AMRT.JK,2.138094133041857e-05,0.5
2021-02-02,TLKM.JK,ADRO.JK,3.659042409630327e-05,0.5
2021-02-02,TLKM.JK,TPIA.JK,7.211356545429858e-06,0.5
2021-02-02,TLKM.JK,BBRI.JK,2.9913620639250838e-05,0.5
2021-02-02,SMGR.JK,BMRI.JK,7.332751466674055e-05,0.5
2021-02-02,SMGR.JK,KLBF.JK,9.562255262886883e-05,0.5
2021-02-02,SMGR.JK,ASII.JK,0.00010384723349041226,0.5
2021-02-02,SMGR.JK,UNTR.JK,2.2636935718960474e-05,0.5
2021-02-02,SMGR.JK,ICBP.JK,4.599739141017573e-05,0.5
2021-02-02,SMGR.JK,AMRT.JK,7.559791723336671e-05,0.5
2021-02-02,SMGR.JK,ADRO.JK,9.124358360837741e-05,0.5
2021-02-02,SMGR.JK,TPIA.JK,1.1327841800887494e-05,0.5
2021-02-02,SMGR.JK,BBRI.JK,7.340502412736203e-05,0.5
2021-02-02,BMRI.JK,KLBF.JK,8.538438758107392e-05,0.5
2021-02-02,BMRI.JK,ASII.JK,8.652627882086884e-05,0.5
2021-02-02,BMRI.JK,UNTR.JK,2.7018480923203257e-05,0.5
2021-02-02,BMRI.JK,ICBP.JK,6.598870098537706e-05,0.5
2021-02-02,BMRI.JK,AMRT.JK,5.957126160624575e-05,0.5
2021-02-02,BMRI.JK,ADRO.JK,6.912897704139215e-05,0.5
2021-02-02,BMRI.JK,TPIA.JK,1.8827467271135235e-05,0.5
2021-02-02,BMRI.JK,BBRI.JK,5.030207970697792e-05,0.5
2021-02-02,KLBF.JK,ASII.JK,0.00016026106045153763,0.5
2021-02-02,KLBF.JK,UNTR.JK,3.346575072037034e-05,0.5
2021-02-02,KLBF.JK,ICBP.JK,6.532703276354855e-05,0.5
2021-02-02,KLBF.JK,AMRT.JK,0.00010435776873324998,0.5
2021-02-02,KLBF.JK,ADRO.JK,0.00010534241108063872,0.5
2021-02-02,KLBF.JK,TPIA.JK,2.264356460326819e-05,0.5
2021-02-02,KLBF.JK,BBRI.JK,8.052575741906455e-05,0.5
2021-02-02,ASII.JK,UNTR.JK,3.935167020641987e-05,0.5
2021-02-02,ASII.JK,ICBP.JK,6.394665685598773e-05,0.5
2021-02-02,ASII.JK,AMRT.JK,8.467703970413538e-05,0.5
2021-02-02,ASII.JK,ADRO.JK,9.26924795216847e-05,0.5
2021-02-02,ASII.JK,TPIA.JK,1.939116256695501e-05,0.5
2021-02-02,ASII.JK,BBRI.JK,9.036872239507075e-05,0.5
2021-02-02,UNTR.JK,ICBP.JK,2.818545571998871e-05,0.5
2021-02-02,UNTR.JK,AMRT.JK,3.881132559420358e-05,0.5
2021-02-02,UNTR.JK,ADRO.JK,4.356818512707682e-05,0.5
2021-02-02,UNTR.JK,TPIA.JK,1.119507027599362e-05,0.5
2021-02-02,UNTR.JK,BBRI.JK,3.4555634402430596e-05,0.5
2021-02-02,ICBP.JK,AMRT.JK,3.801130114000616e-05,0.5
2021-02-02,ICBP.JK,ADRO.JK,6.369660829573484e-05,0.5
2021-02-02,ICBP.JK,TPIA.JK,2.2660990931307394e-05,0.5
2021-02-02,ICBP.JK,BBRI.JK,4.188558364459184e-05,0.5
2021-02-02,AMRT.JK,ADRO.JK,9.122914422645739e-05,0.5
2021-02-02,AMRT.JK,TPIA.JK,1.995578469610295e-05,0.5
2021-02-02,AMRT.JK,BBRI.JK,9.04094516354949e-05,0.5
2021-02-02,ADRO.JK,TPIA.JK,2.4821699093366335e-05,0.5
2021-02-02,ADRO.JK,BBRI.JK,8.330275015630373e-05,0.5
2021-02-02,TPIA.JK,BBRI.JK,1.2707818447013569e-05,0.5
2021-03-04,BBCA.JK,TLKM.JK,3.701908282948179e-05,0.5
2021-03-04,BBCA.JK,SMGR.JK,7.792110244062506e-05,0.5
2021-03-04,BBCA.JK,BMRI.JK,6.263187877499725e-05,0.5
2021-03-04,BBCA.JK,KLBF.JK,8.935371011764353e-05,0.5
2021-03-04,BBCA.JK,ASII.JK,8.298616588128777e-05,0.5
2021-03-04,BBCA.JK,UNTR.JK,2.596373083975675e-05,0.5
2021-03-04,BBCA.JK,ICBP.JK,7.402147288406765e-05,0.5
2021-03-04,BBCA.JK,AMRT.JK,7.402286933452732e-05,0.5
2021-03-04,BBCA.JK,ADRO.JK,0.00010899908258657665,0.5
2021-03-04,BBCA.JK,TPIA.JK,2.714665920696008e-05,0.5
2021-03-04,BBCA.JK,BBRI.JK,0.00011154053251896239,0.5
2021-03-04,TLKM.JK,SMGR.JK,1.6876176050750074e-05,0.5
2021-03-04,TLKM.JK,BMRI.JK,1.720275794062466e-05,0.5
2021-03-04,TLKM.JK,KLBF.JK,4.281372266324679e-05,0.5
2021-03-04,TLKM.JK,ASII.JK,4.461576198869317e-05,0.5
2021-03-04,TLKM.JK,UNTR.JK,7.188130137446529e-06,0.5
2021-03-04,TLKM.JK,ICBP.JK,1.0351924123856767e-05,0.5
2021-03-04,TLKM.JK,AMRT.JK,-6.136839714310907e-06,0.5
2021-03-04,TLKM.JK,ADRO.JK,3.360404454038329e-05,0.5
2021-03-04,TLKM.JK,TPIA.JK,-1.695130567912159e-05,0.5
2021-03-04,TLKM.JK,BBRI.JK,2.4656101771671842e-05,0.5
2021-03-04,SMGR.JK,BMRI.JK,7.546091546835303e-05,0.5
2021-03-04,SMGR.JK,KLBF.JK,8.690834492329797e-05,0.5
2021-03-04,SMGR.JK,ASII.JK,0.00010261648583825864,0.5
2021-03-04,SMGR.JK,UNTR.JK,2.6789177337636875e-05,0.5
2021-03-04,SMGR.JK,ICBP.JK,6.0070196409123346e-05,0.5
2021-03-04,SMGR.JK,AMRT.JK,7.797133954179235e-05,0.5
2021-03-04,SMGR.JK,ADRO.JK,9.014601837777566e-05,0.5
2021-03-04,SMGR.JK,TPIA.JK,2.216334610124689e-05,0.5
2021-03-04,SMGR.JK,BBRI.JK,6.6676866509674e-05,0.5
2021-03-04,BMRI.JK,KLBF.JK,8.89913352944902e-05,0.5
2021-03-04,BMRI.JK,ASII.JK,9.579980610948936e-05,0.5
2021-03-04,BMRI.JK,UNTR.JK,2.2877347811528278e-05,0.5
2021-03-04,BMRI.JK,ICBP.JK,7.340815712750851e-05,0.5
2021-03-04,BMRI.JK,AMRT.JK,6.710772305744173e-05,0.5
2021-03-04,BMRI.JK,ADRO.JK,6.976167080395486e-05,0.5
2021-03-04,BMRI.JK,TPIA.JK,2.4659267135346134e-05,0.5
2021-03-04,BMRI.JK,BBRI.JK,5.20635688159072e-05,0.5
2021-03-04,KLBF.JK,ASII.JK,0.00015158535174091415,0.5
2021-03-04,KLBF.JK,UNTR.JK,2.5411391664098368e-05,0.5
2021-03-04,KLBF.JK,ICBP.JK,6.692271745579185e-05,0.5
2021-03-04,KLBF.JK,AMRT.JK,9.510820952620492e-05,0.5
2021-03-04,KLBF.JK,ADRO.JK,0.0001021214628579729,0.5
2021-03-04,KLBF.JK,TPIA.JK,3.2484783241397056e-05,0.5
2021-03-04,KLBF.JK,BBRI.JK,7.310551145884815e-05,0.5
2021-03-04,ASII.JK,UNTR.JK,3.8988904519873166e-05,0.5
2021-03-04,ASII.JK,ICBP.JK,7.474621178040759e-05,0.5
2021-03-04,ASII.JK,AMRT.JK,8.933826415407236e-05,0.5
2021-03-04,ASII.JK,ADRO.JK,8.693974840650363e-05,0.5
2021-03-04,ASII.JK,TPIA.JK,3.5903282729941e-05,0.5
2021-03-04,ASII.JK,BBRI.JK,8.137438260945583e-05,0.5
2021-03-04,UNTR.JK,ICBP.JK,2.324299650175412e-05,0.5
2021-03-04,UNTR.JK,AMRT.JK,3.563918354337522e-05,0.5
2021-03-04,UNTR.JK,ADRO.JK,4.1926474234875644e-05,0.5
2021-03-04,UNTR.JK,TPIA.JK,5.21218325076014e-06,0.5
2021-03-04,UNTR.JK,BBRI.JK,3.451000659605427e-05,0.5
2021-03-04,ICBP.JK,AMRT.JK,5.392917941224371e-05,0.5
2021-03-04,ICBP.JK,ADRO.JK,6.0850574417240385e-05,0.5
2021-03-04,ICBP.JK,TPIA.JK,2.1047542503973626e-05,0.5
2021-03-04,ICBP.JK,BBRI.JK,5.115548594883502e-05,0.5
2021-03-04,AMRT.JK,ADRO.JK,9.018499837934362e-05,0.5
2021-03-04,AMRT.JK,TPIA.JK,4.0781546492721066e-05,0.5
2021-03-04,AMRT.JK,BBRI.JK,9.435856633568278e-05,0.5
2021-03-04,ADRO.JK,TPIA.JK,2.5841989313996134e-05,0.5
2021-03-04,ADRO.JK,BBRI.JK,7.971406804349405e-05,0.5
2021-03-04,TPIA.JK,BBRI.JK,4.087775672300667e-05,0.5
2021-04-06,BBCA.JK,TLKM.JK,2.2721991613795516e-05,0.5
2021-04-06,BBCA.JK,SMGR.JK,5.048751403514103e-05,0.5
2021-04-06,BBCA.JK,BMRI.JK,3.577526336123602e-05,0.5
2021-04-06,BBCA.JK,KLBF.JK,4.735205285798062e-05,0.5
2021-04-06,BBCA.JK,ASII.JK,5.574091390135406e-05,0.5
2021-04-06,BBCA.JK,UNTR.JK,1.4921920262086132e-05,0.5
2021-04-06,BBCA.JK,ICBP.JK,4.6171892859129285e-05,0.5
2021-04-06,BBCA.JK,AMRT.JK,4.7132386736673734e-05,0.5
2021-04-06,BBCA.JK,ADRO.JK,7.42918169314482e-05,0.5
2021-04-06,BBCA.JK,TPIA.JK,2.8948379352589778e-05,0.5
2021-04-06,BBCA.JK,BBRI.JK,8.325843067736808e-05,0.5
2021-04-06,TLKM.JK,SMGR.JK,8.27948727073573e-06,0.5
2021-04-06,TLKM.JK,BMRI.JK,1.83655010676073e-05,0.5
2021-04-06,TLKM.JK,KLBF.JK,4.19813554884733e-05,0.5
2021-04-06,TLKM.JK,ASII.JK,2.9290905667823728e-05,0.5
2021-04-06,TLKM.JK,UNTR.JK,4.464690641341993e-06,0.5
2021-04-06,TLKM.JK,ICBP.JK,8.806139343922778e-06,0.5
2021-04-06,TLKM.JK,AMRT.JK,-3.129160973574813e-06,0.5
2021-04-06,TLKM.JK,ADRO.JK,3.53815509083716e-05,0.5
2021-04-06,TLKM.JK,TPIA.JK,-1.814079251730028e-05,0.5
2021-04-06,TLKM.JK,BBRI.JK,1.468980707956902e-05,0.5
2021-04-06,SMGR.JK,BMRI.JK,4.6118869008583065e-05,0.5
2021-04-06,SMGR.JK,KLBF.JK,4.870131895517118e-05,0.5
2021-04-06,SMGR.JK,ASII.JK,6.242084363617702e-05,0.5
2021-04-06,SMGR.JK,UNTR.JK,1.7757638534373023e-05,0.5
2021-04-06,SMGR.JK,ICBP.JK,3.3636764645779055e-05,0.5
2021-04-06,SMGR.JK,AMRT.JK,5.2843909464481943e-05,0.5
2021-04-06,SMGR.JK,ADRO.JK,6.824990175658554e-05,0.5
2021-04-06,SMGR.JK,TPIA.JK,1.1920419382029529e-05,0.5
2021-04-06,SMGR.JK,BBRI.JK,5.1677547008208335e-05,0.5
2021-04-06,BMRI.JK,KLBF.JK,5.4514505594378525e-05,0.5
2021-04-06,BMRI.JK,ASII.JK,6.065539229569799e-05,0.5
2021-04-06,BMRI.JK,UNTR.JK,1.1587106825840159e-05,0.5
2021-04-06,BMRI.JK,ICBP.JK,4.5232903964085033e-05,0.5
2021-04-06,BMRI.JK,AMRT.JK,4.5387200094561184e-05,0.5
2021-04-06,BMRI.JK,ADRO.JK,5.321913128567659e-05,0.5
2021-04-06,BMRI.JK,TPIA.JK,1.7147732069247853e-05,0.5
2021-04-06,BMRI.JK,BBRI.JK,2.8718302508426337e-05,0.5
2021-04-06,KLBF.JK,ASII.JK,9.802449564816393e-05,0.5
2021-04-06,KLBF.JK,UNTR.JK,1.7201376596064615e-05,0.5
2021-04-06,KLBF.JK,ICBP.JK,3.268381370950719e-05,0.5
2021-04-06,KLBF.JK,AMRT.JK,6.316633890867287e-05,0.5
2021-04-06,KLBF.JK,ADRO.JK,7.427284878986299e-05,0.5
2021-04-06,KLBF.JK,TPIA.JK,1.771004164639356e-05,0.5
2021-04-06,KLBF.JK,BBRI.JK,4.897330969222712e-05,0.5
2021-04-06,ASII.JK,UNTR.JK,2.430801330688524e-05,0.5
2021-04-06,ASII.JK,ICBP.JK,4.1960932988008e-05,0.5
2021-04-06,ASII.JK,AMRT.JK,6.277207948633922e-05,0.5
2021-04-06,ASII.JK,ADRO.JK,6.43265752328754e-05,0.5
2021-04-06,ASII.JK,TPIA.JK,2.796767447906904e-05,0.5
2021-04-06,ASII.JK,BBRI.JK,5.085712167462475e-05,0.5
2021-04-06,UNTR.JK,ICBP.JK,5.398839231878805e-06,0.5
2021-04-06,UNTR.JK,AMRT.JK,2.4221965249799605e-05,0.5
2021-04-06,UNTR.JK,ADRO.JK,2.96305735351436e-05,0.5
2021-04-06,UNTR.JK,TPIA.JK,-1.4717981406347568e-06,0.5
2021-04-06,UNTR.JK,BBRI.JK,2.110038792179506e-05,0.5
2021-04-06,ICBP.JK,AMRT.JK,3.123954063588685e-05,0.5
2021-04-06,ICBP.JK,ADRO.JK,4.060626738244379e-05,0.5
2021-04-06,ICBP.JK,TPIA.JK,1.3750726864289094e-05,0.5
2021-04-06,ICBP.JK,BBRI.JK,2.1566959172449613e-05,0.5
2021-04-06,AMRT.JK,ADRO.JK,6.629686110286454e-05,0.5
2021-04-06,AMRT.JK,TPIA.JK,2.8392898567411388e-05,0.5
2021-04-06,AMRT.JK,BBRI.JK,6.266666813074414e-05,0.5
2021-04-06,ADRO.JK,TPIA.JK,2.3721055440275707e-05,0.5
2021-04-06,ADRO.JK,BBRI.JK,6.086350720874302e-05,0.5
2021-04-06,TPIA.JK,BBRI.JK,2.421790334729115e-05,0.5
2021-05-05,BBCA.JK,TLKM.JK,3.4659431798275034e-05,0.5
2021-05-05,BBCA.JK,SMGR.JK,5.181535640784443e-05,0.5
2021-05-05,BBCA.JK,BMRI.JK,4.030658378646317e-05,0.5
2021-05-05,BBCA.JK,KLBF.JK,5.6258188306771234e-05,0.5
2021-05-05,BBCA.JK,ASII.JK,5.322637988914609e-05,0.5
2021-05-05,BBCA.JK,UNTR.JK,1.465737566205062e-05,0.5
2021-05-05,BBCA.JK,ICBP.JK,4.9742209665332675e-05,0.5
2021-05-05,BBCA.JK,AMRT.JK,5.038951746798599e-05,0.5
2021-05-05,BBCA.JK,ADRO.JK,7.040502517516747e-05,0.5
2021-05-05,BBCA.JK,TPIA.JK,3.8793989598296306e-05,0.5
2021-05-05,BBCA.JK,BBRI.JK,8.74003792067002e-05,0.5
2021-05-05,TLKM.JK,SMGR.JK,1.4796671125613625e-05,0.5
2021-05-05,TLKM.JK,BMRI.JK,2.4171868627057634e-05,0.5
2021-05-05,TLKM.JK,KLBF.JK,5.3958974283337554e-05,0.5
2021-05-05,TLKM.JK,ASII.JK,3.2634521241015356e-05,0.5
2021-05-05,TLKM.JK,UNTR.JK,8.083742596159222e-06,0.5
2021-05-05,TLKM.JK,ICBP.JK,1.0424033026822565e-05,0.5
2021-05-05,TLKM.JK,AMRT.JK,2.6626438666766105e-07,0.5
2021-05-05,TLKM.JK,ADRO.JK,4.4313352989218646e-05,0.5
2021-05-05,TLKM.JK,TPIA.JK,-1.1397236770191892e-05,0.5
2021-05-05,TLKM.JK,BBRI.JK,8.968410450743043e-06,0.5
2021-05-05,SMGR.JK,BMRI.JK,5.556752748240864e-05,0.5
2021-05-05,SMGR.JK,KLBF.JK,5.4585351584464314e-05,0.5
2021-05-05,SMGR.JK,ASII.JK,5.876860068560247e-05,0.5
2021-05-05,SMGR.JK,UNTR.JK,2.3355343593993368e-05,0.5
2021-05-05,SMGR.JK,ICBP.JK,3.395483866876492e-05,0.5
2021-05-05,SMGR.JK,AMRT.JK,5.8225925263382465e-05,0.5
2021-05-05,SMGR.JK,ADRO.JK,7.316172777688634e-05,0.5
2021-05-05,SMGR.JK,TPIA.JK,1.458578195051518e-05,0.5
2021-05-05,SMGR.JK,BBRI.JK,5.227003766545191e-05,0.5
2021-05-05,BMRI.JK,KLBF.JK,6.280452817773831e-05,0.5
2021-05-05,BMRI.JK,ASII.JK,5.850367250902277e-05,0.5
2021-05-05,BMRI.JK,UNTR.JK,1.6442079612948083e-05,0.5
2021-05-05,BMRI.JK,ICBP.JK,4.576108524637868e-05,0.5
2021-05-05,BMRI.JK,AMRT.JK,5.48895266102555e-05,0.5
2021-05-05,BMRI.JK,ADRO.JK,5.089915832788384e-05,0.5
2021-05-05,BMRI.JK,TPIA.JK,1.8922849011256108e-05,0.5
2021-05-05,BMRI.JK,BBRI.JK,2.72519858036766e-05,0.5
2021-05-05,KLBF.JK,ASII.JK,0.00010001450537747095,0.5
2021-05-05,KLBF.JK,UNTR.JK,2.014942882587294e-05,0.5
2021-05-05,KLBF.JK,ICBP.JK,3.614830534707273e-05,0.5
2021-05-05,KLBF.JK,AMRT.JK,7.654473369246528e-05,0.5
2021-05-05,KLBF.JK,ADRO.JK,7.220510179512623e-05,0.5
2021-05-05,KLBF.JK,TPIA.JK,2.13547195122363e-05,0.5
2021-05-05,KLBF.JK,BBRI.JK,5.444562713888851e-05,0.5
2021-05-05,ASII.JK,UNTR.JK,2.8000871133015796e-05,0.5
2021-05-05,ASII.JK,ICBP.JK,4.227547874009589e-05,0.5
2021-05-05,ASII.JK,AMRT.JK,7.365250232153715e-05,0.5
2021-05-05,ASII.JK,ADRO.JK,6.105051748941237e-05,0.5
2021-05-05,ASII.JK,TPIA.JK,2.962441574696718e-05,0.5
2021-05-05,ASII.JK,BBRI.JK,5.81186794484994e-05,0.5
2021-05-05,UNTR.JK,ICBP.JK,6.027260742290245e-06,0.5
2021-05-05,UNTR.JK,AMRT.JK,2.8568218544421236e-05,0.5
2021-05-05,UNTR.JK,ADRO.JK,3.370377465961185e-05,0.5
2021-05-05,UNTR.JK,TPIA.JK,5.05005828246883e-08,0.5
2021-05-05,UNTR.JK,BBRI.JK,2.5440812316421356e-05,0.5
2021-05-05,ICBP.JK,AMRT.JK,3.241943280203218e-05,0.5
2021-05-05,ICBP.JK,ADRO.JK,3.9010984792510276e-05,0.5
2021-05-05,ICBP.JK,TPIA.JK,1.6266503832367872e-05,0.5
2021-05-05,ICBP.JK,BBRI.JK,2.1658919108035612e-05,0.5
2021-05-05,AMRT.JK,ADRO.JK,7.092256954079148e-05,0.5
2021-05-05,AMRT.JK,TPIA.JK,3.642807117381997e-05,0.5
2021-05-05,AMRT.JK,BBRI.JK,8.135880387741086e-05,0.5
2021-05-05,ADRO.JK,TPIA.JK,2.9942706934902956e-05,0.5
2021-05-05,ADRO.JK,BBRI.JK,6.590268744354388e-05,0.5
2021-05-05,TPIA.JK,BBRI.JK,2.4847182897406694e-05,0.5
2021-06-10,BBCA.JK,TLKM.JK,3.9334345541409396e-05,0.5
2021-06-10,BBCA.JK,SMGR.JK,4.496795793461455e-05,0.5
2021-06-10,BBCA.JK,BMRI.JK,3.427890478897695e-05,0.5
2021-06-10,BBCA.JK,KLBF.JK,4.722595230702154e-05,0.5
2021-06-10,BBCA.JK,ASII.JK,4.743852465564903e-05,0.5
2021-06-10,BBCA.JK,UNTR.JK,1.1678196313997489e-05,0.5
2021-06-10,BBCA.JK,ICBP.JK,5.0253916974676246e-05,0.5
2021-06-10,BBCA.JK,AMRT.JK,4.7512072495998295e-05,0.5
2021-06-10,BBCA.JK,ADRO.JK,4.667624778666049e-05,0.5
2021-06-10,BBCA.JK,TPIA.JK,4.3315137915410884e-05,0.5
2021-06-10,BBCA.JK,BBRI.JK,8.341352306462531e-05,0.5
2021-06-10,TLKM.JK,SMGR.JK,2.305773395788318e-05,0.5
2021-06-10,TLKM.JK,BMRI.JK,2.4144691226358e-05,0.5
2021-06-10,TLKM.JK,KLBF.JK,4.698674320444836e-05,0.5
2021-06-10,TLKM.JK,ASII.JK,3.680278970301299e-05,0.5
2021-06-10,TLKM.JK,UNTR.JK,9.334888411520242e-06,0.5
2021-06-10,TLKM.JK,ICBP.JK,8.898898710862836e-06,0.5
2021-06-10,TLKM.JK,AMRT.JK,9.115783940527894e-06,0.5
2021-06-10,TLKM.JK,ADRO.JK,5.6538710885146904e-05,0.5
2021-06-10,TLKM.JK,TPIA.JK,1.6355614257430614e-05,0.5
2021-06-10,TLKM.JK,BBRI.JK,1.838231783424564e-05,0.5
2021-06-10,SMGR.JK,BMRI.JK,4.487871682058078e-05,0.5
2021-06-10,SMGR.JK,KLBF.JK,5.399592382626551e-05,0.5
2021-06-10,SMGR.JK,ASII.JK,5.910764904535246e-05,0.5
2021-06-10,SMGR.JK,UNTR.JK,3.4118462713038154e-05,0.5
2021-06-10,SMGR.JK,ICBP.JK,3.0116683145487957e-05,0.5
2021-06-10,SMGR.JK,AMRT.JK,5.284728430051774e-05,0.5
2021-06-10,SMGR.JK,ADRO.JK,6.612240323167143e-05,0.5
2021-06-10,SMGR.JK,TPIA.JK,2.590935156552935e-05,0.5
2021-06-10,SMGR.JK,BBRI.JK,6.278181601269786e-05,0.5
2021-06-10,BMRI.JK,KLBF.JK,5.299607318942771e-05,0.5
2021-06-10,BMRI.JK,ASII.JK,5.3712250766805524e-05,0.5
2021-06-10,BMRI.JK,UNTR.JK,1.9214897867022515e-05,0.5
2021-06-10,BMRI.JK,ICBP.JK,4.553554778379048e-05,0.5
2021-06-10,BMRI.JK,AMRT.JK,4.987167877415235e-05,0.5
2021-06-10,BMRI.JK,ADRO.JK,3.6242656266145325e-05,0.5
2021-06-10,BMRI.JK,TPIA.JK,1.9955838163607558e-05,0.5
2021-06-10,BMRI.JK,BBRI.JK,3.097325567195253e-05,0.5
2021-06-10,KLBF.JK,ASII.JK,8.700802248063884e-05,0.5
2021-06-10,KLBF.JK,UNTR.JK,3.2043672802670745e-05,0.5
2021-06-10,KLBF.JK,ICBP.JK,4.079733975183759e-05,0.5
2021-06-10,KLBF.JK,AMRT.JK,5.889999044591063e-05,0.5
2021-06-10,KLBF.JK,ADRO.JK,6.204516692650253e-05,0.5
2021-06-10,KLBF.JK,TPIA.JK,2.512241995792415e-05,0.5
2021-06-10,KLBF.JK,BBRI.JK,4.8089555605219974e-05,0.5
2021-06-10,ASII.JK,UNTR.JK,3.6187135230222546e-05,0.5
2021-06-10,ASII.JK,ICBP.JK,4.8989989240916275e-05,0.5
2021-06-10,ASII.JK,AMRT.JK,7.979026699252072e-05,0.5
2021-06-10,ASII.JK,ADRO.JK,5.5924903101205975e-05,0.5
2021-06-10,ASII.JK,TPIA.JK,4.291669642084137e-05,0.5
2021-06-10,ASII.JK,BBRI.JK,5.864347557065239e-05,0.5
2021-06-10,UNTR.JK,ICBP.JK,9.520204112914005e-06,0.5
2021-06-10,UNTR.JK,AMRT.JK,3.652011134499243e-05,0.5
2021-06-10,UNTR.JK,ADRO.JK,3.339363733324699e-05,0.5
2021-06-10,UNTR.JK,TPIA.JK,3.0467662614848265e-06,0.5
2021-06-10,UNTR.JK,BBRI.JK,3.092620019793666e-05,0.5
2021-06-10,ICBP.JK,AMRT.JK,2.554150328535762e-05,0.5
2021-06-10,ICBP.JK,ADRO.JK,3.596099105374537e-05,0.5
2021-06-10,ICBP.JK,TPIA.JK,1.4357248568004894e-05,0.5
2021-06-10,ICBP.JK,BBRI.JK,2.200714795233788e-05,0.5
2021-06-10,AMRT.JK,ADRO.JK,4.731424653108243e-05,0.5
2021-06-10,AMRT.JK,TPIA.JK,4.734500422806738e-05,0.5
2021-06-10,AMRT.JK,BBRI.JK,8.146498760510014e-05,0.5
2021-06-10,ADRO.JK,TPIA.JK,3.337911843912785e-05,0.5
2021-06-10,ADRO.JK,BBRI.JK,5.99148502187342e-05,0.5
2021-06-10,TPIA.JK,BBRI.JK,2.7658017699640038e-05,0.5
2021-07-09,BBCA.JK,TLKM.JK,2.8758742966438333e-05,0.5
2021-07-09,BBCA.JK,SMGR.JK,3.512491453361616e-05,0.5
2021-07-09,BBCA.JK,BMRI.JK,2.075285225116122e-05,0.5
2021-07-09,BBCA.JK,KLBF.JK,3.542618879756032e-05,0.5
2021-07-09,BBCA.JK,ASII.JK,3.312410177038295e-05,0.5
2021-07-09,BBCA.JK,UNTR.JK,1.502960272976492e-05,0.5
2021-07-09,BBCA.JK,ICBP.JK,3.1359999398886065e-05,0.5
2021-07-09,BBCA.JK,AMRT.JK,4.8126380571518614e-05,0.5
2021-07-09,BBCA.JK,ADRO.JK,2.4070160453358795e-05,0.5
2021-07-09,BBCA.JK,TPIA.JK,2.6406646850270946e-05,0.5
2021-07-09,BBCA.JK,BBRI.JK,6.538082167615889e-05,0.5
2021-07-09,TLKM.JK,SMGR.JK,2.1707447756377915e-05,0.5
2021-07-09,TLKM.JK,BMRI.JK,1.9963900571069197e-05,0.5
2021-07-09,TLKM.JK,KLBF.JK,2.4457033348702312e-05,0.5
2021-07-09,TLKM.JK,ASII.JK,2.1116627132535585e-05,0.5
2021-07-09,TLKM.JK,UNTR.JK,1.1145498873400339e-05,0.5
2021-07-09,TLKM.JK,ICBP.JK,-1.7421701556225475e-05,0.5
2021-07-09,TLKM.JK,AMRT.JK,6.020241039050255e-06,0.5
2021-07-09,TLKM.JK,ADRO.JK,3.8607114334618574e-05,0.5
2021-07-09,TLKM.JK,TPIA.JK,8.327898987911328e-06,0.5
2021-07-09,TLKM.JK,BBRI.JK,5.2259921029048505e-06,0.5
2021-07-09,SMGR.JK,BMRI.JK,3.158835550956289e-05,0.5
2021-07-09,SMGR.JK,KLBF.JK,3.3946492593493844e-05,0.5
2021-07-09,SMGR.JK,ASII.JK,3.7520489147231325e-05,0.5
2021-07-09,SMGR.JK,UNTR.JK,2.1390203200417494e-05,0.5
2021-07-09,SMGR.JK,ICBP.JK,1.8567347517821862e-05,0.5
2021-07-09,SMGR.JK,AMRT.JK,3.535491877353934e-05,0.5
2021-07-09,SMGR.JK,ADRO.JK,3.505670035785247e-05,0.5
2021-07-09,SMGR.JK,TPIA.JK,2.2556941790601294e-05,0.5
2021-07-09,SMGR.JK,BBRI.JK,3.6312156059877824e-05,0.5
2021-07-09,BMRI.JK,KLBF.JK,3.845168740651382e-05,0.5
2021-07-09,BMRI.JK,ASII.JK,3.700952371032814e-05,0.5
2021-07-09,BMRI.JK,UNTR.JK,7.45887344961945e-06,0.5
2021-07-09,BMRI.JK,ICBP.JK,3.4688495006448365e-05,0.5
2021-07-09,BMRI.JK,AMRT.JK,3.3632925360392945e-05,0.5
2021-07-09,BMRI.JK,ADRO.JK,1.984594326114076e-05,0.5
2021-07-09,BMRI.JK,TPIA.JK,1.7374812959034377e-05,0.5
2021-07-09,BMRI.JK,BBRI.JK,1.0273590439478964e-05,0.5
2021-07-09,KLBF.JK,ASII.JK,6.318174915099343e-05,0.5
2021-07-09,KLBF.JK,UNTR.JK,2.2074297291459753e-05,0.5
2021-07-09,KLBF.JK,ICBP.JK,3.9785951003948726e-05,0.5
2021-07-09,KLBF.JK,AMRT.JK,3.814897717479097e-05,0.5
2021-07-09,KLBF.JK,ADRO.JK,3.134495287661339e-05,0.5
2021-07-09,KLBF.JK,TPIA.JK,1.1483875082155555e-05,0.5
2021-07-09,KLBF.JK,BBRI.JK,1.6744473961788122e-05,0.5
2021-07-09,ASII.JK,UNTR.JK,2.0186363243050557e-05,0.5
2021-07-09,ASII.JK,ICBP.JK,3.1183726500975626e-05,0.5
2021-07-09,ASII.JK,AMRT.JK,5.780150839450272e-05,0.5
2021-07-09,ASII.JK,ADRO.JK,2.742794122288512e-05,0.5
2021-07-09,ASII.JK,TPIA.JK,3.634379885233771e-05,0.5
2021-07-09,ASII.JK,BBRI.JK,2.9425008692589322e-05,0.5
2021-07-09,UNTR.JK,ICBP.JK,1.4079756873333706e-05,0.5
2021-07-09,UNTR.JK,AMRT.JK,2.780053905265672e-05,0.5
2021-07-09,UNTR.JK,ADRO.JK,1.3689776741835745e-05,0.5
2021-07-09,UNTR.JK,TPIA.JK,8.131519582507462e-06,0.5
2021-07-09,UNTR.JK,BBRI.JK,2.1672026737857874e-06,0.5
2021-07-09,ICBP.JK,AMRT.JK,2.2675763703598142e-05,0.5
2021-07-09,ICBP.JK,ADRO.JK,1.698115485992228e-05,0.5
2021-07-09,ICBP.JK,TPIA.JK,6.763402370667278e-06,0.5
2021-07-09,ICBP.JK,BBRI.JK,-1.4144882356014459e-06,0.5
2021-07-09,AMRT.JK,ADRO.JK,2.8246253774674682e-05,0.5
2021-07-09,AMRT.JK,TPIA.JK,3.909903968298587e-05,0.5
2021-07-09,AMRT.JK,BBRI.JK,6.297993726804816e-05,0.5
2021-07-09,ADRO.JK,TPIA.JK,2.7175062798680003e-05,0.5
2021-07-09,ADRO.JK,BBRI.JK,2.0216442413541756e-05,0.5
2021-07-09,TPIA.JK,BBRI.JK,1.2309886735877075e-05,0.5
2021-08-10,BBCA.JK,TLKM.JK,2.807943405593542e-05,0.5
2021-08-10,BBCA.JK,SMGR.JK,2.544887806853656e-05,0.5
2021-08-10,BBCA.JK,BMRI.JK,1.2569507342063652e-05,0.5
2021-08-10,BBCA.JK,KLBF.JK,1.3656706653661484e-05,0.5
2021-08-10,BBCA.JK,ASII.JK,1.730040634671864e-05,0.5
2021-08-10,BBCA.JK,UNTR.JK,1.7361665972703002e-05,0.5
2021-08-10,BBCA.JK,ICBP.JK,1.0960893233256415e-05,0.5
2021-08-10,BBCA.JK,AMRT.JK,3.400751336358152e-05,0.5
2021-08-10,BBCA.JK,ADRO.JK,1.5793581348563316e-05,0.5
2021-08-10,BBCA.JK,TPIA.JK,2.1916052869341644e-05,0.5
2021-08-10,BBCA.JK,BBRI.JK,5.671788518589234e-05,0.5
2021-08-10,TLKM.JK,SMGR.JK,1.153364956477473e-05,0.5
2021-08-10,TLKM.JK,BMRI.JK,2.124740113929058e-05,0.5
2021-08-10,TLKM.JK,KLBF.JK,8.639399827637197e-06,0.5
2021-08-10,TLKM.JK,ASII.JK,1.6267829371455602e-05,0.5
2021-08-10,TLKM.JK,UNTR.JK,1.4206521861248948e-05,0.5
2021-08-10,TLKM.JK,ICBP.JK,-2.0272562797857737e-05,0.5
2021-08-10,TLKM.JK,AMRT.JK,5.31686617994754e-06,0.5
2021-08-10,TLKM.JK,ADRO.JK,2.711383839151017e-05,0.5
2021-08-10,TLKM.JK,TPIA.JK,1.216534986743288e-05,0.5
2021-08-10,TLKM.JK,BBRI.JK,6.491450680412138e-06,0.5
2021-08-10,SMGR.JK,BMRI.JK,2.9107617995256712e-05,0.5
2021-08-10,SMGR.JK,KLBF.JK,2.556262303361427e-05,0.5
2021-08-10,SMGR.JK,ASII.JK,3.763511280063967e-05,0.5
2021-08-10,SMGR.JK,UNTR.JK,2.5031519260612276e-05,0.5
2021-08-10,SMGR.JK,ICBP.JK,1.2535002535789823e-05,0.5
2021-08-10,SMGR.JK,AMRT.JK,3.9550443842734524e-05,0.5
2021-08-10,SMGR.JK,ADRO.JK,2.888265340488454e-05,0.5
2021-08-10,SMGR.JK,TPIA.JK,1.9002441671411675e-05,0.5
2021-08-10,SMGR.JK,BBRI.JK,3.068256241283785e-05,0.5
2021-08-10,BMRI.JK,KLBF.JK,3.3928458688401177e-05,0.5
2021-08-10,BMRI.JK,ASII.JK,3.717618234491427e-05,0.5
2021-08-10,BMRI.JK,UNTR.JK,1.0141484404779892e-05,0.5
2021-08-10,BMRI.JK,ICBP.JK,1.3748069501162905e-05,0.5
2021-08-10,BMRI.JK,AMRT.JK,3.341453694360016e-05,0.5
2021-08-10,BMRI.JK,ADRO.JK,1.5176011564941321e-05,0.5
2021-08-10,BMRI.JK,TPIA.JK,1.5667367246191154e-05,0.5
2021-08-10,BMRI.JK,BBRI.JK,1.1263367036179118e-05,0.5
2021-08-10,KLBF.JK,ASII.JK,3.988287393745197e-05,0.5
2021-08-10,KLBF.JK,UNTR.JK,1.68058609710458e-05,0.5
2021-08-10,KLBF.JK,ICBP.JK,1.839509369257217e-05,0.5
2021-08-10,KLBF.JK,AMRT.JK,2.0094565278411066e-05,0.5
2021-08-10,KLBF.JK,ADRO.JK,1.0656882247668202e-05,0.5
2021-08-10,KLBF.JK,TPIA.JK,6.094756542408667e-07,0.5
2021-08-10,KLBF.JK,BBRI.JK,1.0276173708555947e-05,0.5
2021-08-10,ASII.JK,UNTR.JK,1.840466203495689e-05,0.5
2021-08-10,ASII.JK,ICBP.JK,1.3619538237295038e-05,0.5
2021-08-10,ASII.JK,AMRT.JK,4.2746220579695385e-05,0.5
2021-08-10,ASII.JK,ADRO.JK,1.3958967995272496e-05,0.5
2021-08-10,ASII.JK,TPIA.JK,2.7428960467824755e-05,0.5
2021-08-10,ASII.JK,BBRI.JK,2.4492833736949185e-05,0.5
2021-08-10,UNTR.JK,ICBP.JK,1.0001546662349664e-05,0.5
2021-08-10,UNTR.JK,AMRT.JK,2.5085714665108093e-05,0.5
2021-08-10,UNTR.JK,ADRO.JK,6.9101316003930466e-06,0.5
2021-08-10,UNTR.JK,TPIA.JK,4.092271926767879e-06,0.5
2021-08-10,UNTR.JK,BBRI.JK,7.608528316326231e-06,0.5
2021-08-10,ICBP.JK,AMRT.JK,2.9660442180463188e-05,0.5
2021-08-10,ICBP.JK,ADRO.JK,5.790567625000217e-06,0.5
2021-08-10,ICBP.JK,TPIA.JK,7.20116200343188e-07,0.5
2021-08-10,ICBP.JK,BBRI.JK,-7.078426557021539e-07,0.5
2021-08-10,AMRT.JK,ADRO.JK,1.759765151277236e-05,0.5
2021-08-10,AMRT.JK,TPIA.JK,2.1025478069529398e-05,0.5
2021-08-10,AMRT.JK,BBRI.JK,3.218839723412327e-05,0.5
2021-08-10,ADRO.JK,TPIA.JK,2.201246401538632e-05,0.5
2021-08-10,ADRO.JK,BBRI.JK,1.2421702489618602e-05,0.5
2021-08-10,TPIA.JK,BBRI.JK,1.7184467600014765e-07,0.5
2021-09-10,BBCA.JK,TLKM.JK,2.2655251026621435e-05,0.5
2021-09-10,BBCA.JK,SMGR.JK,4.269512083775732e-05,0.5
2021-09-10,BBCA.JK,BMRI.JK,1.9230000035068496e-05,0.5
2021-09-10,BBCA.JK,KLBF.JK,2.0895800553909512e-05,0.5
2021-09-10,BBCA.JK,ASII.JK,2.700951580190007e-05,0.5
2021-09-10,BBCA.JK,UNTR.JK,2.8933471198842493e-05,0.5
2021-09-10,BBCA.JK,ICBP.JK,2.3610164290103e-05,0.5
2021-09-10,BBCA.JK,AMRT.JK,4.153921772956525e-05,0.5
2021-09-10,BBCA.JK,ADRO.JK,3.0338786119529973e-05,0.5
2021-09-10,BBCA.JK,TPIA.JK,3.407906214680163e-05,0.5
2021-09-10,BBCA.JK,BBRI.JK,8.581488279583142e-05,0.5
2021-09-10,TLKM.JK,SMGR.JK,1.9154553562672663e-05,0.5
2021-09-10,TLKM.JK,BMRI.JK,2.0522506012982273e-05,0.5
2021-09-10,TLKM.JK,KLBF.JK,1.3036035279650764e-05,0.5
2021-09-10,TLKM.JK,ASII.JK,9.634614905582303e-06,0.5
2021-09-10,TLKM.JK,UNTR.JK,1.1185107495696274e-05,0.5
2021-09-10,TLKM.JK,ICBP.JK,-5.5249227360926605e-08,0.5
2021-09-10,TLKM.JK,AMRT.JK,2.1355905852498126e-05,0.5
2021-09-10,TLKM.JK,ADRO.JK,2.6182750430987602e-05,0.5
2021-09-10,TLKM.JK,TPIA.JK,4.222828640817874e-05,0.5
2021-09-10,TLKM.JK,BBRI.JK,1.1800014099479026e-05,0.5
2021-09-10,SMGR.JK,BMRI.JK,3.5862504585584914e-05,0.5
2021-09-10,SMGR.JK,KLBF.JK,3.377738026621798e-05,0.5
2021-09-10,SMGR.JK,ASII.JK,4.2557882281218176e-05,0.5
2021-09-10,SMGR.JK,UNTR.JK,3.367864797901052e-05,0.5
2021-09-10,SMGR.JK,ICBP.JK,1.5890847594870465e-05,0.5
2021-09-10,SMGR.JK,AMRT.JK,6.0247866350937774e-05,0.5
2021-09-10,SMGR.JK,ADRO.JK,3.68769330294586e-05,0.5
2021-09-10,SMGR.JK,TPIA.JK,2.8904280518888947e-05,0.5
2021-09-10,SMGR.JK,BBRI.JK,4.256507567366473e-05,0.5
2021-09-10,BMRI.JK,KLBF.JK,3.5906162497466456e-05,0.5
2021-09-10,BMRI.JK,ASII.JK,3.6673919175216795e-05,0.5
2021-09-10,BMRI.JK,UNTR.JK,1.6082854672814068e-05,0.5
2021-09-10,BMRI.JK,ICBP.JK,1.3979700065370275e-05,0.5
2021-09-10,BMRI.JK,AMRT.JK,4.123534671768685e-05,0.5
2021-09-10,BMRI.JK,ADRO.JK,1.8173374819225005e-05,0.5
2021-09-10,BMRI.JK,TPIA.JK,1.7968690323310994e-05,0.5
2021-09-10,BMRI.JK,BBRI.JK,1.278936036098023e-05,0.5
2021-09-10,KLBF.JK,ASII.JK,5.1503352505907444e-05,0.5
2021-09-10,KLBF.JK,UNTR.JK,3.2711192152410925e-05,0.5
2021-09-10,KLBF.JK,ICBP.JK,2.6885758642426953e-05,0.5
2021-09-10,KLBF.JK,AMRT.JK,3.2838781624351356e-05,0.5
2021-09-10,KLBF.JK,ADRO.JK,1.6071843310529507e-05,0.5
2021-09-10,KLBF.JK,TPIA.JK,3.8948129751093e-06,0.5
2021-09-10,KLBF.JK,BBRI.JK,9.60286541668066e-06,0.5
2021-09-10,ASII.JK,UNTR.JK,2.638835609170323e-05,0.5
2021-09-10,ASII.JK,ICBP.JK,1.2725759988758362e-05,0.5
2021-09-10,ASII.JK,AMRT.JK,5.953275796292352e-05,0.5
2021-09-10,ASII.JK,ADRO.JK,2.3437831876901998e-05,0.5
2021-09-10,ASII.JK,TPIA.JK,3.138366347855488e-05,0.5
2021-09-10,ASII.JK,BBRI.JK,3.733677912493688e-05,0.5
2021-09-10,UNTR.JK,ICBP.JK,1.9648728988297274e-05,0.5
2021-09-10,UNTR.JK,AMRT.JK,3.237796602432834e-05,0.5
2021-09-10,UNTR.JK,ADRO.JK,1.2717835223589467e-05,0.5
2021-09-10,UNTR.JK,TPIA.JK,1.6870432729705875e-05,0.5
2021-09-10,UNTR.JK,BBRI.JK,1.53713758354468e-05,0.5
2021-09-10,ICBP.JK,AMRT.JK,2.9200475690634247e-05,0.5
2021-09-10,ICBP.JK,ADRO.JK,1.0528712248732715e-05,0.5
2021-09-10,ICBP.JK,TPIA.JK,8.862023693423577e-06,0.5
2021-09-10,ICBP.JK,BBRI.JK,3.763800699597987e-06,0.5
2021-09-10,AMRT.JK,ADRO.JK,3.729064370358602e-05,0.5
2021-09-10,AMRT.JK,TPIA.JK,2.126555711217411e-05,0.5
2021-09-10,AMRT.JK,BBRI.JK,4.572128582721996e-05,0.5
2021-09-10,ADRO.JK,TPIA.JK,3.1484499876039486e-05,0.5
2021-09-10,ADRO.JK,BBRI.JK,2.4478379271793406e-05,0.5
2021-09-10,TPIA.JK,BBRI.JK,-4.49058087026593e-06,0.5
2021-10-11,BBCA.JK,TLKM.JK,8.456379382380935e-06,0.5
2021-10-11,BBCA.JK,SMGR.JK,3.379674489236831e-05,0.5
2021-10-11,BBCA.JK,BMRI.JK,1.4705839346031774e-05,0.5
2021-10-11,BBCA.JK,KLBF.JK,1.971194524836027e-05,0.5
2021-10-11,BBCA.JK,ASII.JK,2.3342175043115102e-05,0.5
2021-10-11,BBCA.JK,UNTR.JK,1.98724924745607e-05,0.5
2021-10-11,BBCA.JK,ICBP.JK,1.1523716117140601e-05,0.5
2021-10-11,BBCA.JK,AMRT.JK,1.3449177760989869e-05,0.5
2021-10-11,BBCA.JK,ADRO.JK,2.794740012248196e-05,0.5
2021-10-11,BBCA.JK,TPIA.JK,2.2288313344326564e-05,0.5
2021-10-11,BBCA.JK,BBRI.JK,9.633908528104305e-05,0.5
2021-10-11,TLKM.JK,SMGR.JK,1.8097287753359877e-05,0.5
2021-10-11,TLKM.JK,BMRI.JK,7.529528289100283e-06,0.5
2021-10-11,TLKM.JK,KLBF.JK,-9.406621860338596e-06,0.5
2021-10-11,TLKM.JK,ASII.JK,4.384942689235529e-06,0.5
2021-10-11,TLKM.JK,UNTR.JK,7.103638712340793e-06,0.5
2021-10-11,TLKM.JK,ICBP.JK,-3.7568730219114814e-06,0.5
2021-10-11,TLKM.JK,AMRT.JK,1.3674720183772432e-05,0.5
2021-10-11,TLKM.JK,ADRO.JK,1.3209960546778886e-05,0.5
2021-10-11,TLKM.JK,TPIA.JK,3.4123383204064805e-05,0.5
2021-10-11,TLKM.JK,BBRI.JK,5.370089584600146e-06,0.5
2021-10-11,SMGR.JK,BMRI.JK,3.8970491012441116e-05,0.5
2021-10-11,SMGR.JK,KLBF.JK,3.1782325973012284e-05,0.5
2021-10-11,SMGR.JK,ASII.JK,3.747266908497874e-05,0.5
2021-10-11,SMGR.JK,UNTR.JK,2.9672398615144934e-05,0.5
2021-10-11,SMGR.JK,ICBP.JK,1.997405729295305e-05,0.5
2021-10-11,SMGR.JK,AMRT.JK,5.448332882403622e-05,0.5
2021-10-11,SMGR.JK,ADRO.JK,3.786859275181213e-05,0.5
2021-10-11,SMGR.JK,TPIA.JK,2.8830966279185443e-05,0.5
2021-10-11,SMGR.JK,BBRI.JK,3.565450905493658e-05,0.5
2021-10-11,BMRI.JK,KLBF.JK,3.2761091185336185e-05,0.5
2021-10-11,BMRI.JK,ASII.JK,3.424629158208488e-05,0.5
2021-10-11,BMRI.JK,UNTR.JK,1.7719956884165787e-05,0.5
2021-10-11,BMRI.JK,ICBP.JK,1.3956711478891544e-05,0.5
2021-10-11,BMRI.JK,AMRT.JK,2.6491489319079207e-05,0.5
2021-10-11,BMRI.JK,ADRO.JK,2.038169063747173e-05,0.5
2021-10-11,BMRI.JK,TPIA.JK,1.6799467465357337e-05,0.5
2021-10-11,BMRI.JK,BBRI.JK,1.863453503126482e-05,0.5
2021-10-11,KLBF.JK,ASII.JK,4.46887438910071e-05,0.5
2021-10-11,KLBF.JK,UNTR.JK,2.370325403209608e-05,0.5
2021-10-11,KLBF.JK,ICBP.JK,2.265488737680939e-05,0.5
2021-10-11,KLBF.JK,AMRT.JK,2.3193056332811374e-05,0.5
2021-10-11,KLBF.JK,ADRO.JK,1.3169507802738837e-05,0.5
2021-10-11,KLBF.JK,TPIA.JK,1.2643602801474647e-05,0.5
2021-10-11,KLBF.JK,BBRI.JK,1.2174700809253732e-05,0.5
2021-10-11,ASII.JK,UNTR.JK,2.5414808746380464e-05,0.5
2021-10-11,ASII.JK,ICBP.JK,1.1803727784819638e-05,0.5
2021-10-11,ASII.JK,AMRT.JK,4.3614046154492425e-05,0.5
2021-10-11,ASII.JK,ADRO.JK,1.9170315373573262e-05,0.5
2021-10-11,ASII.JK,TPIA.JK,2.183058440591423e-05,0.5
2021-10-11,ASII.JK,BBRI.JK,3.986183878930752e-05,0.5
2021-10-11,UNTR.JK,ICBP.JK,1.9005504398508687e-05,0.5
2021-10-11,UNTR.JK,AMRT.JK,2.502282199136052e-05,0.5
2021-10-11,UNTR.JK,ADRO.JK,1.0851782260496212e-05,0.5
2021-10-11,UNTR.JK,TPIA.JK,1.5552230407597433e-05,0.5
2021-10-11,UNTR.JK,BBRI.JK,1.6479520036581634e-05,0.5
2021-10-11,ICBP.JK,AMRT.JK,3.0300502039986617e-05,0.5
2021-10-11,ICBP.JK,ADRO.JK,7.789878187523445e-06,0.5
2021-10-11,ICBP.JK,TPIA.JK,-4.8182542482660185e-06,0.5
2021-10-11,ICBP.JK,BBRI.JK,4.710546262495467e-06,0.5
2021-10-11,AMRT.JK,ADRO.JK,2.4662884079776175e-05,0.5
2021-10-11,AMRT.JK,TPIA.JK,1.3473604551445913e-05,0.5
2021-10-11,AMRT.JK,BBRI.JK,4.974028548814747e-05,0.5
2021-10-11,ADRO.JK,TPIA.JK,2.162538661883006e-05,0.5
2021-10-11,ADRO.JK,BBRI.JK,1.8669201297762994e-05,0.5
2021-10-11,TPIA.JK,BBRI.JK,-3.23079154165809e-06,0.5
2021-11-10,BBCA.JK,TLKM.JK,1.1677347749479695e-05,0.5
2021-11-10,BBCA.JK,SMGR.JK,3.485841382981149e-05,0.5
2021-11-10,BBCA.JK,BMRI.JK,1.3944459762418006e-05,0.5
2021-11-10,BBCA.JK,KLBF.JK,1.9463383735092242e-05,0.5
2021-11-10,BBCA.JK,ASII.JK,3.064783588324516e-05,0.5
2021-11-10,BBCA.JK,UNTR.JK,2.235395472687279e-05,0.5
2021-11-10,BBCA.JK,ICBP.JK,1.8682517036574869e-06,0.5
2021-11-10,BBCA.JK,AMRT.JK,1.4160969458580748e-06,0.5
2021-11-10,BBCA.JK,ADRO.JK,3.0284904942658227e-05,0.5
2021-11-10,BBCA.JK,TPIA.JK,2.7135252270746458e-05,0.5
2021-11-10,BBCA.JK,BBRI.JK,0.00013353408371314157,0.5
2021-11-10,TLKM.JK,SMGR.JK,1.4483643503280256e-06,0.5
2021-11-10,TLKM.JK,BMRI.JK,3.0433752127632e-06,0.5
2021-11-10,TLKM.JK,KLBF.JK,-2.099479887786202e-05,0.5
2021-11-10,TLKM.JK,ASII.JK,7.430657061321264e-06,0.5
2021-11-10,TLKM.JK,UNTR.JK,1.0097715942276504e-05,0.5
2021-11-10,TLKM.JK,ICBP.JK,6.727993546674141e-07,0.5
2021-11-10,TLKM.JK,AMRT.JK,1.5094177030845268e-05,0.5
2021-11-10,TLKM.JK,ADRO.JK,2.0540320788303452e-05,0.5
2021-11-10,TLKM.JK,TPIA.JK,3.530409404791687e-05,0.5
2021-11-10,TLKM.JK,BBRI.JK,1.7149738754648138e-05,0.5
2021-11-10,SMGR.JK,BMRI.JK,4.198758503767326e-05,0.5
2021-11-10,SMGR.JK,KLBF.JK,3.664616096717115e-05,0.5
2021-11-10,SMGR.JK,ASII.JK,4.90268697174834e-05,0.5
2021-11-10,SMGR.JK,UNTR.JK,3.14685367746838e-05,0.5
2021-11-10,SMGR.JK,ICBP.JK,1.821439233701852e-05,0.5
2021-11-10,SMGR.JK,AMRT.JK,6.327388782870997e-05,0.5
2021-11-10,SMGR.JK,ADRO.JK,3.715183982486736e-05,0.5
2021-11-10,SMGR.JK,TPIA.JK,3.0045804519756446e-05,0.5
2021-11-10,SMGR.JK,BBRI.JK,4.171116711399198e-05,0.5
2021-11-10,BMRI.JK,KLBF.JK,2.834912571280316e-05,0.5
2021-11-10,BMRI.JK,ASII.JK,3.7453067003310244e-05,0.5
2021-11-10,BMRI.JK,UNTR.JK,1.9159303477759487e-05,0.5
2021-11-10,BMRI.JK,ICBP.JK,1.359271612824607e-05,0.5
2021-11-10,BMRI.JK,AMRT.JK,3.341963288752498e-05,0.5
2021-11-10,BMRI.JK,ADRO.JK,2.3798223504901854e-05,0.5
2021-11-10,BMRI.JK,TPIA.JK,2.4203129857746425e-05,0.5
2021-11-10,BMRI.JK,BBRI.JK,2.2869971197411467e-05,0.5
2021-11-10,KLBF.JK,ASII.JK,4.9385891613225284e-05,0.5
2021-11-10,KLBF.JK,UNTR.JK,2.30949367907138e-05,0.5
2021-11-10,KLBF.JK,ICBP.JK,1.739114180073182e-05,0.5
2021-11-10,KLBF.JK,AMRT.JK,2.086614179825593e-05,0.5
2021-11-10,KLBF.JK,ADRO.JK,1.3036479727363496e-05,0.5
2021-11-10,KLBF.JK,TPIA.JK,1.1254459768525756e-05,0.5
2021-11-10,KLBF.JK,BBRI.JK,1.2872978470051024e-05,0.5
2021-11-10,ASII.JK,UNTR.JK,2.5157270763700133e-05,0.5
2021-11-10,ASII.JK,ICBP.JK,1.221918519648425e-05,0.5
2021-11-10,ASII.JK,AMRT.JK,5.3519845616675214e-05,0.5
2021-11-10,ASII.JK,ADRO.JK,2.3439735562650608e-05,0.5
2021-11-10,ASII.JK,TPIA.JK,2.4742517034493325e-05,0.5
2021-11-10,ASII.JK,BBRI.JK,4.509105584373916e-05,0.5
2021-11-10,UNTR.JK,ICBP.JK,2.2110136076480633e-05,0.5
2021-11-10,UNTR.JK,AMRT.JK,2.8413662209023142e-05,0.5
2021-11-10,UNTR.JK,ADRO.JK,9.440118031593648e-06,0.5
2021-11-10,UNTR.JK,TPIA.JK,1.9230876362881793e-05,0.5
2021-11-10,UNTR.JK,BBRI.JK,1.7649632541217176e-05,0.5
2021-11-10,ICBP.JK,AMRT.JK,4.1968689572297763e-05,0.5
2021-11-10,ICBP.JK,ADRO.JK,8.45704409544511e-06,0.5
2021-11-10,ICBP.JK,TPIA.JK,-4.661010051402891e-06,0.5
2021-11-10,ICBP.JK,BBRI.JK,1.154657990960747e-06,0.5
2021-11-10,AMRT.JK,ADRO.JK,3.342353167760511e-05,0.5
2021-11-10,AMRT.JK,TPIA.JK,1.7956005759572034e-05,0.5
2021-11-10,AMRT.JK,BBRI.JK,3.2202129619801594e-05,0.5
2021-11-10,ADRO.JK,TPIA.JK,2.3470141093424437e-05,0.5
2021-11-10,ADRO.JK,BBRI.JK,1.9142070283317903e-05,0.5
2021-11-10,TPIA.JK,BBRI.JK,-7.609707431434762e-07,0.5
2021-12-09,BBCA.JK,TLKM.JK,1.3221687186370666e-05,0.5
2021-12-09,BBCA.JK,SMGR.JK,3.714996273724762e-05,0.5
2021-12-09,BBCA.JK,BMRI.JK,1.881025375859976e-05,0.5
2021-12-09,BBCA.JK,KLBF.JK,2.0169080109558272e-05,0.5
2021-12-09,BBCA.JK,ASII.JK,3.119204632167583e-05,0.5
2021-12-09,BBCA.JK,UNTR.JK,2.299579983586943e-05,0.5
2021-12-09,BBCA.JK,ICBP.JK,5.348622720014849e-06,0.5
2021-12-09,BBCA.JK,AMRT.JK,-4.624544875531549e-06,0.5
2021-12-09,BBCA.JK,ADRO.JK,4.345066250265889e-05,0.5
2021-12-09,BBCA.JK,TPIA.JK,2.3384529474691913e-05,0.5
2021-12-09,BBCA.JK,BBRI.JK,0.0001404563248531933,0.5
2021-12-09,TLKM.JK,SMGR.JK,7.844354268075589e-07,0.5
2021-12-09,TLKM.JK,BMRI.JK,2.412136715979611e-06,0.5
2021-12-09,TLKM.JK,KLBF.JK,-2.0647058705256728e-05,0.5
2021-12-09,TLKM.JK,ASII.JK,7.0364399668451165e-06,0.5
2021-12-09,TLKM.JK,UNTR.JK,2.1579082980475093e-05,0.5
2021-12-09,TLKM.JK,ICBP.JK,1.7896931764177245e-06,0.5
2021-12-09,TLKM.JK,AMRT.JK,1.6789635053953846e-05,0.5
2021-12-09,TLKM.JK,ADRO.JK,1.6295829774608168e-05,0.5
2021-12-09,TLKM.JK,TPIA.JK,1.878552019104751e-05,0.5
2021-12-09,TLKM.JK,BBRI.JK,2.633848526343336e-05,0.5
2021-12-09,SMGR.JK,BMRI.JK,4.993206279776506e-05,0.5
2021-12-09,SMGR.JK,KLBF.JK,4.4249822005274635e-05,0.5
2021-12-09,SMGR.JK,ASII.JK,6.366156159893709e-05,0.5
2021-12-09,SMGR.JK,UNTR.JK,2.697689130123087e-05,0.5
2021-12-09,SMGR.JK,ICBP.JK,2.7866335046828905e-05,0.5
2021-12-09,SMGR.JK,AMRT.JK,5.8139754411647465e-05,0.5
2021-12-09,SMGR.JK,ADRO.JK,3.566772676154408e-05,0.5
2021-12-09,SMGR.JK,TPIA.JK,2.3949954933897996e-05,0.5
2021-12-09,SMGR.JK,BBRI.JK,5.315438027696546e-05,0.5
2021-12-09,BMRI.JK,KLBF.JK,3.0726686857648974e-05,0.5
2021-12-09,BMRI.JK,ASII.JK,3.743418600974581e-05,0.5
2021-12-09,BMRI.JK,UNTR.JK,1.8125122984843162e-05,0.5
2021-12-09,BMRI.JK,ICBP.JK,1.1841622631475736e-05,0.5
2021-12-09,BMRI.JK,AMRT.JK,3.0564489735207405e-05,0.5
2021-12-09,BMRI.JK,ADRO.JK,2.629185365243419e-05,0.5
2021-12-09,BMRI.JK,TPIA.JK,2.3741943250386942e-05,0.5
2021-12-09,BMRI.JK,BBRI.JK,3.2319106159446454e-05,0.5
2021-12-09,KLBF.JK,ASII.JK,4.847567518849179e-05,0.5
2021-12-09,KLBF.JK,UNTR.JK,2.1302089147463487e-05,0.5
2021-12-09,KLBF.JK,ICBP.JK,1.6439157416198898e-05,0.5
2021-12-09,KLBF.JK,AMRT.JK,2.1723004494454053e-05,0.5
2021-12-09,KLBF.JK,ADRO.JK,1.7058974233283705e-05,0.5
2021-12-09,KLBF.JK,TPIA.JK,7.534353685632105e-06,0.5
2021-12-09,KLBF.JK,BBRI.JK,2.3692689080365714e-05,0.5
2021-12-09,ASII.JK,UNTR.JK,2.3865442393698503e-05,0.5
2021-12-09,ASII.JK,ICBP.JK,8.850890244548481e-06,0.5
2021-12-09,ASII.JK,AMRT.JK,5.0869987332365236e-05,0.5
2021-12-09,ASII.JK,ADRO.JK,3.063616234846396e-05,0.5
2021-12-09,ASII.JK,TPIA.JK,1.059317768134558e-05,0.5
2021-12-09,ASII.JK,BBRI.JK,5.554378441124582e-05,0.5
2021-12-09,UNTR.JK,ICBP.JK,1.6999777313791822e-05,0.5
2021-12-09,UNTR.JK,AMRT.JK,2.977220879624755e-05,0.5
2021-12-09,UNTR.JK,ADRO.JK,9.147325398911232e-06,0.5
2021-12-09,UNTR.JK,TPIA.JK,1.1268997633420637e-05,0.5
2021-12-09,UNTR.JK,BBRI.JK,2.4286317779297127e-05,0.5
2021-12-09,ICBP.JK,AMRT.JK,4.162652703609019e-05,0.5
2021-12-09,ICBP.JK,ADRO.JK,8.446137047897245e-06,0.5
2021-12-09,ICBP.JK,TPIA.JK,-4.081545695465936e-06,0.5
2021-12-09,ICBP.JK,BBRI.JK,1.0749513036423077e-05,0.5
2021-12-09,AMRT.JK,ADRO.JK,3.374626574763136e-05,0.5
2021-12-09,AMRT.JK,TPIA.JK,3.570046486933772e-06,0.5
2021-12-09,AMRT.JK,BBRI.JK,2.9757608388303718e-05,0.5
2021-12-09,ADRO.JK,TPIA.JK,1.1578870551872233e-05,0.5
2021-12-09,ADRO.JK,BBRI.JK,2.5574914154431087e-05,0.5
2021-12-09,TPIA.JK,BBRI.JK,-7.1727280998446125e-06,0.5
2022-01-10,BBCA.JK,TLKM.JK,1.201134792622825e-07,0.5
2022-01-10,BBCA.JK,SMGR.JK,2.9049275660307002e-05,0.5
2022-01-10,BBCA.JK,BMRI.JK,1.4445454443472074e-05,0.5
2022-01-10,BBCA.JK,KLBF.JK,1.6888292779350868e-05,0.5
2022-01-10,BBCA.JK,ASII.JK,2.124899367128005e-05,0.5
2022-01-10,BBCA.JK,UNTR.JK,1.1156063023647058e-05,0.5
2022-01-10,BBCA.JK,ICBP.JK,3.634785258996421e-06,0.5
2022-01-10,BBCA.JK,AMRT.JK,-1.0842380476175189e-05,0.5
2022-01-10,BBCA.JK,ADRO.JK,3.320434734218529e-05,0.5
2022-01-10,BBCA.JK,TPIA.JK,1.889582688796488e-05,0.5
2022-01-10,BBCA.JK,BBRI.JK,8.521889734567175e-05,0.5
2022-01-10,TLKM.JK,SMGR.JK,-4.370039732300465e-06,0.5
2022-01-10,TLKM.JK,BMRI.JK,-3.2496881586767585e-07,0.5
2022-01-10,TLKM.JK,KLBF.JK,-5.748680261450865e-06,0.5
2022-01-10,TLKM.JK,ASII.JK,5.011060339100091e-06,0.5
2022-01-10,TLKM.JK,UNTR.JK,1.1740985966798973e-05,0.5
2022-01-10,TLKM.JK,ICBP.JK,1.4973994898559589e-05,0.5
2022-01-10,TLKM.JK,AMRT.JK,8.616553283036472e-06,0.5
2022-01-10,TLKM.JK,ADRO.JK,7.014415783082735e-06,0.5
2022-01-10,TLKM.JK,TPIA.JK,7.4879849261116405e-06,0.5
2022-01-10,TLKM.JK,BBRI.JK,8.928649155057562e-06,0.5
2022-01-10,SMGR.JK,BMRI.JK,3.1921094026082596e-05,0.5
2022-01-10,SMGR.JK,KLBF.JK,3.014571339738437e-05,0.5
2022-01-10,SMGR.JK,ASII.JK,4.5207711828218585e-05,0.5
2022-01-10,SMGR.JK,UNTR.JK,1.7454276935485624e-05,0.5
2022-01-10,SMGR.JK,ICBP.JK,2.1314814465156762e-05,0.5
2022-01-10,SMGR.JK,AMRT.JK,3.957856194097313e-05,0.5
2022-01-10,SMGR.JK,ADRO.JK,2.5241675696971185e-05,0.5
2022-01-10,SMGR.JK,TPIA.JK,1.6610628916373493e-05,0.5
2022-01-10,SMGR.JK,BBRI.JK,3.4261403289747656e-05,0.5
2022-01-10,BMRI.JK,KLBF.JK,1.870517635572204e-05,0.5
2022-01-10,BMRI.JK,ASII.JK,2.2461145145057977e-05,0.5
2022-01-10,BMRI.JK,UNTR.JK,1.3462920631178492e-05,0.5
2022-01-10,BMRI.JK,ICBP.JK,9.25731696079092e-06,0.5
2022-01-10,BMRI.JK,AMRT.JK,2.07577195509452e-05,0.5
2022-01-10,BMRI.JK,ADRO.JK,1.6579620395866036e-05,0.5
2022-01-10,BMRI.JK,TPIA.JK,1.7497485264015296e-05,0.5
2022-01-10,BMRI.JK,BBRI.JK,2.19578028624158e-05,0.5
2022-01-10,KLBF.JK,ASII.JK,2.9281763008152137e-05,0.5
2022-01-10,KLBF.JK,UNTR.JK,1.253566360996878e-05,0.5
2022-01-10,KLBF.JK,ICBP.JK,8.118891546510607e-06,0.5
2022-01-10,KLBF.JK,AMRT.JK,1.720605527817407e-05,0.5
2022-01-10,KLBF.JK,ADRO.JK,1.4533871221783065e-05,0.5
2022-01-10,KLBF.JK,TPIA.JK,1.040775035093881e-05,0.5
2022-01-10,KLBF.JK,BBRI.JK,1.5774749748037873e-05,0.5
2022-01-10,ASII.JK,UNTR.JK,1.738897140521544e-05,0.5
2022-01-10,ASII.JK,ICBP.JK,1.0692009678005908e-05,0.5
2022-01-10,ASII.JK,AMRT.JK,3.760000701349805e-05,0.5
2022-01-10,ASII.JK,ADRO.JK,2.4284624023568977e-05,0.5
2022-01-10,ASII.JK,TPIA.JK,2.941421921583907e-06,0.5
2022-01-10,ASII.JK,BBRI.JK,3.416558336729029e-05,0.5
2022-01-10,UNTR.JK,ICBP.JK,7.906459911352707e-06,0.5
2022-01-10,UNTR.JK,AMRT.JK,1.9327024309998814e-05,0.5
2022-01-10,UNTR.JK,ADRO.JK,7.58361797292804e-06,0.5
2022-01-10,UNTR.JK,TPIA.JK,4.628592943544635e-06,0.5
2022-01-10,UNTR.JK,BBRI.JK,2.0665050804887542e-05,0.5
2022-01-10,ICBP.JK,AMRT.JK,2.6535069152150666e-05,0.5
2022-01-10,ICBP.JK,ADRO.JK,1.0241972426949096e-05,0.5
2022-01-10,ICBP.JK,TPIA.JK,2.3050786042836045e-06,0.5
2022-01-10,ICBP.JK,BBRI.JK,1.664318857848062e-05,0.5
2022-01-10,AMRT.JK,ADRO.JK,2.2444902504612358e-05,0.5
2022-01-10,AMRT.JK,TPIA.JK,5.177044219983737e-06,0.5
2022-01-10,AMRT.JK,BBRI.JK,1.5869709647329595e-05,0.5
2022-01-10,ADRO.JK,TPIA.JK,2.9074100108068107e-06,0.5
2022-01-10,ADRO.JK,BBRI.JK,2.119031816227635e-05,0.5
2022-01-10,TPIA.JK,BBRI.JK,9.57228574955049e-07,0.5
2022-02-09,BBCA.JK,TLKM.JK,7.170937729311802e-07,0.5
2022-02-09,BBCA.JK,SMGR.JK,2.676489852152624e-05,0.5
2022-02-09,BBCA.JK,BMRI.JK,1.666050825825936e-05,0.5
2022-02-09,BBCA.JK,KLBF.JK,2.0152207605641926e-05,0.5
2022-02-09,BBCA.JK,ASII.JK,2.725804529707155e-05,0.5
2022-02-09,BBCA.JK,UNTR.JK,6.995705026364808e-06,0.5
2022-02-09,BBCA.JK,ICBP.JK,-1.8659506121771506e-06,0.5
2022-02-09,BBCA.JK,AMRT.JK,-1.3316260533449548e-05,0.5
2022-02-09,BBCA.JK,ADRO.JK,2.741390567928409e-05,0.5
2022-02-09,BBCA.JK,TPIA.JK,1.2191687688092041e-05,0.5
2022-02-09,BBCA.JK,BBRI.JK,8.360017200458649e-05,0.5
2022-02-09,TLKM.JK,SMGR.JK,-1.296912698942195e-06,0.5
2022-02-09,TLKM.JK,BMRI.JK,2.707315372503883e-06,0.5
2022-02-09,TLKM.JK,KLBF.JK,4.470880730555117e-06,0.5
2022-02-09,TLKM.JK,ASII.JK,1.5460536451772748e-05,0.5
2022-02-09,TLKM.JK,UNTR.JK,9.740236654738264e-06,0.5
2022-02-09,TLKM.JK,ICBP.JK,2.260507630772115e-05,0.5
2022-02-09,TLKM.JK,AMRT.JK,2.084919855533235e-05,0.5
2022-02-09,TLKM.JK,ADRO.JK,1.555643175195474e-05,0.5
2022-02-09,TLKM.JK,TPIA.JK,1.278849963041707e-05,0.5
2022-02-09,TLKM.JK,BBRI.JK,6.1481680682169265e-06,0.5
2022-02-09,SMGR.JK,BMRI.JK,3.10880044096198e-05,0.5
2022-02-09,SMGR.JK,KLBF.JK,2.8932001941714527e-05,0.5
2022-02-09,SMGR.JK,ASII.JK,4.1203832942747766e-05,0.5
2022-02-09,SMGR.JK,UNTR.JK,1.5178847548550803e-05,0.5
2022-02-09,SMGR.JK,ICBP.JK,2.0851473366054136e-05,0.5
2022-02-09,SMGR.JK,AMRT.JK,3.5079997530025705e-05,0.5
2022-02-09,SMGR.JK,ADRO.JK,2.5049620704684737e-05,0.5
2022-02-09,SMGR.JK,TPIA.JK,1.555391584595847e-05,0.5
2022-02-09,SMGR.JK,BBRI.JK,3.412654269132188e-05,0.5
2022-02-09,BMRI.JK,KLBF.JK,1.5007079516554859e-05,0.5
2022-02-09,BMRI.JK,ASII.JK,1.843756732374688e-05,0.5
2022-02-09,BMRI.JK,UNTR.JK,1.0327309817753508e-05,0.5
2022-02-09,BMRI.JK,ICBP.JK,8.838743722439244e-06,0.5
2022-02-09,BMRI.JK,AMRT.JK,1.8898893058919148e-05,0.5
2022-02-09,BMRI.JK,ADRO.JK,1.6507404023461503e-05,0.5
2022-02-09,BMRI.JK,TPIA.JK,1.5574865507342967e-05,0.5
2022-02-09,BMRI.JK,BBRI.JK,2.090462313824269e-05,0.5
2022-02-09,KLBF.JK,ASII.JK,2.420671866777112e-05,0.5
2022-02-09,KLBF.JK,UNTR.JK,1.1339751929166473e-05,0.5
2022-02-09,KLBF.JK,ICBP.JK,8.165990845995217e-06,0.5
2022-02-09,KLBF.JK,AMRT.JK,1.784008691426113e-05,0.5
2022-02-09,KLBF.JK,ADRO.JK,1.387308667783363e-05,0.5
2022-02-09,KLBF.JK,TPIA.JK,1.528595189175509e-05,0.5
2022-02-09,KLBF.JK,BBRI.JK,1.354068822606294e-05,0.5
2022-02-09,ASII.JK,UNTR.JK,1.3301346310808239e-05,0.5
2022-02-09,ASII.JK,ICBP.JK,1.1857947802683578e-05,0.5
2022-02-09,ASII.JK,AMRT.JK,3.500096443511331e-05,0.5
2022-02-09,ASII.JK,ADRO.JK,2.6436929254557318e-05,0.5
2022-02-09,ASII.JK,TPIA.JK,5.8877064373375925e-06,0.5
2022-02-09,ASII.JK,BBRI.JK,3.319789354555629e-05,0.5
2022-02-09,UNTR.JK,ICBP.JK,9.240470784265289e-06,0.5
2022-02-09,UNTR.JK,AMRT.JK,1.7948711154290514e-05,0.5
2022-02-09,UNTR.JK,ADRO.JK,1.0265853753772042e-05,0.5
2022-02-09,UNTR.JK,TPIA.JK,5.1640835473047124e-06,0.5
2022-02-09,UNTR.JK,BBRI.JK,1.7179518471205658e-05,0.5
2022-02-09,ICBP.JK,AMRT.JK,2.4273471694011676e-05,0.5
2022-02-09,ICBP.JK,ADRO.JK,8.885450858017196e-06,0.5
2022-02-09,ICBP.JK,TPIA.JK,4.174279965650479e-06,0.5
2022-02-09,ICBP.JK,BBRI.JK,1.5568928878809872e-05,0.5
2022-02-09,AMRT.JK,ADRO.JK,2.6410697444923544e-05,0.5
2022-02-09,AMRT.JK,TPIA.JK,1.3765638087541998e-05,0.5
2022-02-09,AMRT.JK,BBRI.JK,1.6491386203152376e-05,0.5
2022-02-09,ADRO.JK,TPIA.JK,2.5238950544616716e-06,0.5
2022-02-09,ADRO.JK,BBRI.JK,2.0512156138009476e-05,0.5
2022-02-09,TPIA.JK,BBRI.JK,-2.3290440754826766e-06,0.5
2022-03-14,BBCA.JK,TLKM.JK,1.262415678271535e-05,0.5
2022-03-14,BBCA.JK,SMGR.JK,2.1165989064815758e-05,0.5
2022-03-14,BBCA.JK,BMRI.JK,8.57769251766195e-06,0.5
2022-03-14,BBCA.JK,KLBF.JK,1.755879712703219e-05,0.5
2022-03-14,BBCA.JK,ASII.JK,1.5234467678390057e-05,0.5
2022-03-14,BBCA.JK,UNTR.JK,-1.3489512589530542e-05,0.5
2022-03-14,BBCA.JK,ICBP.JK,-7.274403678726878e-06,0.5
2022-03-14,BBCA.JK,AMRT.JK,-3.8142929944026124e-05,0.5
2022-03-14,BBCA.JK,ADRO.JK,2.0717853807084314e-05,0.5
2022-03-14,BBCA.JK,TPIA.JK,-1.2092791867728469e-05,0.5
2022-03-14,BBCA.JK,BBRI.JK,8.82158505593078e-05,0.5
2022-03-14,TLKM.JK,SMGR.JK,-8.501228684072384e-06,0.5
2022-03-14,TLKM.JK,BMRI.JK,4.369861063212125e-06,0.5
2022-03-14,TLKM.JK,KLBF.JK,-4.44803179972296e-07,0.5
2022-03-14,TLKM.JK,ASII.JK,1.4469812690390995e-05,0.5
2022-03-14,TLKM.JK,UNTR.JK,1.0540683063969163e-06,0.5
2022-03-14,TLKM.JK,ICBP.JK,1.512890424167401e-05,0.5
2022-03-14,TLKM.JK,AMRT.JK,2.9162859894190083e-05,0.5
2022-03-14,TLKM.JK,ADRO.JK,1.9292139299118868e-05,0.5
2022-03-14,TLKM.JK,TPIA.JK,2.6342624242327198e-05,0.5
2022-03-14,TLKM.JK,BBRI.JK,9.147496811540616e-06,0.5
2022-03-14,SMGR.JK,BMRI.JK,2.5116455025637098e-05,0.5
2022-03-14,SMGR.JK,KLBF.JK,2.15036838277183e-05,0.5
2022-03-14,SMGR.JK,ASII.JK,3.0433817879398862e-05,0.5
2022-03-14,SMGR.JK,UNTR.JK,1.2259622483730054e-05,0.5
2022-03-14,SMGR.JK,ICBP.JK,1.3732609619194079e-05,0.5
2022-03-14,SMGR.JK,AMRT.JK,2.410301927928851e-05,0.5
2022-03-14,SMGR.JK,ADRO.JK,2.227119272306301e-05,0.5
2022-03-14,SMGR.JK,TPIA.JK,7.360618728741794e-06,0.5
2022-03-14,SMGR.JK,BBRI.JK,1.8167205340535727e-05,0.5
2022-03-14,BMRI.JK,KLBF.JK,1.7120935689095915e-05,0.5
2022-03-14,BMRI.JK,ASII.JK,1.6162779022601847e-05,0.5
2022-03-14,BMRI.JK,UNTR.JK,1.2973975777569508e-05,0.5
2022-03-14,BMRI.JK,ICBP.JK,9.502533532863829e-06,0.5
2022-03-14,BMRI.JK,AMRT.JK,2.1009882972079636e-05,0.5
2022-03-14,BMRI.JK,ADRO.JK,9.213884601159652e-06,0.5
2022-03-14,BMRI.JK,TPIA.JK,2.151573613262453e-05,0.5
2022-03-14,BMRI.JK,BBRI.JK,1.786590789139613e-05,0.5
2022-03-14,KLBF.JK,ASII.JK,1.860068302699855e-05,0.5
2022-03-14,KLBF.JK,UNTR.JK,8.643656664740779e-06,0.5
2022-03-14,KLBF.JK,ICBP.JK,4.812179289776572e-06,0.5
2022-03-14,KLBF.JK,AMRT.JK,1.8070143704849664e-05,0.5
2022-03-14,KLBF.JK,ADRO.JK,1.0794999685858742e-05,0.5
2022-03-14,KLBF.JK,TPIA.JK,2.0588945430966605e-05,0.5
2022-03-14,KLBF.JK,BBRI.JK,1.728144805009535e-05,0.5
2022-03-14,ASII.JK,UNTR.JK,1.1506768767100278e-05,0.5
2022-03-14,ASII.JK,ICBP.JK,7.410596715412415e-06,0.5
2022-03-14,ASII.JK,AMRT.JK,2.4873221248790384e-05,0.5
2022-03-14,ASII.JK,ADRO.JK,1.8532536193762975e-05,0.5
2022-03-14,ASII.JK,TPIA.JK,1.1733984534831151e-05,0.5
2022-03-14,ASII.JK,BBRI.JK,2.0059191547378713e-05,0.5
2022-03-14,UNTR.JK,ICBP.JK,6.879220148096404e-06,0.5
2022-03-14,UNTR.JK,AMRT.JK,2.5642787991317206e-05,0.5
2022-03-14,UNTR.JK,ADRO.JK,5.240721924043221e-06,0.5
2022-03-14,UNTR.JK,TPIA.JK,7.749963781669972e-06,0.5
2022-03-14,UNTR.JK,BBRI.JK,3.1488052543788796e-06,0.5
2022-03-14,ICBP.JK,AMRT.JK,2.0558674028504863e-05,0.5
2022-03-14,ICBP.JK,ADRO.JK,7.611987029035933e-06,0.5
2022-03-14,ICBP.JK,TPIA.JK,3.636848065702851e-06,0.5
2022-03-14,ICBP.JK,BBRI.JK,1.1147583357971155e-05,0.5
2022-03-14,AMRT.JK,ADRO.JK,1.5787697050025515e-05,0.5
2022-03-14,AMRT.JK,TPIA.JK,2.5027221862086e-05,0.5
2022-03-14,AMRT.JK,BBRI.JK,-6.192257209221667e-06,0.5
2022-03-14,ADRO.JK,TPIA.JK,2.452444385034686e-06,0.5
2022-03-14,ADRO.JK,BBRI.JK,8.039539449506402e-06,0.5
2022-03-14,TPIA.JK,BBRI.JK,-3.5567529789397025e-06,0.5
2022-04-12,BBCA.JK,TLKM.JK,1.6290342023322805e-05,0.5
2022-04-12,BBCA.JK,SMGR.JK,2.3656193930852658e-05,0.5
2022-04-12,BBCA.JK,BMRI.JK,6.9504445125720616e-06,0.5
2022-04-12,BBCA.JK,KLBF.JK,1.085726029659244e-05,0.5
2022-04-12,BBCA.JK,ASII.JK,8.88256207563611e-06,0.5
2022-04-12,BBCA.JK,UNTR.JK,-1.1000039659962753e-05,0.5
2022-04-12,BBCA.JK,ICBP.JK,-9.344192734642352e-06,0.5
2022-04-12,BBCA.JK,AMRT.JK,-1.9113411329619974e-05,0.5
2022-04-12,BBCA.JK,ADRO.JK,1.8956042493427542e-05,0.5
2022-04-12,BBCA.JK,TPIA.JK,-1.0517275568193298e-05,0.5
2022-04-12,BBCA.JK,BBRI.JK,8.873370346992778e-05,0.5
2022-04-12,TLKM.JK,SMGR.JK,-5.934957725735796e-07,0.5
2022-04-12,TLKM.JK,BMRI.JK,6.951680101171956e-06,0.5
2022-04-12,TLKM.JK,KLBF.JK,4.412786375186347e-06,0.5
2022-04-12,TLKM.JK,ASII.JK,1.8521814632835006e-05,0.5
2022-04-12,TLKM.JK,UNTR.JK,-4.389515282213135e-06,0.5
2022-04-12,TLKM.JK,ICBP.JK,1.2504079307214937e-05,0.5
2022-04-12,TLKM.JK,AMRT.JK,2.6223247097671676e-05,0.5
2022-04-12,TLKM.JK,ADRO.JK,1.3437238342234902e-05,0.5
2022-04-12,TLKM.JK,TPIA.JK,3.3412533119198396e-05,0.5
2022-04-12,TLKM.JK,BBRI.JK,1.5502599149473075e-05,0.5
2022-04-12,SMGR.JK,BMRI.JK,1.5323861806840957e-05,0.5
2022-04-12,SMGR.JK,KLBF.JK,1.6870987489082793e-05,0.5
2022-04-12,SMGR.JK,ASII.JK,2.5230883496083707e-05,0.5
2022-04-12,SMGR.JK,UNTR.JK,1.1458200238440879e-05,0.5
2022-04-12,SMGR.JK,ICBP.JK,9.68996428300308e-06,0.5
2022-04-12,SMGR.JK,AMRT.JK,2.443249913519802e-05,0.5
2022-04-12,SMGR.JK,ADRO.JK,1.4702765555928513e-05,0.5
2022-04-12,SMGR.JK,TPIA.JK,9.86569453340505e-07,0.5
2022-04-12,SMGR.JK,BBRI.JK,1.6607011323376222e-05,0.5
2022-04-12,BMRI.JK,KLBF.JK,1.4023195339834707e-05,0.5
2022-04-12,BMRI.JK,ASII.JK,1.0133753706111004e-05,0.5
2022-04-12,BMRI.JK,UNTR.JK,1.0112680298756036e-05,0.5
2022-04-12,BMRI.JK,ICBP.JK,6.12544981406715e-06,0.5
2022-04-12,BMRI.JK,AMRT.JK,2.3058805475995027e-05,0.5
2022-04-12,BMRI.JK,ADRO.JK,5.1102796416221094e-06,0.5
2022-04-12,BMRI.JK,TPIA.JK,1.8594477171121645e-05,0.5
2022-04-12,BMRI.JK,BBRI.JK,1.2470932677777454e-05,0.5
2022-04-12,KLBF.JK,ASII.JK,1.6205640605215607e-05,0.5
2022-04-12,KLBF.JK,UNTR.JK,8.625522764008063e-06,0.5
2022-04-12,KLBF.JK,ICBP.JK,6.630432833843633e-06,0.5
2022-04-12,KLBF.JK,AMRT.JK,2.014755442250191e-05,0.5
2022-04-12,KLBF.JK,ADRO.JK,9.553840322740493e-06,0.5
2022-04-12,KLBF.JK,TPIA.JK,1.8199233560981983e-05,0.5
2022-04-12,KLBF.JK,BBRI.JK,9.534173081320063e-06,0.5
2022-04-12,ASII.JK,UNTR.JK,1.076972634730824e-05,0.5
2022-04-12,ASII.JK,ICBP.JK,8.490005894039436e-06,0.5
2022-04-12,ASII.JK,AMRT.JK,2.2539993188508106e-05,0.5
2022-04-12,ASII.JK,ADRO.JK,1.7902305930355402e-05,0.5
2022-04-12,ASII.JK,TPIA.JK,9.801911917477391e-06,0.5
2022-04-12,ASII.JK,BBRI.JK,1.3406536428086509e-05,0.5
2022-04-12,UNTR.JK,ICBP.JK,9.46969144592693e-06,0.5
2022-04-12,UNTR.JK,AMRT.JK,3.0301873959362362e-05,0.5
2022-04-12,UNTR.JK,ADRO.JK,7.421742716519173e-06,0.5
2022-04-12,UNTR.JK,TPIA.JK,1.1503183252328156e-05,0.5
2022-04-12,UNTR.JK,BBRI.JK,1.8034178174347063e-06,0.5
2022-04-12,ICBP.JK,AMRT.JK,1.6287606457839502e-05,0.5
2022-04-12,ICBP.JK,ADRO.JK,5.083702284792972e-06,0.5
2022-04-12,ICBP.JK,TPIA.JK,4.326105710761919e-06,0.5
2022-04-12,ICBP.JK,BBRI.JK,1.3237524458291119e-05,0.5
2022-04-12,AMRT.JK,ADRO.JK,1.929750331029603e-05,0.5
2022-04-12,AMRT.JK,TPIA.JK,2.7350160046934328e-05,0.5
2022-04-12,AMRT.JK,BBRI.JK,-5.685361488504942e-06,0.5
2022-04-12,ADRO.JK,TPIA.JK,1.0847248415241243e-06,0.5
2022-04-12,ADRO.JK,BBRI.JK,8.287860110806898e-06,0.5
2022-04-12,TPIA.JK,BBRI.JK,-4.286173417380024e-06,0.5
2022-05-23,BBCA.JK,TLKM.JK,2.0168223207920446e-05,0.5
2022-05-23,BBCA.JK,SMGR.JK,3.283790424645251e-05,0.5
2022-05-23,BBCA.JK,BMRI.JK,1.2787165510182135e-05,0.5
2022-05-23,BBCA.JK,KLBF.JK,1.6584481730999088e-05,0.5
2022-05-23,BBCA.JK,ASII.JK,2.3776360722672334e-05,0.5
2022-05-23,BBCA.JK,UNTR.JK,-1.4604470684235719e-05,0.5
2022-05-23,BBCA.JK,ICBP.JK,7.970844802798407e-06,0.5
2022-05-23,BBCA.JK,AMRT.JK,-4.672967493615884e-06,0.5
2022-05-23,BBCA.JK,ADRO.JK,2.1163112530972117e-05,0.5
2022-05-23,BBCA.JK,TPIA.JK,-1.9291367794423473e-05,0.5
2022-05-23,BBCA.JK,BBRI.JK,7.946502156289791e-05,0.5
2022-05-23,TLKM.JK,SMGR.JK,1.572447655375815e-05,0.5
2022-05-23,TLKM.JK,BMRI.JK,2.102893114734352e-05,0.5
2022-05-23,TLKM.JK,KLBF.JK,1.9834598416527377e-05,0.5
2022-05-23,TLKM.JK,ASII.JK,2.3830890604275495e-05,0.5
2022-05-23,TLKM.JK,UNTR.JK,-9.922912196291738e-06,0.5
2022-05-23,TLKM.JK,ICBP.JK,9.06019004111626e-06,0.5
2022-05-23,TLKM.JK,AMRT.JK,3.566890899231202e-05,0.5
2022-05-23,TLKM.JK,ADRO.JK,4.70044563005901e-06,0.5
2022-05-23,TLKM.JK,TPIA.JK,2.8711104815432873e-05,0.5
2022-05-23,TLKM.JK,BBRI.JK,1.4102608476682666e-05,0.5
2022-05-23,SMGR.JK,BMRI.JK,1.8827606023707848e-05,0.5
2022-05-23,SMGR.JK,KLBF.JK,1.751214145088757e-05,0.5
2022-05-23,SMGR.JK,ASII.JK,3.4365550687881736e-05,0.5
2022-05-23,SMGR.JK,UNTR.JK,1.5636463370679846e-05,0.5
2022-05-23,SMGR.JK,ICBP.JK,2.1131563771969563e-05,0.5
2022-05-23,SMGR.JK,AMRT.JK,2.7268100954133867e-05,0.5
2022-05-23,SMGR.JK,ADRO.JK,1.9197223635406152e-05,0.5
2022-05-23,SMGR.JK,TPIA.JK,2.185813957357376e-06,0.5
2022-05-23,SMGR.JK,BBRI.JK,2.7982599193590016e-05,0.5
2022-05-23,BMRI.JK,KLBF.JK,2.6925241858301816e-05,0.5
2022-05-23,BMRI.JK,ASII.JK,2.14690144587273e-05,0.5
2022-05-23,BMRI.JK,UNTR.JK,1.6499313941043916e-05,0.5
2022-05-23,BMRI.JK,ICBP.JK,2.0516704470334347e-05,0.5
2022-05-23,BMRI.JK,AMRT.JK,3.1903590543143326e-05,0.5
2022-05-23,BMRI.JK,ADRO.JK,1.4827600378164377e-05,0.5
2022-05-23,BMRI.JK,TPIA.JK,1.4171757099061036e-05,0.5
2022-05-23,BMRI.JK,BBRI.JK,1.8609780550468038e-05,0.5
2022-05-23,KLBF.JK,ASII.JK,2.9984202275287956e-05,0.5
2022-05-23,KLBF.JK,UNTR.JK,1.3681359704157053e-05,0.5
2022-05-23,KLBF.JK,ICBP.JK,2.0126983542604118e-05,0.5
2022-05-23,KLBF.JK,AMRT.JK,2.6443878915629693e-05,0.5
2022-05-23,KLBF.JK,ADRO.JK,1.69446272211209e-05,0.5
2022-05-23,KLBF.JK,TPIA.JK,1.990536446480935e-05,0.5
2022-05-23,KLBF.JK,BBRI.JK,1.1596769870447232e-05,0.5
2022-05-23,ASII.JK,UNTR.JK,1.3685248960016135e-05,0.5
2022-05-23,ASII.JK,ICBP.JK,1.9701711370344192e-05,0.5
2022-05-23,ASII.JK,AMRT.JK,2.321278361067788e-05,0.5
2022-05-23,ASII.JK,ADRO.JK,1.8450862692405476e-05,0.5
2022-05-23,ASII.JK,TPIA.JK,5.896368921468533e-06,0.5
2022-05-23,ASII.JK,BBRI.JK,2.277256845201505e-05,0.5
2022-05-23,UNTR.JK,ICBP.JK,2.3475465306487146e-05,0.5
2022-05-23,UNTR.JK,AMRT.JK,4.055937007436193e-05,0.5
2022-05-23,UNTR.JK,ADRO.JK,1.3711935126146668e-05,0.5
2022-05-23,UNTR.JK,TPIA.JK,1.1835434854467855e-05,0.5
2022-05-23,UNTR.JK,BBRI.JK,8.358541399601805e-06,0.5
2022-05-23,ICBP.JK,AMRT.JK,2.435636275934129e-05,0.5
2022-05-23,ICBP.JK,ADRO.JK,1.2787299778932661e-05,0.5
2022-05-23,ICBP.JK,TPIA.JK,3.93154105682977e-06,0.5
2022-05-23,ICBP.JK,BBRI.JK,2.4960805198027603e-05,0.5
2022-05-23,AMRT.JK,ADRO.JK,2.098834089745217e-05,0.5
2022-05-23,AMRT.JK,TPIA.JK,2.5395999107357848e-05,0.5
2022-05-23,AMRT.JK,BBRI.JK,1.4396281757113088e-05,0.5
2022-05-23,ADRO.JK,TPIA.JK,1.7230774328946264e-06,0.5
2022-05-23,ADRO.JK,BBRI.JK,1.292986288704844e-05,0.5
2022-05-23,TPIA.JK,BBRI.JK,-1.0339037963889618e-05,0.5
2022-06-23,BBCA.JK,TLKM.JK,4.4654421016493244e-05,0.5
2022-06-23,BBCA.JK,SMGR.JK,4.4569180394910354e-05,0.5
2022-06-23,BBCA.JK,BMRI.JK,1.8205747375161324e-05,0.5
2022-06-23,BBCA.JK,KLBF.JK,3.422844519041463e-05,0.5
2022-06-23,BBCA.JK,ASII.JK,3.834139939619038e-05,0.5
2022-06-23,BBCA.JK,UNTR.JK,-1.450424745271845e-05,0.5
2022-06-23,BBCA.JK,ICBP.JK,6.422351196500358e-06,0.5
2022-06-23,BBCA.JK,AMRT.JK,-5.982837759647566e-06,0.5
2022-06-23,BBCA.JK,ADRO.JK,1.7803345051231184e-05,0.5
2022-06-23,BBCA.JK,TPIA.JK,-2.440783351030777e-05,0.5
2022-06-23,BBCA.JK,BBRI.JK,0.00012108066540388896,0.5
2022-06-23,TLKM.JK,SMGR.JK,1.3677802428580008e-05,0.5
2022-06-23,TLKM.JK,BMRI.JK,2.476111634550502e-05,0.5
2022-06-23,TLKM.JK,KLBF.JK,1.9132819843050344e-05,0.5
2022-06-23,TLKM.JK,ASII.JK,2.6039649346780897e-05,0.5
2022-06-23,TLKM.JK,UNTR.JK,-1.997646713353539e-05,0.5
2022-06-23,TLKM.JK,ICBP.JK,2.360837852864702e-05,0.5
2022-06-23,TLKM.JK,AMRT.JK,3.375565708793758e-05,0.5
2022-06-23,TLKM.JK,ADRO.JK,-5.672247568808764e-07,0.5
2022-06-23,TLKM.JK,TPIA.JK,2.3020154823984247e-05,0.5
2022-06-23,TLKM.JK,BBRI.JK,2.3608194156644875e-05,0.5
2022-06-23,SMGR.JK,BMRI.JK,2.14180431579992e-05,0.5
2022-06-23,SMGR.JK,KLBF.JK,1.687834387912242e-05,0.5
2022-06-23,SMGR.JK,ASII.JK,3.26735973555235e-05,0.5
2022-06-23,SMGR.JK,UNTR.JK,2.024576388765989e-05,0.5
2022-06-23,SMGR.JK,ICBP.JK,1.756916160370864e-05,0.5
2022-06-23,SMGR.JK,AMRT.JK,2.8276461917712916e-05,0.5
2022-06-23,SMGR.JK,ADRO.JK,2.1776086931625557e-05,0.5
2022-06-23,SMGR.JK,TPIA.JK,-3.6014800185600403e-06,0.5
2022-06-23,SMGR.JK,BBRI.JK,2.3175393012850936e-05,0.5
2022-06-23,BMRI.JK,KLBF.JK,3.605971725383125e-05,0.5
2022-06-23,BMRI.JK,ASII.JK,3.105966627901004e-05,0.5
2022-06-23,BMRI.JK,UNTR.JK,2.4481758725431364e-05,0.5
2022-06-23,BMRI.JK,ICBP.JK,2.847845030007737e-05,0.5
2022-06-23,BMRI.JK,AMRT.JK,4.18729076432577e-05,0.5
2022-06-23,BMRI.JK,ADRO.JK,1.7287715703043087e-05,0.5
2022-06-23,BMRI.JK,TPIA.JK,1.4288877036357995e-05,0.5
2022-06-23,BMRI.JK,BBRI.JK,2.1101428976190914e-05,0.5
2022-06-23,KLBF.JK,ASII.JK,4.366801050972688e-05,0.5
2022-06-23,KLBF.JK,UNTR.JK,2.1338754356000156e-05,0.5
2022-06-23,KLBF.JK,ICBP.JK,2.5472167769167546e-05,0.5
2022-06-23,KLBF.JK,AMRT.JK,3.538258810916687e-05,0.5
2022-06-23,KLBF.JK,ADRO.JK,1.8649311058408076e-05,0.5
2022-06-23,KLBF.JK,TPIA.JK,2.3769869083694546e-05,0.5
2022-06-23,KLBF.JK,BBRI.JK,1.0867629720536623e-05,0.5
2022-06-23,ASII.JK,UNTR.JK,1.8435296882103356e-05,0.5
2022-06-23,ASII.JK,ICBP.JK,2.4760173018560325e-05,0.5
2022-06-23,ASII.JK,AMRT.JK,3.250627352539931e-05,0.5
2022-06-23,ASII.JK,ADRO.JK,1.1234569334294105e-05,0.5
2022-06-23,ASII.JK,TPIA.JK,6.710148664624309e-06,0.5
2022-06-23,ASII.JK,BBRI.JK,2.2942327268299014e-05,0.5
2022-06-23,UNTR.JK,ICBP.JK,2.778292940669007e-05,0.5
2022-06-23,UNTR.JK,AMRT.JK,4.737113856505523e-05,0.5
2022-06-23,UNTR.JK,ADRO.JK,1.3229212946226092e-05,0.5
2022-06-23,UNTR.JK,TPIA.JK,1.5762195497292738e-05,0.5
2022-06-23,UNTR.JK,BBRI.JK,5.991315194460698e-06,0.5
2022-06-23,ICBP.JK,AMRT.JK,3.2973883870367315e-05,0.5
2022-06-23,ICBP.JK,ADRO.JK,1.753925852386274e-05,0.5
2022-06-23,ICBP.JK,TPIA.JK,2.200582030253772e-06,0.5
2022-06-23,ICBP.JK,BBRI.JK,2.222813406180644e-05,0.5
2022-06-23,AMRT.JK,ADRO.JK,1.7567046988446225e-05,0.5
2022-06-23,AMRT.JK,TPIA.JK,3.169455705936413e-05,0.5
2022-06-23,AMRT.JK,BBRI.JK,1.8589096657143536e-05,0.5
2022-06-23,ADRO.JK,TPIA.JK,4.011647960181351e-06,0.5
2022-06-23,ADRO.JK,BBRI.JK,9.852968534375335e-06,0.5
2022-06-23,TPIA.JK,BBRI.JK,-1.3370364805514377e-05,0.5
2022-07-22,BBCA.JK,TLKM.JK,5.427314512028862e-05,0.5
2022-07-22,BBCA.JK,SMGR.JK,5.495262667820585e-05,0.5
2022-07-22,BBCA.JK,BMRI.JK,2.270462538710425e-05,0.5
2022-07-22,BBCA.JK,KLBF.JK,3.8570631894476934e-05,0.5
2022-07-22,BBCA.JK,ASII.JK,5.719165889421237e-05,0.5
2022-07-22,BBCA.JK,UNTR.JK,-2.0083839570588907e-05,0.5
2022-07-22,BBCA.JK,ICBP.JK,1.211320649014484e-05,0.5
2022-07-22,BBCA.JK,AMRT.JK,-6.098139108926957e-07,0.5
2022-07-22,BBCA.JK,ADRO.JK,1.4588927711075764e-06,0.5
2022-07-22,BBCA.JK,TPIA.JK,-1.6106524515178054e-05,0.5
2022-07-22,BBCA.JK,BBRI.JK,0.000158464210683131,0.5
2022-07-22,TLKM.JK,SMGR.JK,2.105527640480496e-05,0.5
2022-07-22,TLKM.JK,BMRI.JK,3.869993679215285e-05,0.5
2022-07-22,TLKM.JK,KLBF.JK,2.0692298130924605e-05,0.5
2022-07-22,TLKM.JK,ASII.JK,3.672610699697609e-05,0.5
2022-07-22,TLKM.JK,UNTR.JK,-1.753382265937338e-05,0.5
2022-07-22,TLKM.JK,ICBP.JK,3.8424215161644025e-05,0.5
2022-07-22,TLKM.JK,AMRT.JK,4.21229257064401e-05,0.5
2022-07-22,TLKM.JK,ADRO.JK,-4.350479584648367e-06,0.5
2022-07-22,TLKM.JK,TPIA.JK,2.216557484016316e-05,0.5
2022-07-22,TLKM.JK,BBRI.JK,3.039565916363453e-05,0.5
2022-07-22,SMGR.JK,BMRI.JK,2.863167271328379e-05,0.5
2022-07-22,SMGR.JK,KLBF.JK,2.2385096431082412e-05,0.5
2022-07-22,SMGR.JK,ASII.JK,4.122835274579258e-05,0.5
2022-07-22,SMGR.JK,UNTR.JK,1.7445445168312938e-05,0.5
2022-07-22,SMGR.JK,ICBP.JK,2.3347036687053367e-05,0.5
2022-07-22,SMGR.JK,AMRT.JK,2.5797507912201752e-05,0.5
2022-07-22,SMGR.JK,ADRO.JK,2.1080430793727586e-05,0.5
2022-07-22,SMGR.JK,TPIA.JK,8.057684254278721e-07,0.5
2022-07-22,SMGR.JK,BBRI.JK,3.532367218986164e-05,0.5
2022-07-22,BMRI.JK,KLBF.JK,4.821951648263569e-05,0.5
2022-07-22,BMRI.JK,ASII.JK,4.648786031162777e-05,0.5
2022-07-22,BMRI.JK,UNTR.JK,2.647863796205941e-05,0.5
2022-07-22,BMRI.JK,ICBP.JK,3.5958953963201324e-05,0.5
2022-07-22,BMRI.JK,AMRT.JK,4.917647820932785e-05,0.5
2022-07-22,BMRI.JK,ADRO.JK,2.097435266758955e-05,0.5
2022-07-22,BMRI.JK,TPIA.JK,1.2307417497864198e-05,0.5
2022-07-22,BMRI.JK,BBRI.JK,2.382893158764353e-05,0.5
2022-07-22,KLBF.JK,ASII.JK,5.9786231126832774e-05,0.5
2022-07-22,KLBF.JK,UNTR.JK,2.2541171471296214e-05,0.5
2022-07-22,KLBF.JK,ICBP.JK,2.91819902063873e-05,0.5
2022-07-22,KLBF.JK,AMRT.JK,3.883670497198199e-05,0.5
2022-07-22,KLBF.JK,ADRO.JK,2.3113851660429554e-05,0.5
2022-07-22,KLBF.JK,TPIA.JK,2.8907462925278127e-05,0.5
2022-07-22,KLBF.JK,BBRI.JK,2.3840505358034122e-05,0.5
2022-07-22,ASII.JK,UNTR.JK,2.084297276865282e-05,0.5
2022-07-22,ASII.JK,ICBP.JK,3.3175031656018945e-05,0.5
2022-07-22,ASII.JK,AMRT.JK,3.9049403834840214e-05,0.5
2022-07-22,ASII.JK,ADRO.JK,1.044891854506248e-05,0.5
2022-07-22,ASII.JK,TPIA.JK,1.3141172647392966e-05,0.5
2022-07-22,ASII.JK,BBRI.JK,4.0910588638111154e-05,0.5
2022-07-22,UNTR.JK,ICBP.JK,2.8703840901403793e-05,0.5
2022-07-22,UNTR.JK,AMRT.JK,5.3579375869931306e-05,0.5
2022-07-22,UNTR.JK,ADRO.JK,1.6770197600775105e-05,0.5
2022-07-22,UNTR.JK,TPIA.JK,1.7706386125612562e-05,0.5
2022-07-22,UNTR.JK,BBRI.JK,3.3028616809411867e-06,0.5
2022-07-22,ICBP.JK,AMRT.JK,3.777639133242996e-05,0.5
2022-07-22,ICBP.JK,ADRO.JK,2.1386581667223164e-05,0.5
2022-07-22,ICBP.JK,TPIA.JK,-6.280788461178766e-07,0.5
2022-07-22,ICBP.JK,BBRI.JK,3.395501200493029e-05,0.5
2022-07-22,AMRT.JK,ADRO.JK,1.984219714378913e-05,0.5
2022-07-22,AMRT.JK,TPIA.JK,3.4530470744655906e-05,0.5
2022-07-22,AMRT.JK,BBRI.JK,2.3825888421580318e-05,0.5
2022-07-22,ADRO.JK,TPIA.JK,8.417274360785463e-06,0.5
2022-07-22,ADRO.JK,BBRI.JK,1.7405401755266502e-06,0.5
2022-07-22,TPIA.JK,BBRI.JK,-9.092655198002957e-07,0.5
2022-08-23,BBCA.JK,TLKM.JK,4.7222069235479135e-05,0.5
2022-08-23,BBCA.JK,SMGR.JK,5.511281871809049e-05,0.5
2022-08-23,BBCA.JK,BMRI.JK,1.5381304647893552e-05,0.5
2022-08-23,BBCA.JK,KLBF.JK,3.469237682505506e-05,0.5
2022-08-23,BBCA.JK,ASII.JK,4.896463844333703e-05,0.5
2022-08-23,BBCA.JK,UNTR.JK,-2.3624685373225204e-05,0.5
2022-08-23,BBCA.JK,ICBP.JK,1.0404128088859525e-05,0.5
2022-08-23,BBCA.JK,AMRT.JK,-8.1113632581345e-06,0.5
2022-08-23,BBCA.JK,ADRO.JK,2.301813308005745e-06,0.5
2022-08-23,BBCA.JK,TPIA.JK,-1.3202923368475365e-05,0.5
2022-08-23,BBCA.JK,BBRI.JK,0.00015385183930172983,0.5
2022-08-23,TLKM.JK,SMGR.JK,1.886265719755625e-05,0.5
2022-08-23,TLKM.JK,BMRI.JK,2.6373879715371014e-05,0.5
2022-08-23,TLKM.JK,KLBF.JK,1.3158342570377239e-05,0.5
2022-08-23,TLKM.JK,ASII.JK,2.640749417713068e-05,0.5
2022-08-23,TLKM.JK,UNTR.JK,-1.9539628332256468e-05,0.5
2022-08-23,TLKM.JK,ICBP.JK,3.325427104291691e-05,0.5
2022-08-23,TLKM.JK,AMRT.JK,2.087639119456813e-05,0.5
2022-08-23,TLKM.JK,ADRO.JK,-7.914660290251975e-06,0.5
2022-08-23,TLKM.JK,TPIA.JK,1.1595330470211004e-05,0.5
2022-08-23,TLKM.JK,BBRI.JK,3.069769229295376e-05,0.5
2022-08-23,SMGR.JK,BMRI.JK,2.8107505520118e-05,0.5
2022-08-23,SMGR.JK,KLBF.JK,2.0515943029995594e-05,0.5
2022-08-23,SMGR.JK,ASII.JK,4.125043126243798e-05,0.5
2022-08-23,SMGR.JK,UNTR.JK,1.4254763763474568e-05,0.5
2022-08-23,SMGR.JK,ICBP.JK,1.9428202138687483e-05,0.5
2022-08-23,SMGR.JK,AMRT.JK,2.4539832509266036e-05,0.5
2022-08-23,SMGR.JK,ADRO.JK,2.0959864256136726e-05,0.5
2022-08-23,SMGR.JK,TPIA.JK,2.0315620967690105e-06,0.5
2022-08-23,SMGR.JK,BBRI.JK,3.42338808764218e-05,0.5
2022-08-23,BMRI.JK,KLBF.JK,4.491293716884194e-05,0.5
2022-08-23,BMRI.JK,ASII.JK,4.243176899677908e-05,0.5
2022-08-23,BMRI.JK,UNTR.JK,2.798651616242041e-05,0.5
2022-08-23,BMRI.JK,ICBP.JK,3.0490209710968474e-05,0.5
2022-08-23,BMRI.JK,AMRT.JK,4.477052999839434e-05,0.5
2022-08-23,BMRI.JK,ADRO.JK,2.1693271046248072e-05,0.5
2022-08-23,BMRI.JK,TPIA.JK,8.919387285821176e-06,0.5
2022-08-23,BMRI.JK,BBRI.JK,1.682149013040011e-05,0.5
2022-08-23,KLBF.JK,ASII.JK,5.559613489240417e-05,0.5
2022-08-23,KLBF.JK,UNTR.JK,2.195925487202994e-05,0.5
2022-08-23,KLBF.JK,ICBP.JK,2.6029804147056324e-05,0.5
2022-08-23,KLBF.JK,AMRT.JK,3.1394705958848465e-05,0.5
2022-08-23,KLBF.JK,ADRO.JK,2.1627672335051187e-05,0.5
2022-08-23,KLBF.JK,TPIA.JK,2.074619414447203e-05,0.5
2022-08-23,KLBF.JK,BBRI.JK,2.123114069362685e-05,0.5
2022-08-23,ASII.JK,UNTR.JK,2.0130870005627174e-05,0.5
2022-08-23,ASII.JK,ICBP.JK,3.273920380573014e-05,0.5
2022-08-23,ASII.JK,AMRT.JK,3.828631257531974e-05,0.5
2022-08-23,ASII.JK,ADRO.JK,8.242035063396705e-06,0.5
2022-08-23,ASII.JK,TPIA.JK,9.769176910403906e-06,0.5
2022-08-23,ASII.JK,BBRI.JK,4.2091171712316696e-05,0.5
2022-08-23,UNTR.JK,ICBP.JK,2.4925058877416535e-05,0.5
2022-08-23,UNTR.JK,AMRT.JK,4.869409877895182e-05,0.5
2022-08-23,UNTR.JK,ADRO.JK,1.687957221399847e-05,0.5
2022-08-23,UNTR.JK,TPIA.JK,1.7030970474044748e-05,0.5
2022-08-23,UNTR.JK,BBRI.JK,1.1271650762232969e-06,0.5
2022-08-23,ICBP.JK,AMRT.JK,3.6208479935631794e-05,0.5
2022-08-23,ICBP.JK,ADRO.JK,1.782060277747928e-05,0.5
2022-08-23,ICBP.JK,TPIA.JK,-2.8060438307876185e-06,0.5
2022-08-23,ICBP.JK,BBRI.JK,2.8201307749959048e-05,0.5
2022-08-23,AMRT.JK,ADRO.JK,1.2408912196363545e-05,0.5
2022-08-23,AMRT.JK,TPIA.JK,2.6436333039177344e-05,0.5
2022-08-23,AMRT.JK,BBRI.JK,1.752996197725705e-05,0.5
2022-08-23,ADRO.JK,TPIA.JK,3.2433363894809365e-06,0.5
2022-08-23,ADRO.JK,BBRI.JK,-3.0918068188603205e-06,0.5
2022-08-23,TPIA.JK,BBRI.JK,3.5011199326486452e-06,0.5
2022-09-21,BBCA.JK,TLKM.JK,5.288598975634027e-05,0.5
2022-09-21,BBCA.JK,SMGR.JK,5.0491482502192024e-05,0.5
2022-09-21,BBCA.JK,BMRI.JK,2.550896227110926e-05,0.5
2022-09-21,BBCA.JK,KLBF.JK,4.141544148475065e-05,0.5
2022-09-21,BBCA.JK,ASII.JK,5.737605126398736e-05,0.5
2022-09-21,BBCA.JK,UNTR.JK,2.125285242560589e-06,0.5
2022-09-21,BBCA.JK,ICBP.JK,4.850793994263202e-06,0.5
2022-09-21,BBCA.JK,AMRT.JK,1.7461786994316226e-05,0.5
2022-09-21,BBCA.JK,ADRO.JK,-9.414947161774718e-07,0.5
2022-09-21,BBCA.JK,TPIA.JK,5.50534059751797e-06,0.5
2022-09-21,BBCA.JK,BBRI.JK,9.776401903769043e-05,0.5
2022-09-21,TLKM.JK,SMGR.JK,3.0257271833981043e-05,0.5
2022-09-21,TLKM.JK,BMRI.JK,3.14807946179114e-05,0.5
2022-09-21,TLKM.JK,KLBF.JK,1.6984364716327786e-05,0.5
2022-09-21,TLKM.JK,ASII.JK,3.1003339773320523e-05,0.5
2022-09-21,TLKM.JK,UNTR.JK,-2.42434938090242e-05,0.5
2022-09-21,TLKM.JK,ICBP.JK,3.2690967081173524e-05,0.5
2022-09-21,TLKM.JK,AMRT.JK,1.4179839031073947e-05,0.5
2022-09-21,TLKM.JK,ADRO.JK,-4.585536941583317e-06,0.5
2022-09-21,TLKM.JK,TPIA.JK,-7.14743196902966e-07,0.5
2022-09-21,TLKM.JK,BBRI.JK,3.810417291329733e-05,0.5
2022-09-21,SMGR.JK,BMRI.JK,2.5395510202488632e-05,0.5
2022-09-21,SMGR.JK,KLBF.JK,2.2478033430992275e-05,0.5
2022-09-21,SMGR.JK,ASII.JK,4.3969113187647554e-05,0.5
2022-09-21,SMGR.JK,UNTR.JK,7.449925982422148e-06,0.5
2022-09-21,SMGR.JK,ICBP.JK,1.6338889983029376e-05,0.5
2022-09-21,SMGR.JK,AMRT.JK,2.0287699093492698e-05,0.5
2022-09-21,SMGR.JK,ADRO.JK,1.639359774225061e-05,0.5
2022-09-21,SMGR.JK,TPIA.JK,6.267341255926194e-06,0.5
2022-09-21,SMGR.JK,BBRI.JK,4.135263465192358e-05,0.5
2022-09-21,BMRI.JK,KLBF.JK,3.811772808853449e-05,0.5
2022-09-21,BMRI.JK,ASII.JK,4.15703188486417e-05,0.5
2022-09-21,BMRI.JK,UNTR.JK,1.8748756194093682e-05,0.5
2022-09-21,BMRI.JK,ICBP.JK,2.377870729376413e-05,0.5
2022-09-21,BMRI.JK,AMRT.JK,2.9899911051984944e-05,0.5
2022-09-21,BMRI.JK,ADRO.JK,2.695931311862079e-05,0.5
2022-09-21,BMRI.JK,TPIA.JK,-6.520176839913603e-06,0.5
2022-09-21,BMRI.JK,BBRI.JK,2.0792781252199123e-05,0.5
2022-09-21,KLBF.JK,ASII.JK,5.2457100525599756e-05,0.5
2022-09-21,KLBF.JK,UNTR.JK,1.5075331266882334e-05,0.5
2022-09-21,KLBF.JK,ICBP.JK,1.856272225061938e-05,0.5
2022-09-21,KLBF.JK,AMRT.JK,1.8990481572543778e-05,0.5
2022-09-21,KLBF.JK,ADRO.JK,2.471625319210109e-05,0.5
2022-09-21,KLBF.JK,TPIA.JK,9.563118283707642e-06,0.5
2022-09-21,KLBF.JK,BBRI.JK,2.2355144191101965e-05,0.5
2022-09-21,ASII.JK,UNTR.JK,1.2491380835609668e-05,0.5
2022-09-21,ASII.JK,ICBP.JK,2.825872860159078e-05,0.5
2022-09-21,ASII.JK,AMRT.JK,3.102447860404485e-05,0.5
2022-09-21,ASII.JK,ADRO.JK,1.2450287605391472e-05,0.5
2022-09-21,ASII.JK,TPIA.JK,6.968430868339989e-06,0.5
2022-09-21,ASII.JK,BBRI.JK,4.1808943958080406e-05,0.5
2022-09-21,UNTR.JK,ICBP.JK,1.3515846113331688e-05,0.5
2022-09-21,UNTR.JK,AMRT.JK,2.487262963149131e-05,0.5
2022-09-21,UNTR.JK,ADRO.JK,1.7096648277915345e-05,0.5
2022-09-21,UNTR.JK,TPIA.JK,3.67275962951559e-07,0.5
2022-09-21,UNTR.JK,BBRI.JK,8.037342258583248e-06,0.5
2022-09-21,ICBP.JK,AMRT.JK,3.0857506167959136e-05,0.5
2022-09-21,ICBP.JK,ADRO.JK,1.3319152183790393e-05,0.5
2022-09-21,ICBP.JK,TPIA.JK,-2.1836789224407535e-06,0.5
2022-09-21,ICBP.JK,BBRI.JK,2.3598116495113896e-05,0.5
2022-09-21,AMRT.JK,ADRO.JK,9.96481407215503e-06,0.5
2022-09-21,AMRT.JK,TPIA.JK,1.1689408256539026e-05,0.5
2022-09-21,AMRT.JK,BBRI.JK,2.947293638497305e-05,0.5
2022-09-21,ADRO.JK,TPIA.JK,7.90034112498079e-06,0.5
2022-09-21,ADRO.JK,BBRI.JK,-1.4506077376355707e-06,0.5
2022-09-21,TPIA.JK,BBRI.JK,9.597061050642807e-06,0.5
2022-10-20,BBCA.JK,TLKM.JK,4.5041150754378644e-05,0.5
2022-10-20,BBCA.JK,SMGR.JK,4.673514426890491e-05,0.5
2022-10-20,BBCA.JK,BMRI.JK,2.3351759811571036e-05,0.5
2022-10-20,BBCA.JK,KLBF.JK,4.605945058754256e-05,0.5
2022-10-20,BBCA.JK,ASII.JK,6.009949159114956e-05,0.5
2022-10-20,BBCA.JK,UNTR.JK,-6.4837180523890915e-06,0.5
2022-10-20,BBCA.JK,ICBP.JK,1.1613180248371979e-05,0.5
2022-10-20,BBCA.JK,AMRT.JK,1.2085988577751673e-05,0.5
2022-10-20,BBCA.JK,ADRO.JK,-6.117548215818118e-06,0.5
2022-10-20,BBCA.JK,TPIA.JK,2.8963082509501242e-06,0.5
2022-10-20,BBCA.JK,BBRI.JK,0.00010020089478135838,0.5
2022-10-20,TLKM.JK,SMGR.JK,1.747389844763919e-05,0.5
2022-10-20,TLKM.JK,BMRI.JK,3.6984067784298326e-05,0.5
2022-10-20,TLKM.JK,KLBF.JK,1.952957830907748e-05,0.5
2022-10-20,TLKM.JK,ASII.JK,3.581287366488924e-05,0.5
2022-10-20,TLKM.JK,UNTR.JK,-1.722891881420756e-05,0.5
2022-10-20,TLKM.JK,ICBP.JK,3.07029119405105e-05,0.5
2022-10-20,TLKM.JK,AMRT.JK,1.326793500376457e-05,0.5
2022-10-20,TLKM.JK,ADRO.JK,2.7885197933860546e-07,0.5
2022-10-20,TLKM.JK,TPIA.JK,-1.6775388986787331e-06,0.5
2022-10-20,TLKM.JK,BBRI.JK,2.7207162456394564e-05,0.5
2022-10-20,SMGR.JK,BMRI.JK,2.5665689736602606e-05,0.5
2022-10-20,SMGR.JK,KLBF.JK,2.383923921233322e-05,0.5
2022-10-20,SMGR.JK,ASII.JK,4.367956986368706e-05,0.5
2022-10-20,SMGR.JK,UNTR.JK,7.945606340865086e-06,0.5
2022-10-20,SMGR.JK,ICBP.JK,1.996254865997786e-05,0.5
2022-10-20,SMGR.JK,AMRT.JK,1.7198017265869043e-05,0.5
2022-10-20,SMGR.JK,ADRO.JK,1.5480035520559087e-05,0.5
2022-10-20,SMGR.JK,TPIA.JK,7.0119216454343765e-06,0.5
2022-10-20,SMGR.JK,BBRI.JK,3.849701101779599e-05,0.5
2022-10-20,BMRI.JK,KLBF.JK,4.0181544690242705e-05,0.5
2022-10-20,BMRI.JK,ASII.JK,4.2369517827904736e-05,0.5
2022-10-20,BMRI.JK,UNTR.JK,1.895748157486523e-05,0.5
2022-10-20,BMRI.JK,ICBP.JK,2.8529630200580022e-05,0.5
2022-10-20,BMRI.JK,AMRT.JK,3.079054740661236e-05,0.5
2022-10-20,BMRI.JK,ADRO.JK,2.8343290185974536e-05,0.5
2022-10-20,BMRI.JK,TPIA.JK,-8.115992797916637e-06,0.5
2022-10-20,BMRI.JK,BBRI.JK,2.1235036971573192e-05,0.5
2022-10-20,KLBF.JK,ASII.JK,5.3272517228830133e-05,0.5
2022-10-20,KLBF.JK,UNTR.JK,1.1526232037377572e-05,0.5
2022-10-20,KLBF.JK,ICBP.JK,1.8126615396375845e-05,0.5
2022-10-20,KLBF.JK,AMRT.JK,2.0602396117865218e-05,0.5
2022-10-20,KLBF.JK,ADRO.JK,2.4376458887662442e-05,0.5
2022-10-20,KLBF.JK,TPIA.JK,1.2102764726195881e-05,0.5
2022-10-20,KLBF.JK,BBRI.JK,2.3984141217124653e-05,0.5
2022-10-20,ASII.JK,UNTR.JK,8.95165988695151e-06,0.5
2022-10-20,ASII.JK,ICBP.JK,3.012873692814479e-05,0.5
2022-10-20,ASII.JK,AMRT.JK,3.161803376775402e-05,0.5
2022-10-20,ASII.JK,ADRO.JK,1.1268337048695927e-05,0.5
2022-10-20,ASII.JK,TPIA.JK,5.681320447856078e-06,0.5
2022-10-20,ASII.JK,BBRI.JK,4.195088864077641e-05,0.5
2022-10-20,UNTR.JK,ICBP.JK,1.5931239338669638e-05,0.5
2022-10-20,UNTR.JK,AMRT.JK,2.7220832727210717e-05,0.5
2022-10-20,UNTR.JK,ADRO.JK,1.4826280855751926e-05,0.5
2022-10-20,UNTR.JK,TPIA.JK,-4.927991388738034e-06,0.5
2022-10-20,UNTR.JK,BBRI.JK,1.0399234432893604e-06,0.5
2022-10-20,ICBP.JK,AMRT.JK,3.848099972425147e-05,0.5
2022-10-20,ICBP.JK,ADRO.JK,1.9251170471433105e-05,0.5
2022-10-20,ICBP.JK,TPIA.JK,5.502189940497726e-07,0.5
2022-10-20,ICBP.JK,BBRI.JK,1.9321592980758328e-05,0.5
2022-10-20,AMRT.JK,ADRO.JK,9.571874113461899e-06,0.5
2022-10-20,AMRT.JK,TPIA.JK,1.3309810752652125e-05,0.5
2022-10-20,AMRT.JK,BBRI.JK,1.795159000176242e-05,0.5
2022-10-20,ADRO.JK,TPIA.JK,3.1958921427118616e-06,0.5
2022-10-20,ADRO.JK,BBRI.JK,-1.2041135660909761e-06,0.5
2022-10-20,TPIA.JK,BBRI.JK,6.757299000774829e-06,0.5
2022-11-18,BBCA.JK,TLKM.JK,3.728691912896755e-05,0.5
2022-11-18,BBCA.JK,SMGR.JK,2.8561408418490623e-05,0.5
2022-11-18,BBCA.JK,BMRI.JK,1.423270652752559e-05,0.5
2022-11-18,BBCA.JK,KLBF.JK,3.550825196852659e-05,0.5
2022-11-18,BBCA.JK,ASII.JK,4.304682976001856e-05,0.5
2022-11-18,BBCA.JK,UNTR.JK,2.4642876773246884e-06,0.5
2022-11-18,BBCA.JK,ICBP.JK,6.723486117650575e-06,0.5
2022-11-18,BBCA.JK,AMRT.JK,5.94934500941341e-06,0.5
2022-11-18,BBCA.JK,ADRO.JK,-7.683801332826621e-06,0.5
2022-11-18,BBCA.JK,TPIA.JK,7.020695095227214e-06,0.5
2022-11-18,BBCA.JK,BBRI.JK,9.481929343662449e-05,0.5
2022-11-18,TLKM.JK,SMGR.JK,1.1736977616104576e-05,0.5
2022-11-18,TLKM.JK,BMRI.JK,2.0847404964677364e-05,0.5
2022-11-18,TLKM.JK,KLBF.JK,6.357542973201142e-06,0.5
2022-11-18,TLKM.JK,ASII.JK,2.8487850704580534e-05,0.5
2022-11-18,TLKM.JK,UNTR.JK,-1.576012673198804e-05,0.5
2022-11-18,TLKM.JK,ICBP.JK,3.1103660971137446e-05,0.5
2022-11-18,TLKM.JK,AMRT.JK,-5.572102074631716e-06,0.5
2022-11-18,TLKM.JK,ADRO.JK,5.329732410877802e-06,0.5
2022-11-18,TLKM.JK,TPIA.JK,-6.316438334493149e-07,0.5
2022-11-18,TLKM.JK,BBRI.JK,2.5142538271028113e-05,0.5
2022-11-18,SMGR.JK,BMRI.JK,1.9351198598154714e-05,0.5
2022-11-18,SMGR.JK,KLBF.JK,1.9540825205563274e-05,0.5
2022-11-18,SMGR.JK,ASII.JK,2.4049898422279598e-05,0.5
2022-11-18,SMGR.JK,UNTR.JK,-2.8515269571356405e-06,0.5
2022-11-18,SMGR.JK,ICBP.JK,5.7278000826963175e-06,0.5
2022-11-18,SMGR.JK,AMRT.JK,9.27694804756117e-06,0.5
2022-11-18,SMGR.JK,ADRO.JK,1.311454116613326e-05,0.5
2022-11-18,SMGR.JK,TPIA.JK,1.2633944214575185e-05,0.5
2022-11-18,SMGR.JK,BBRI.JK,2.5069788214895873e-05,0.5
2022-11-18,BMRI.JK,KLBF.JK,2.950365254739881e-05,0.5
2022-11-18,BMRI.JK,ASII.JK,3.2629198493162007e-05,0.5
2022-11-18,BMRI.JK,UNTR.JK,6.295331844726269e-06,0.5
2022-11-18,BMRI.JK,ICBP.JK,1.08392898027193e-05,0.5
2022-11-18,BMRI.JK,AMRT.JK,1.4077592821337022e-05,0.5
2022-11-18,BMRI.JK,ADRO.JK,1.9136626082322587e-05,0.5
2022-11-18,BMRI.JK,TPIA.JK,-7.116614515844724e-06,0.5
2022-11-18,BMRI.JK,BBRI.JK,1.2693483462794016e-05,0.5
2022-11-18,KLBF.JK,ASII.JK,3.885068336718511e-05,0.5
2022-11-18,KLBF.JK,UNTR.JK,5.051379704432107e-06,0.5
2022-11-18,KLBF.JK,ICBP.JK,3.1290170697343212e-06,0.5
2022-11-18,KLBF.JK,AMRT.JK,1.4123056170054116e-05,0.5
2022-11-18,KLBF.JK,ADRO.JK,1.7802691139396277e-05,0.5
2022-11-18,KLBF.JK,TPIA.JK,9.921800373719397e-06,0.5
2022-11-18,KLBF.JK,BBRI.JK,1.9224695759025294e-05,0.5
2022-11-18,ASII.JK,UNTR.JK,7.97203844422166e-06,0.5
2022-11-18,ASII.JK,ICBP.JK,1.839648446849413e-05,0.5
2022-11-18,ASII.JK,AMRT.JK,2.7042081557336327e-05,0.5
2022-11-18,ASII.JK,ADRO.JK,1.2705540472302642e-05,0.5
2022-11-18,ASII.JK,TPIA.JK,1.5360155157343237e-05,0.5
2022-11-18,ASII.JK,BBRI.JK,3.204663387679214e-05,0.5
2022-11-18,UNTR.JK,ICBP.JK,3.0486012380570294e-06,0.5
2022-11-18,UNTR.JK,AMRT.JK,1.2898444466793818e-05,0.5
2022-11-18,UNTR.JK,ADRO.JK,8.145430309875788e-06,0.5
2022-11-18,UNTR.JK,TPIA.JK,-1.0211178673407991e-05,0.5
2022-11-18,UNTR.JK,BBRI.JK,-4.50792260964716e-06,0.5
2022-11-18,ICBP.JK,AMRT.JK,2.473080702961381e-05,0.5
2022-11-18,ICBP.JK,ADRO.JK,1.0147878203857288e-05,0.5
2022-11-18,ICBP.JK,TPIA.JK,2.547904371265784e-06,0.5
2022-11-18,ICBP.JK,BBRI.JK,9.645854671709422e-06,0.5
2022-11-18,AMRT.JK,ADRO.JK,2.1657108151301807e-06,0.5
2022-11-18,AMRT.JK,TPIA.JK,1.5216620134321008e-05,0.5
2022-11-18,AMRT.JK,BBRI.JK,2.75282024699959e-06,0.5
2022-11-18,ADRO.JK,TPIA.JK,5.958121569658535e-06,0.5
2022-11-18,ADRO.JK,BBRI.JK,-3.3894008941063113e-06,0.5
2022-11-18,TPIA.JK,BBRI.JK,1.3807191246454425e-05,0.5
2022-12-19,BBCA.JK,TLKM.JK,2.1491803683232074e-05,0.5
2022-12-19,BBCA.JK,SMGR.JK,1.9146774431664636e-05,0.5
2022-12-19,BBCA.JK,BMRI.JK,2.8980718254789446e-06,0.5
2022-12-19,BBCA.JK,KLBF.JK,1.9370409881634377e-05,0.5
2022-12-19,BBCA.JK,ASII.JK,2.8980977839714206e-05,0.5
2022-12-19,BBCA.JK,UNTR.JK,8.535389559596759e-07,0.5
2022-12-19,BBCA.JK,ICBP.JK,7.95472019078783e-06,0.5
2022-12-19,BBCA.JK,AMRT.JK,-8.982048173026047e-06,0.5
2022-12-19,BBCA.JK,ADRO.JK,-5.860867187392791e-06,0.5
2022-12-19,BBCA.JK,TPIA.JK,1.0145011184751691e-05,0.5
2022-12-19,BBCA.JK,BBRI.JK,6.743646213231954e-05,0.5
2022-12-19,TLKM.JK,SMGR.JK,1.1889919916531814e-05,0.5
2022-12-19,TLKM.JK,BMRI.JK,2.811030374674743e-05,0.5
2022-12-19,TLKM.JK,KLBF.JK,1.388640506384644e-05,0.5
2022-12-19,TLKM.JK,ASII.JK,3.599249804937774e-05,0.5
2022-12-19,TLKM.JK,UNTR.JK,-1.0879047281866987e-05,0.5
2022-12-19,TLKM.JK,ICBP.JK,7.788155284605193e-06,0.5
2022-12-19,TLKM.JK,AMRT.JK,-7.46648032067194e-06,0.5
2022-12-19,TLKM.JK,ADRO.JK,1.357495471952838e-05,0.5
2022-12-19,TLKM.JK,TPIA.JK,1.1387860630139457e-05,0.5
2022-12-19,TLKM.JK,BBRI.JK,2.648777996739627e-05,0.5
2022-12-19,SMGR.JK,BMRI.JK,1.3827093447110252e-05,0.5
2022-12-19,SMGR.JK,KLBF.JK,1.7428344546851214e-05,0.5
2022-12-19,SMGR.JK,ASII.JK,1.925511041091909e-05,0.5
2022-12-19,SMGR.JK,UNTR.JK,-6.6582455250357904e-06,0.5
2022-12-19,SMGR.JK,ICBP.JK,3.940701679782051e-06,0.5
2022-12-19,SMGR.JK,AMRT.JK,1.5710312345531475e-05,0.5
2022-12-19,SMGR.JK,ADRO.JK,1.188674826780863e-05,0.5
2022-12-19,SMGR.JK,TPIA.JK,1.563750422954071e-05,0.5
2022-12-19,SMGR.JK,BBRI.JK,2.0149750312219883e-05,0.5
2022-12-19,BMRI.JK,KLBF.JK,2.5384661781431937e-05,0.5
2022-12-19,BMRI.JK,ASII.JK,2.7395463161295803e-05,0.5
2022-12-19,BMRI.JK,UNTR.JK,3.99109800534755e-08,0.5
2022-12-19,BMRI.JK,ICBP.JK,6.036072844544572e-06,0.5
2022-12-19,BMRI.JK,AMRT.JK,7.652000330536883e-06,0.5
2022-12-19,BMRI.JK,ADRO.JK,2.117329882171504e-05,0.5
2022-12-19,BMRI.JK,TPIA.JK,-2.108220941035608e-06,0.5
2022-12-19,BMRI.JK,BBRI.JK,9.026401995254285e-06,0.5
2022-12-19,KLBF.JK,ASII.JK,2.716859651129921e-05,0.5
2022-12-19,KLBF.JK,UNTR.JK,2.8346723685499216e-07,0.5
2022-12-19,KLBF.JK,ICBP.JK,1.6228589701026324e-06,0.5
2022-12-19,KLBF.JK,AMRT.JK,6.433791623779787e-06,0.5
2022-12-19,KLBF.JK,ADRO.JK,1.8446398066878372e-05,0.5
2022-12-19,KLBF.JK,TPIA.JK,9.320988154871678e-06,0.5
2022-12-19,KLBF.JK,BBRI.JK,1.6330665533422983e-05,0.5
2022-12-19,ASII.JK,UNTR.JK,4.534378525367371e-06,0.5
2022-12-19,ASII.JK,ICBP.JK,1.0824243242746166e-05,0.5
2022-12-19,ASII.JK,AMRT.JK,1.4907461948196383e-05,0.5
2022-12-19,ASII.JK,ADRO.JK,8.744158206556518e-06,0.5
2022-12-19,ASII.JK,TPIA.JK,1.4582632005929858e-05,0.5
2022-12-19,ASII.JK,BBRI.JK,2.7169009812554852e-05,0.5
2022-12-19,UNTR.JK,ICBP.JK,5.699160147034759e-06,0.5
2022-12-19,UNTR.JK,AMRT.JK,3.24311753366964e-06,0.5
2022-12-19,UNTR.JK,ADRO.JK,4.254674956993421e-06,0.5
2022-12-19,UNTR.JK,TPIA.JK,-9.717241806843797e-06,0.5
2022-12-19,UNTR.JK,BBRI.JK,-5.922719383232122e-06,0.5
2022-12-19,ICBP.JK,AMRT.JK,1.3261074139576486e-05,0.5
2022-12-19,ICBP.JK,ADRO.JK,1.145527061762607e-05,0.5
2022-12-19,ICBP.JK,TPIA.JK,5.107017253397905e-06,0.5
2022-12-19,ICBP.JK,BBRI.JK,7.586356010060145e-06,0.5
2022-12-19,AMRT.JK,ADRO.JK,8.303879351233673e-06,0.5
2022-12-19,AMRT.JK,TPIA.JK,9.64813378125246e-06,0.5
2022-12-19,AMRT.JK,BBRI.JK,-1.0091511961887852e-05,0.5
2022-12-19,ADRO.JK,TPIA.JK,9.859582427832564e-06,0.5
2022-12-19,ADRO.JK,BBRI.JK,2.417734292601159e-06,0.5
2022-12-19,TPIA.JK,BBRI.JK,2.0056355990898092e-05,0.5
2023-01-17,BBCA.JK,TLKM.JK,1.1179595982946665e-05,0.5
2023-01-17,BBCA.JK,SMGR.JK,1.6488329107548453e-05,0.5
2023-01-17,BBCA.JK,BMRI.JK,-9.165822752385615e-07,0.5
2023-01-17,BBCA.JK,KLBF.JK,2.1779169705501736e-05,0.5
2023-01-17,BBCA.JK,ASII.JK,8.132324525869672e-06,0.5
2023-01-17,BBCA.JK,UNTR.JK,4.281278348891199e-06,0.5
2023-01-17,BBCA.JK,ICBP.JK,4.819924774916323e-06,0.5
2023-01-17,BBCA.JK,AMRT.JK,-2.290243545543626e-05,0.5
2023-01-17,BBCA.JK,ADRO.JK,5.763790491240592e-07,0.5
2023-01-17,BBCA.JK,TPIA.JK,1.1010091212991542e-05,0.5
2023-01-17,BBCA.JK,BBRI.JK,5.290983862690309e-05,0.5
2023-01-17,TLKM.JK,SMGR.JK,7.894517836358382e-06,0.5
2023-01-17,TLKM.JK,BMRI.JK,1.874243422926036e-05,0.5
2023-01-17,TLKM.JK,KLBF.JK,1.1002032353027779e-05,0.5
2023-01-17,TLKM.JK,ASII.JK,3.0128933818096783e-05,0.5
2023-01-17,TLKM.JK,UNTR.JK,-1.2703084409533437e-05,0.5
2023-01-17,TLKM.JK,ICBP.JK,-4.463925968283066e-06,0.5
2023-01-17,TLKM.JK,AMRT.JK,-1.7068637895287404e-05,0.5
2023-01-17,TLKM.JK,ADRO.JK,2.212228114565296e-05,0.5
2023-01-17,TLKM.JK,TPIA.JK,1.6578280717652414e-05,0.5
2023-01-17,TLKM.JK,BBRI.JK,2.596677430368496e-05,0.5
2023-01-17,SMGR.JK,BMRI.JK,8.958887706283145e-06,0.5
2023-01-17,SMGR.JK,KLBF.JK,1.9622691293483804e-05,0.5
2023-01-17,SMGR.JK,ASII.JK,1.6088483121118055e-05,0.5
2023-01-17,SMGR.JK,UNTR.JK,-8.901838272508342e-06,0.5
2023-01-17,SMGR.JK,ICBP.JK,7.562195708040617e-07,0.5
2023-01-17,SMGR.JK,AMRT.JK,2.4118227751479736e-05,0.5
2023-01-17,SMGR.JK,ADRO.JK,1.0139708858063413e-05,0.5
2023-01-17,SMGR.JK,TPIA.JK,1.3114499755591348e-05,0.5
2023-01-17,SMGR.JK,BBRI.JK,6.284920979842795e-06,0.5
2023-01-17,BMRI.JK,KLBF.JK,2.2022407109330144e-05,0.5
2023-01-17,BMRI.JK,ASII.JK,2.1616413638832538e-05,0.5
2023-01-17,BMRI.JK,UNTR.JK,-1.4056611794248832e-06,0.5
2023-01-17,BMRI.JK,ICBP.JK,6.6444379244918875e-06,0.5
2023-01-17,BMRI.JK,AMRT.JK,9.929659779968201e-06,0.5
2023-01-17,BMRI.JK,ADRO.JK,2.0820067096895017e-05,0.5
2023-01-17,BMRI.JK,TPIA.JK,5.877154326378065e-07,0.5
2023-01-17,BMRI.JK,BBRI.JK,9.005793587874164e-06,0.5
2023-01-17,KLBF.JK,ASII.JK,2.3044885406670082e-05,0.5
2023-01-17,KLBF.JK,UNTR.JK,-3.42993355808347e-06,0.5
2023-01-17,KLBF.JK,ICBP.JK,3.657275722847634e-06,0.5
2023-01-17,KLBF.JK,AMRT.JK,1.0286452201210338e-05,0.5
2023-01-17,KLBF.JK,ADRO.JK,1.5293097843544296e-05,0.5
2023-01-17,KLBF.JK,TPIA.JK,1.0775141991942873e-05,0.5
2023-01-17,KLBF.JK,BBRI.JK,8.86383540610438e-06,0.5
2023-01-17,ASII.JK,UNTR.JK,4.96399057174815e-08,0.5
2023-01-17,ASII.JK,ICBP.JK,8.314695211626123e-06,0.5
2023-01-17,ASII.JK,AMRT.JK,1.634875802391109e-05,0.5
2023-01-17,ASII.JK,ADRO.JK,4.611335428323007e-06,0.5
2023-01-17,ASII.JK,TPIA.JK,1.2923388833333998e-05,0.5
2023-01-17,ASII.JK,BBRI.JK,5.516703897025841e-06,0.5
2023-01-17,UNTR.JK,ICBP.JK,7.480433123858956e-06,0.5
2023-01-17,UNTR.JK,AMRT.JK,-4.6357126070960935e-07,0.5
2023-01-17,UNTR.JK,ADRO.JK,2.3706111321831378e-06,0.5
2023-01-17,UNTR.JK,TPIA.JK,-8.213835711928558e-06,0.5
2023-01-17,UNTR.JK,BBRI.JK,-4.165623342649376e-06,0.5
2023-01-17,ICBP.JK,AMRT.JK,1.3982076003936274e-05,0.5
2023-01-17,ICBP.JK,ADRO.JK,1.4998062075518582e-05,0.5
2023-01-17,ICBP.JK,TPIA.JK,1.0176267565882537e-05,0.5
2023-01-17,ICBP.JK,BBRI.JK,-1.4421357753885323e-06,0.5
2023-01-17,AMRT.JK,ADRO.JK,7.140077162345832e-06,0.5
2023-01-17,AMRT.JK,TPIA.JK,8.72375917950773e-06,0.5
2023-01-17,AMRT.JK,BBRI.JK,-1.4600613348730426e-05,0.5
2023-01-17,ADRO.JK,TPIA.JK,1.0199736976575563e-05,0.5
2023-01-17,ADRO.JK,BBRI.JK,9.410943423099331e-06,0.5
2023-01-17,TPIA.JK,BBRI.JK,1.2630738658948187e-05,0.5
2023-02-16,BBCA.JK,TLKM.JK,5.838688888195116e-06,0.5
2023-02-16,BBCA.JK,SMGR.JK,1.2735849228205221e-05,0.5
2023-02-16,BBCA.JK,BMRI.JK,2.6125052310012917e-06,0.5
2023-02-16,BBCA.JK,KLBF.JK,1.6648668924874158e-05,0.5
2023-02-16,BBCA.JK,ASII.JK,1.0450829307565926e-05,0.5
2023-02-16,BBCA.JK,UNTR.JK,1.0760593886463626e-05,0.5
2023-02-16,BBCA.JK,ICBP.JK,2.1537604648521695e-06,0.5
2023-02-16,BBCA.JK,AMRT.JK,-2.3109441413231374e-05,0.5
2023-02-16,BBCA.JK,ADRO.JK,-1.3112974564528386e-06,0.5
2023-02-16,BBCA.JK,TPIA.JK,2.9394454507990728e-06,0.5
2023-02-16,BBCA.JK,BBRI.JK,5.501670867851986e-05,0.5
2023-02-16,TLKM.JK,SMGR.JK,3.906903350494507e-06,0.5
2023-02-16,TLKM.JK,BMRI.JK,2.39655274017721e-05,0.5
2023-02-16,TLKM.JK,KLBF.JK,1.5028242179753469e-05,0.5
2023-02-16,TLKM.JK,ASII.JK,2.5766604460132182e-05,0.5
2023-02-16,TLKM.JK,UNTR.JK,-6.156177578357355e-06,0.5
2023-02-16,TLKM.JK,ICBP.JK,-4.834737816415307e-06,0.5
2023-02-16,TLKM.JK,AMRT.JK,-7.283337933580824e-06,0.5
2023-02-16,TLKM.JK,ADRO.JK,2.025924747819771e-05,0.5
2023-02-16,TLKM.JK,TPIA.JK,1.4306119152487984e-05,0.5
2023-02-16,TLKM.JK,BBRI.JK,2.382415936376906e-05,0.5
2023-02-16,SMGR.JK,BMRI.JK,4.151356185814782e-06,0.5
2023-02-16,SMGR.JK,KLBF.JK,1.6604088465856825e-05,0.5
2023-02-16,SMGR.JK,ASII.JK,1.1086792073246449e-05,0.5
2023-02-16,SMGR.JK,UNTR.JK,-3.95720707299318e-06,0.5
2023-02-16,SMGR.JK,ICBP.JK,8.779321903092907e-07,0.5
2023-02-16,SMGR.JK,AMRT.JK,1.982204456344477e-05,0.5
2023-02-16,SMGR.JK,ADRO.JK,4.1128470421479995e-06,0.5
2023-02-16,SMGR.JK,TPIA.JK,8.972444461695348e-06,0.5
2023-02-16,SMGR.JK,BBRI.JK,8.051644774610264e-06,0.5
2023-02-16,BMRI.JK,KLBF.JK,2.2513630577290693e-05,0.5
2023-02-16,BMRI.JK,ASII.JK,2.532540734752731e-05,0.5
2023-02-16,BMRI.JK,UNTR.JK,-4.203514567039265e-06,0.5
2023-02-16,BMRI.JK,ICBP.JK,7.340487074284313e-06,0.5
2023-02-16,BMRI.JK,AMRT.JK,5.592983599918556e-06,0.5
2023-02-16,BMRI.JK,ADRO.JK,1.9042141239026244e-05,0.5
2023-02-16,BMRI.JK,TPIA.JK,3.1919284048307094e-06,0.5
2023-02-16,BMRI.JK,BBRI.JK,1.0392409107055383e-05,0.5
2023-02-16,KLBF.JK,ASII.JK,2.077285756713465e-05,0.5
2023-02-16,KLBF.JK,UNTR.JK,-8.23883332503603e-07,0.5
2023-02-16,KLBF.JK,ICBP.JK,5.402220920272863e-06,0.5
2023-02-16,KLBF.JK,AMRT.JK,8.696685947724243e-06,0.5
2023-02-16,KLBF.JK,ADRO.JK,1.2975487409620059e-05,0.5
2023-02-16,KLBF.JK,TPIA.JK,8.694117654205348e-06,0.5
2023-02-16,KLBF.JK,BBRI.JK,1.0766120227770981e-05,0.5
2023-02-16,ASII.JK,UNTR.JK,-1.6416778508939438e-06,0.5
2023-02-16,ASII.JK,ICBP.JK,4.834014918379125e-06,0.5
2023-02-16,ASII.JK,AMRT.JK,1.1427999276339202e-05,0.5
2023-02-16,ASII.JK,ADRO.JK,4.6997774482687574e-06,0.5
2023-02-16,ASII.JK,TPIA.JK,1.1655384844754747e-05,0.5
2023-02-16,ASII.JK,BBRI.JK,5.722163095176602e-06,0.5
2023-02-16,UNTR.JK,ICBP.JK,6.870036381380021e-06,0.5
2023-02-16,UNTR.JK,AMRT.JK,-4.2758138800425365e-06,0.5
2023-02-16,UNTR.JK,ADRO.JK,-2.33058317278726e-06,0.5
2023-02-16,UNTR.JK,TPIA.JK,-9.775831127869647e-06,0.5
2023-02-16,UNTR.JK,BBRI.JK,3.8581411586542837e-07,0.5
2023-02-16,ICBP.JK,AMRT.JK,1.2745170700889429e-05,0.5
2023-02-16,ICBP.JK,ADRO.JK,1.7808283590482138e-05,0.5
2023-02-16,ICBP.JK,TPIA.JK,1.4086516296911169e-05,0.5
2023-02-16,ICBP.JK,BBRI.JK,2.645738994412114e-06,0.5
2023-02-16,AMRT.JK,ADRO.JK,6.39744641209294e-06,0.5
2023-02-16,AMRT.JK,TPIA.JK,5.178782695930949e-06,0.5
2023-02-16,AMRT.JK,BBRI.JK,-1.5183423855998648e-05,0.5
2023-02-16,ADRO.JK,TPIA.JK,1.1811826305864277e-05,0.5
2023-02-16,ADRO.JK,BBRI.JK,5.655299821786475e-06,0.5
2023-02-16,TPIA.JK,BBRI.JK,8.70275706273292e-06,0.5
2023-03-17,BBCA.JK,TLKM.JK,7.667697371694574e-06,0.5
2023-03-17,BBCA.JK,SMGR.JK,1.5859866117667277e-05,0.5
2023-03-17,BBCA.JK,BMRI.JK,3.845948900323291e-06,0.5
2023-03-17,BBCA.JK,KLBF.JK,1.357154124160671e-05,0.5
2023-03-17,BBCA.JK,ASII.JK,1.1564107533743569e-05,0.5
2023-03-17,BBCA.JK,UNTR.JK,6.013422964405149e-06,0.5
2023-03-17,BBCA.JK,ICBP.JK,2.9664462543369865e-06,0.5
2023-03-17,BBCA.JK,AMRT.JK,-1.910869921098132e-05,0.5
2023-03-17,BBCA.JK,ADRO.JK,-2.569293843264063e-06,0.5
2023-03-17,BBCA.JK,TPIA.JK,5.993286969592155e-06,0.5
2023-03-17,BBCA.JK,BBRI.JK,6.969577090853657e-05,0.5
2023-03-17,TLKM.JK,SMGR.JK,-3.7669722134702816e-06,0.5
2023-03-17,TLKM.JK,BMRI.JK,2.751718588663882e-05,0.5
2023-03-17,TLKM.JK,KLBF.JK,1.4902513508883372e-05,0.5
2023-03-17,TLKM.JK,ASII.JK,2.6050711896098494e-05,0.5
2023-03-17,TLKM.JK,UNTR.JK,9.10691093236045e-06,0.5
2023-03-17,TLKM.JK,ICBP.JK,-6.072833757081399e-06,0.5
2023-03-17,TLKM.JK,AMRT.JK,-9.572409085655144e-06,0.5
2023-03-17,TLKM.JK,ADRO.JK,1.8335684521002306e-05,0.5
2023-03-17,TLKM.JK,TPIA.JK,1.6232887460756265e-06,0.5
2023-03-17,TLKM.JK,BBRI.JK,1.958636231198009e-05,0.5
2023-03-17,SMGR.JK,BMRI.JK,2.3851130039220158e-06,0.5
2023-03-17,SMGR.JK,KLBF.JK,1.3181718560595065e-05,0.5
2023-03-17,SMGR.JK,ASII.JK,7.68998149933117e-06,0.5
2023-03-17,SMGR.JK,UNTR.JK,-4.040215313663692e-06,0.5
2023-03-17,SMGR.JK,ICBP.JK,-3.5029986448642026e-06,0.5
2023-03-17,SMGR.JK,AMRT.JK,1.658193224616252e-05,0.5
2023-03-17,SMGR.JK,ADRO.JK,-2.3310637653236628e-07,0.5
2023-03-17,SMGR.JK,TPIA.JK,8.088531065446833e-06,0.5
2023-03-17,SMGR.JK,BBRI.JK,2.4122324339034177e-05,0.5
2023-03-17,BMRI.JK,KLBF.JK,2.5257240890490056e-05,0.5
2023-03-17,BMRI.JK,ASII.JK,2.867490501669265e-05,0.5
2023-03-17,BMRI.JK,UNTR.JK,-2.678010205754086e-06,0.5
2023-03-17,BMRI.JK,ICBP.JK,1.059385794244183e-05,0.5
2023-03-17,BMRI.JK,AMRT.JK,9.747976441352238e-06,0.5
2023-03-17,BMRI.JK,ADRO.JK,1.9224098555814762e-05,0.5
2023-03-17,BMRI.JK,TPIA.JK,4.097995325060221e-06,0.5
2023-03-17,BMRI.JK,BBRI.JK,1.1449239066390592e-05,0.5
2023-03-17,KLBF.JK,ASII.JK,2.4074885592590787e-05,0.5
2023-03-17,KLBF.JK,UNTR.JK,2.039981760245043e-06,0.5
2023-03-17,KLBF.JK,ICBP.JK,1.2790582625637291e-05,0.5
2023-03-17,KLBF.JK,AMRT.JK,1.4486803916529581e-05,0.5
2023-03-17,KLBF.JK,ADRO.JK,1.0663092554272334e-05,0.5
2023-03-17,KLBF.JK,TPIA.JK,4.40624701096815e-06,0.5
2023-03-17,KLBF.JK,BBRI.JK,4.748635299097714e-06,0.5
2023-03-17,ASII.JK,UNTR.JK,5.573351589054443e-07,0.5
2023-03-17,ASII.JK,ICBP.JK,9.136801478588186e-06,0.5
2023-03-17,ASII.JK,AMRT.JK,1.4306036633804385e-05,0.5
2023-03-17,ASII.JK,ADRO.JK,1.8382833142699651e-06,0.5
2023-03-17,ASII.JK,TPIA.JK,1.0380578861721317e-05,0.5
2023-03-17,ASII.JK,BBRI.JK,6.950944940769481e-06,0.5
2023-03-17,UNTR.JK,ICBP.JK,1.446809227874526e-05,0.5
2023-03-17,UNTR.JK,AMRT.JK,3.736097453728052e-06,0.5
2023-03-17,UNTR.JK,ADRO.JK,-3.8150328853885786e-06,0.5
2023-03-17,UNTR.JK,TPIA.JK,2.220631467393597e-06,0.5
2023-03-17,UNTR.JK,BBRI.JK,3.303565005264416e-06,0.5
2023-03-17,ICBP.JK,AMRT.JK,1.4134288556309139e-05,0.5
2023-03-17,ICBP.JK,ADRO.JK,2.8881319819021753e-05,0.5
2023-03-17,ICBP.JK,TPIA.JK,6.769408163829471e-06,0.5
2023-03-17,ICBP.JK,BBRI.JK,-6.755202998483466e-06,0.5
2023-03-17,AMRT.JK,ADRO.JK,8.591393641582705e-06,0.5
2023-03-17,AMRT.JK,TPIA.JK,2.502987579993521e-06,0.5
2023-03-17,AMRT.JK,BBRI.JK,-2.3812097963342426e-05,0.5
2023-03-17,ADRO.JK,TPIA.JK,8.025644897551753e-06,0.5
2023-03-17,ADRO.JK,BBRI.JK,5.018508685687644e-06,0.5
2023-03-17,TPIA.JK,BBRI.JK,4.39047299572345e-06,0.5
2023-04-27,BBCA.JK,TLKM.JK,2.223479780903482e-05,0.5
2023-04-27,BBCA.JK,SMGR.JK,2.5486216189962308e-05,0.5
2023-04-27,BBCA.JK,BMRI.JK,7.26632922818404e-06,0.5
2023-04-27,BBCA.JK,KLBF.JK,1.6037977583587345e-05,0.5
2023-04-27,BBCA.JK,ASII.JK,1.3984895386809137e-05,0.5
2023-04-27,BBCA.JK,UNTR.JK,1.1320773548380078e-05,0.5
2023-04-27,BBCA.JK,ICBP.JK,1.7046968501048076e-05,0.5
2023-04-27,BBCA.JK,AMRT.JK,-1.8686843386581093e-05,0.5
2023-04-27,BBCA.JK,ADRO.JK,3.32005286664331e-06,0.5
2023-04-27,BBCA.JK,TPIA.JK,1.121490286872044e-05,0.5
2023-04-27,BBCA.JK,BBRI.JK,8.774063517724572e-05,0.5
2023-04-27,TLKM.JK,SMGR.JK,9.753364669571717e-06,0.5
2023-04-27,TLKM.JK,BMRI.JK,3.0743303789683066e-05,0.5
2023-04-27,TLKM.JK,KLBF.JK,2.901271060026662e-05,0.5
2023-04-27,TLKM.JK,ASII.JK,3.590720006163107e-05,0.5
2023-04-27,TLKM.JK,UNTR.JK,1.2926017260550673e-05,0.5
2023-04-27,TLKM.JK,ICBP.JK,7.895901906856707e-06,0.5
2023-04-27,TLKM.JK,AMRT.JK,8.888518533214249e-07,0.5
2023-04-27,TLKM.JK,ADRO.JK,2.5615551421939077e-05,0.5
2023-04-27,TLKM.JK,TPIA.JK,1.0190600003045102e-05,0.5
2023-04-27,TLKM.JK,BBRI.JK,3.517321265746026e-05,0.5
2023-04-27,SMGR.JK,BMRI.JK,9.723942611474631e-06,0.5
2023-04-27,SMGR.JK,KLBF.JK,1.6136562126935714e-05,0.5
2023-04-27,SMGR.JK,ASII.JK,1.8492706891081923e-05,0.5
2023-04-27,SMGR.JK,UNTR.JK,-3.4930429976688166e-06,0.5
2023-04-27,SMGR.JK,ICBP.JK,-7.989361327831907e-06,0.5
2023-04-27,SMGR.JK,AMRT.JK,1.631654384638132e-05,0.5
2023-04-27,SMGR.JK,ADRO.JK,5.062749138698012e-06,0.5
2023-04-27,SMGR.JK,TPIA.JK,9.065492633551237e-06,0.5
2023-04-27,SMGR.JK,BBRI.JK,3.3045353962096795e-05,0.5
2023-04-27,BMRI.JK,KLBF.JK,3.0348113987500155e-05,0.5
2023-04-27,BMRI.JK,ASII.JK,3.95823561048598e-05,0.5
2023-04-27,BMRI.JK,UNTR.JK,-2.4389261260612512e-06,0.5
2023-04-27,BMRI.JK,ICBP.JK,9.423439896312206e-06,0.5
2023-04-27,BMRI.JK,AMRT.JK,1.4307508469583302e-05,0.5
2023-04-27,BMRI.JK,ADRO.JK,1.8634539853349464e-05,0.5
2023-04-27,BMRI.JK,TPIA.JK,8.053078171891519e-06,0.5
2023-04-27,BMRI.JK,BBRI.JK,1.8226617790388224e-05,0.5
2023-04-27,KLBF.JK,ASII.JK,3.457416395653147e-05,0.5
2023-04-27,KLBF.JK,UNTR.JK,5.750603520427608e-06,0.5
2023-04-27,KLBF.JK,ICBP.JK,1.9742132205047784e-05,0.5
2023-04-27,KLBF.JK,AMRT.JK,1.8349160987641525e-05,0.5
2023-04-27,KLBF.JK,ADRO.JK,1.2865585439059133e-05,0.5
2023-04-27,KLBF.JK,TPIA.JK,8.974499660610634e-06,0.5
2023-04-27,KLBF.JK,BBRI.JK,1.0747645465346377e-05,0.5
2023-04-27,ASII.JK,UNTR.JK,1.6764485714118213e-07,0.5
2023-04-27,ASII.JK,ICBP.JK,1.0741293464737062e-05,0.5
2023-04-27,ASII.JK,AMRT.JK,2.3038647816529758e-05,0.5
2023-04-27,ASII.JK,ADRO.JK,3.4903036732485347e-06,0.5
2023-04-27,ASII.JK,TPIA.JK,2.0139509407528395e-05,0.5
2023-04-27,ASII.JK,BBRI.JK,1.2758603213505207e-05,0.5
2023-04-27,UNTR.JK,ICBP.JK,9.657147562109666e-06,0.5
2023-04-27,UNTR.JK,AMRT.JK,9.358834249480446e-07,0.5
2023-04-27,UNTR.JK,ADRO.JK,-8.697320944725855e-06,0.5
2023-04-27,UNTR.JK,TPIA.JK,4.197908715747172e-06,0.5
2023-04-27,UNTR.JK,BBRI.JK,1.3252263299653393e-05,0.5
2023-04-27,ICBP.JK,AMRT.JK,1.3245688079344834e-05,0.5
2023-04-27,ICBP.JK,ADRO.JK,3.0802349830262897e-05,0.5
2023-04-27,ICBP.JK,TPIA.JK,9.487164551450705e-06,0.5
2023-04-27,ICBP.JK,BBRI.JK,2.9879725316758904e-06,0.5
2023-04-27,AMRT.JK,ADRO.JK,1.0868650663344308e-05,0.5
2023-04-27,AMRT.JK,TPIA.JK,3.8013187728784124e-06,0.5
2023-04-27,AMRT.JK,BBRI.JK,-1.601415809368993e-05,0.5
2023-04-27,ADRO.JK,TPIA.JK,1.4949368671401074e-05,0.5
2023-04-27,ADRO.JK,BBRI.JK,8.353322602106174e-06,0.5
2023-04-27,TPIA.JK,BBRI.JK,1.222924447348365e-05,0.5
2023-05-30,BBCA.JK,TLKM.JK,1.9170778862131068e-05,0.5
2023-05-30,BBCA.JK,SMGR.JK,2.061921492914187e-05,0.5
2023-05-30,BBCA.JK,BMRI.JK,5.1501298201290575e-06,0.5
2023-05-30,BBCA.JK,KLBF.JK,7.344645583541851e-06,0.5
2023-05-30,BBCA.JK,ASII.JK,1.8551708639749867e-06,0.5
2023-05-30,BBCA.JK,UNTR.JK,8.846852302827191e-06,0.5
2023-05-30,BBCA.JK,ICBP.JK,5.163193091255139e-07,0.5
2023-05-30,BBCA.JK,AMRT.JK,-9.58372471239014e-06,0.5
2023-05-30,BBCA.JK,ADRO.JK,4.33207246816037e-06,0.5
2023-05-30,BBCA.JK,TPIA.JK,1.2424434401962637e-05,0.5
2023-05-30,BBCA.JK,BBRI.JK,0.00011120616687196981,0.5
2023-05-30,TLKM.JK,SMGR.JK,4.908085651819598e-06,0.5
2023-05-30,TLKM.JK,BMRI.JK,2.7327814467021296e-05,0.5
2023-05-30,TLKM.JK,KLBF.JK,2.077132501207348e-05,0.5
2023-05-30,TLKM.JK,ASII.JK,2.592556881851931e-05,0.5
2023-05-30,TLKM.JK,UNTR.JK,1.4477246880664414e-05,0.5
2023-05-30,TLKM.JK,ICBP.JK,3.6852090115814535e-06,0.5
2023-05-30,TLKM.JK,AMRT.JK,6.746472958515799e-06,0.5
2023-05-30,TLKM.JK,ADRO.JK,1.7210817651670345e-05,0.5
2023-05-30,TLKM.JK,TPIA.JK,8.907596301567128e-06,0.5
2023-05-30,TLKM.JK,BBRI.JK,3.418325679812586e-05,0.5
2023-05-30,SMGR.JK,BMRI.JK,5.558288495068011e-06,0.5
2023-05-30,SMGR.JK,KLBF.JK,1.298488223204082e-05,0.5
2023-05-30,SMGR.JK,ASII.JK,1.285595812691156e-05,0.5
2023-05-30,SMGR.JK,UNTR.JK,-1.444486408709586e-06,0.5
2023-05-30,SMGR.JK,ICBP.JK,-8.54665121799886e-06,0.5
2023-05-30,SMGR.JK,AMRT.JK,1.981579537361516e-05,0.5
2023-05-30,SMGR.JK,ADRO.JK,3.23859826660985e-06,0.5
2023-05-30,SMGR.JK,TPIA.JK,6.112405244440065e-06,0.5
2023-05-30,SMGR.JK,BBRI.JK,3.51062060717514e-05,0.5
2023-05-30,BMRI.JK,KLBF.JK,2.5321815590610043e-05,0.5
2023-05-30,BMRI.JK,ASII.JK,3.18076286186031e-05,0.5
2023-05-30,BMRI.JK,UNTR.JK,-2.2303331949669503e-06,0.5
2023-05-30,BMRI.JK,ICBP.JK,9.031303137871184e-06,0.5
2023-05-30,BMRI.JK,AMRT.JK,9.00445867266745e-06,0.5
2023-05-30,BMRI.JK,ADRO.JK,1.577664103181843e-05,0.5
2023-05-30,BMRI.JK,TPIA.JK,2.1716972141979264e-06,0.5
2023-05-30,BMRI.JK,BBRI.JK,1.2335459650492086e-05,0.5
2023-05-30,KLBF.JK,ASII.JK,2.677748076311099e-05,0.5
2023-05-30,KLBF.JK,UNTR.JK,3.1142095494517883e-06,0.5
2023-05-30,KLBF.JK,ICBP.JK,1.9995992990257217e-05,0.5
2023-05-30,KLBF.JK,AMRT.JK,1.3601712807600425e-05,0.5
2023-05-30,KLBF.JK,ADRO.JK,1.2118592548791597e-05,0.5
2023-05-30,KLBF.JK,TPIA.JK,2.1164974862951727e-06,0.5
2023-05-30,KLBF.JK,BBRI.JK,1.7676028391265555e-06,0.5
2023-05-30,ASII.JK,UNTR.JK,-1.595157140610036e-06,0.5
2023-05-30,ASII.JK,ICBP.JK,7.840954378664396e-06,0.5
2023-05-30,ASII.JK,AMRT.JK,1.4378703880295741e-05,0.5
2023-05-30,ASII.JK,ADRO.JK,1.890717384475322e-06,0.5
2023-05-30,ASII.JK,TPIA.JK,7.458274977887348e-06,0.5
2023-05-30,ASII.JK,BBRI.JK,7.036587484520026e-07,0.5
2023-05-30,UNTR.JK,ICBP.JK,5.4860561628265075e-06,0.5
2023-05-30,UNTR.JK,AMRT.JK,-1.4111157133891035e-06,0.5
2023-05-30,UNTR.JK,ADRO.JK,-1.0382496480498604e-05,0.5
2023-05-30,UNTR.JK,TPIA.JK,6.164834267953692e-06,0.5
2023-05-30,UNTR.JK,BBRI.JK,1.9050781457641536e-05,0.5
2023-05-30,ICBP.JK,AMRT.JK,3.175533671973089e-06,0.5
2023-05-30,ICBP.JK,ADRO.JK,2.591801699478842e-05,0.5
2023-05-30,ICBP.JK,TPIA.JK,6.2074984133812355e-06,0.5
2023-05-30,ICBP.JK,BBRI.JK,-4.800411993868796e-06,0.5
2023-05-30,AMRT.JK,ADRO.JK,7.765992767489751e-06,0.5
2023-05-30,AMRT.JK,TPIA.JK,-1.8355852327032473e-06,0.5
2023-05-30,AMRT.JK,BBRI.JK,-8.727466824239104e-06,0.5
2023-05-30,ADRO.JK,TPIA.JK,1.2305680258280878e-05,0.5
2023-05-30,ADRO.JK,BBRI.JK,1.915556293244058e-06,0.5
2023-05-30,TPIA.JK,BBRI.JK,2.2240436871049364e-05,0.5
2023-07-05,BBCA.JK,TLKM.JK,1.2760160313367783e-05,0.5
2023-07-05,BBCA.JK,SMGR.JK,2.6282213936827546e-05,0.5
2023-07-05,BBCA.JK,BMRI.JK,9.084416446145333e-06,0.5
2023-07-05,BBCA.JK,KLBF.JK,6.118128172826147e-06,0.5
2023-07-05,BBCA.JK,ASII.JK,5.520107836817973e-06,0.5
2023-07-05,BBCA.JK,UNTR.JK,-3.7941571914195756e-07,0.5
2023-07-05,BBCA.JK,ICBP.JK,-1.0409001553089352e-06,0.5
2023-07-05,BBCA.JK,AMRT.JK,7.877533455746606e-07,0.5
2023-07-05,BBCA.JK,ADRO.JK,4.798033157319132e-06,0.5
2023-07-05,BBCA.JK,TPIA.JK,9.81959305291638e-06,0.5
2023-07-05,BBCA.JK,BBRI.JK,9.968809876443485e-05,0.5
2023-07-05,TLKM.JK,SMGR.JK,7.307046649947698e-06,0.5
2023-07-05,TLKM.JK,BMRI.JK,1.5541009206554704e-05,0.5
2023-07-05,TLKM.JK,KLBF.JK,9.61816084025792e-06,0.5
2023-07-05,TLKM.JK,ASII.JK,1.063119818029232e-05,0.5
2023-07-05,TLKM.JK,UNTR.JK,7.5841662758931335e-06,0.5
2023-07-05,TLKM.JK,ICBP.JK,1.5132691743248982e-05,0.5
2023-07-05,TLKM.JK,AMRT.JK,7.766710266924851e-06,0.5
2023-07-05,TLKM.JK,ADRO.JK,1.14662930845658e-05,0.5
2023-07-05,TLKM.JK,TPIA.JK,-3.9169167057485404e-06,0.5
2023-07-05,TLKM.JK,BBRI.JK,2.2364317489166628e-05,0.5
2023-07-05,SMGR.JK,BMRI.JK,6.863141139226329e-06,0.5
2023-07-05,SMGR.JK,KLBF.JK,7.4754169350360715e-06,0.5
2023-07-05,SMGR.JK,ASII.JK,1.415241320600403e-05,0.5
2023-07-05,SMGR.JK,UNTR.JK,-2.633915679377312e-06,0.5
2023-07-05,SMGR.JK,ICBP.JK,-6.26210016039053e-06,0.5
2023-07-05,SMGR.JK,AMRT.JK,9.649551111144237e-06,0.5
2023-07-05,SMGR.JK,ADRO.JK,1.333295873810033e-06,0.5
2023-07-05,SMGR.JK,TPIA.JK,6.687739548026417e-07,0.5
2023-07-05,SMGR.JK,BBRI.JK,3.684622663784722e-05,0.5
2023-07-05,BMRI.JK,KLBF.JK,1.66280794973328e-05,0.5
2023-07-05,BMRI.JK,ASII.JK,2.7315083879804556e-05,0.5
2023-07-05,BMRI.JK,UNTR.JK,-3.87293430142388e-06,0.5
2023-07-05,BMRI.JK,ICBP.JK,9.57584616672658e-06,0.5
2023-07-05,BMRI.JK,AMRT.JK,9.985213028753492e-06,0.5
2023-07-05,BMRI.JK,ADRO.JK,1.102424657331042e-05,0.5
2023-07-05,BMRI.JK,TPIA.JK,-3.1395185317976397e-06,0.5
2023-07-05,BMRI.JK,BBRI.JK,1.0313043138305986e-05,0.5
2023-07-05,KLBF.JK,ASII.JK,2.1528375171434604e-05,0.5
2023-07-05,KLBF.JK,UNTR.JK,4.186206262286998e-06,0.5
2023-07-05,KLBF.JK,ICBP.JK,1.5212434665635138e-05,0.5
2023-07-05,KLBF.JK,AMRT.JK,8.973721203057924e-06,0.5
2023-07-05,KLBF.JK,ADRO.JK,7.066169294300013e-06,0.5
2023-07-05,KLBF.JK,TPIA.JK,2.465023057396842e-06,0.5
2023-07-05,KLBF.JK,BBRI.JK,-5.437097645628039e-06,0.5
2023-07-05,ASII.JK,UNTR.JK,-5.32988920889023e-06,0.5
2023-07-05,ASII.JK,ICBP.JK,1.3277864422414892e-05,0.5
2023-07-05,ASII.JK,AMRT.JK,1.4747895796524274e-05,0.5
2023-07-05,ASII.JK,ADRO.JK,8.012796727289578e-06,0.5
2023-07-05,ASII.JK,TPIA.JK,9.805446547515397e-06,0.5
2023-07-05,ASII.JK,BBRI.JK,-2.8117494860420703e-06,0.5
2023-07-05,UNTR.JK,ICBP.JK,5.068961226772359e-07,0.5
2023-07-05,UNTR.JK,AMRT.JK,-9.421098067698751e-07,0.5
2023-07-05,UNTR.JK,ADRO.JK,-9.968674030030251e-06,0.5
2023-07-05,UNTR.JK,TPIA.JK,6.27474890477687e-06,0.5
2023-07-05,UNTR.JK,BBRI.JK,1.2775287627736235e-05,0.5
2023-07-05,ICBP.JK,AMRT.JK,1.1901148072304338e-05,0.5
2023-07-05,ICBP.JK,ADRO.JK,2.0508696068461084e-05,0.5
2023-07-05,ICBP.JK,TPIA.JK,6.721931370202587e-06,0.5
2023-07-05,ICBP.JK,BBRI.JK,-3.480437568597597e-06,0.5
2023-07-05,AMRT.JK,ADRO.JK,3.816294163449054e-06,0.5
2023-07-05,AMRT.JK,TPIA.JK,4.387934393983664e-07,0.5
2023-07-05,AMRT.JK,BBRI.JK,-3.4794264508270333e-06,0.5
2023-07-05,ADRO.JK,TPIA.JK,8.36398320507848e-06,0.5
2023-07-05,ADRO.JK,BBRI.JK,-2.4108176776393747e-06,0.5
2023-07-05,TPIA.JK,BBRI.JK,1.3983314007810735e-05,0.5
2023-08-04,BBCA.JK,TLKM.JK,2.184753050383349e-05,0.5
2023-08-04,BBCA.JK,SMGR.JK,1.541797868921199e-05,0.5
2023-08-04,BBCA.JK,BMRI.JK,8.88993866508759e-06,0.5
2023-08-04,BBCA.JK,KLBF.JK,1.3108818580778682e-06,0.5
2023-08-04,BBCA.JK,ASII.JK,1.1412229083353343e-05,0.5
2023-08-04,BBCA.JK,UNTR.JK,-2.2118506791236476e-06,0.5
2023-08-04,BBCA.JK,ICBP.JK,-4.4617532015803454e-07,0.5
2023-08-04,BBCA.JK,AMRT.JK,6.430166359920203e-06,0.5
2023-08-04,BBCA.JK,ADRO.JK,7.39980806257025e-06,0.5
2023-08-04,BBCA.JK,TPIA.JK,2.6251616216898434e-06,0.5
2023-08-04,BBCA.JK,BBRI.JK,9.00600158256297e-05,0.5
2023-08-04,TLKM.JK,SMGR.JK,7.498841207434125e-06,0.5
2023-08-04,TLKM.JK,BMRI.JK,1.690867106395533e-05,0.5
2023-08-04,TLKM.JK,KLBF.JK,1.1995842964087982e-05,0.5
2023-08-04,TLKM.JK,ASII.JK,1.0055244479449393e-05,0.5
2023-08-04,TLKM.JK,UNTR.JK,5.374348898189454e-06,0.5
2023-08-04,TLKM.JK,ICBP.JK,8.991912922485659e-06,0.5
2023-08-04,TLKM.JK,AMRT.JK,8.924080373433306e-06,0.5
2023-08-04,TLKM.JK,ADRO.JK,9.681871363358142e-06,0.5
2023-08-04,TLKM.JK,TPIA.JK,-7.651089375598387e-06,0.5
2023-08-04,TLKM.JK,BBRI.JK,1.8385239851983274e-05,0.5
2023-08-04,SMGR.JK,BMRI.JK,4.9920804712152895e-06,0.5
2023-08-04,SMGR.JK,KLBF.JK,-1.9967475825821843e-06,0.5
2023-08-04,SMGR.JK,ASII.JK,6.233177914832459e-06,0.5
2023-08-04,SMGR.JK,UNTR.JK,2.3946032810213235e-06,0.5
2023-08-04,SMGR.JK,ICBP.JK,-5.060330182941943e-06,0.5
2023-08-04,SMGR.JK,AMRT.JK,3.805663938744603e-06,0.5
2023-08-04,SMGR.JK,ADRO.JK,4.898392914646125e-06,0.5
2023-08-04,SMGR.JK,TPIA.JK,2.3743119907802054e-06,0.5
2023-08-04,SMGR.JK,BBRI.JK,4.012089909352784e-05,0.5
2023-08-04,BMRI.JK,KLBF.JK,1.132832272929427e-05,0.5
2023-08-04,BMRI.JK,ASII.JK,1.8296575616203183e-05,0.5
2023-08-04,BMRI.JK,UNTR.JK,-3.3230730204108105e-06,0.5
2023-08-04,BMRI.JK,ICBP.JK,4.568484323457193e-06,0.5
2023-08-04,BMRI.JK,AMRT.JK,4.5620061516048015e-06,0.5
2023-08-04,BMRI.JK,ADRO.JK,8.247285598213018e-06,0.5
2023-08-04,BMRI.JK,TPIA.JK,-7.194958945417716e-06,0.5
2023-08-04,BMRI.JK,BBRI.JK,6.3846296736259635e-06,0.5
2023-08-04,KLBF.JK,ASII.JK,1.2423472227073469e-05,0.5
2023-08-04,KLBF.JK,UNTR.JK,6.167853893198971e-06,0.5
2023-08-04,KLBF.JK,ICBP.JK,9.07561980781284e-06,0.5
2023-08-04,KLBF.JK,AMRT.JK,1.8909622620651907e-06,0.5
2023-08-04,KLBF.JK,ADRO.JK,7.145661612595743e-06,0.5
2023-08-04,KLBF.JK,TPIA.JK,-2.8446836127450607e-06,0.5
2023-08-04,KLBF.JK,BBRI.JK,-7.861351832935929e-06,0.5
2023-08-04,ASII.JK,UNTR.JK,-2.7498030834278285e-06,0.5
2023-08-04,ASII.JK,ICBP.JK,1.1115517051177384e-05,0.5
2023-08-04,ASII.JK,AMRT.JK,1.1779251563022722e-05,0.5
2023-08-04,ASII.JK,ADRO.JK,5.6170180447110575e-06,0.5
2023-08-04,ASII.JK,TPIA.JK,6.5033527643731125e-06,0.5
2023-08-04,ASII.JK,BBRI.JK,2.470507262109187e-06,0.5
2023-08-04,UNTR.JK,ICBP.JK,4.821012235440292e-06,0.5
2023-08-04,UNTR.JK,AMRT.JK,4.322950650056905e-06,0.5
2023-08-04,UNTR.JK,ADRO.JK,-8.877800479043925e-06,0.5
2023-08-04,UNTR.JK,TPIA.JK,5.465237206666196e-06,0.5
2023-08-04,UNTR.JK,BBRI.JK,9.723880002953288e-06,0.5
2023-08-04,ICBP.JK,AMRT.JK,2.656643680916313e-05,0.5
2023-08-04,ICBP.JK,ADRO.JK,1.872568991102987e-05,0.5
2023-08-04,ICBP.JK,TPIA.JK,4.020851970824406e-06,0.5
2023-08-04,ICBP.JK,BBRI.JK,2.4083758859112467e-07,0.5
2023-08-04,AMRT.JK,ADRO.JK,5.889646774582814e-06,0.5
2023-08-04,AMRT.JK,TPIA.JK,4.469235832085286e-06,0.5
2023-08-04,AMRT.JK,BBRI.JK,4.21605690350483e-07,0.5
2023-08-04,ADRO.JK,TPIA.JK,4.489608751499905e-06,0.5
2023-08-04,ADRO.JK,BBRI.JK,-3.06726665399142e-06,0.5
2023-08-04,TPIA.JK,BBRI.JK,1.3011568722086992e-05,0.5
2023-09-05,BBCA.JK,TLKM.JK,2.159822945962469e-05,0.5
2023-09-05,BBCA.JK,SMGR.JK,1.1129691480595877e-05,0.5
2023-09-05,BBCA.JK,BMRI.JK,8.644171520521228e-06,0.5
2023-09-05,BBCA.JK,KLBF.JK,-1.1005022085897251e-06,0.5
2023-09-05,BBCA.JK,ASII.JK,1.1233712557289912e-05,0.5
2023-09-05,BBCA.JK,UNTR.JK,-5.357793149873158e-06,0.5
2023-09-05,BBCA.JK,ICBP.JK,4.654701676834029e-06,0.5
2023-09-05,BBCA.JK,AMRT.JK,1.3986897741785397e-05,0.5
2023-09-05,BBCA.JK,ADRO.JK,1.1034379963616643e-05,0.5
2023-09-05,BBCA.JK,TPIA.JK,-2.231524074698256e-07,0.5
2023-09-05,BBCA.JK,BBRI.JK,8.574319136042807e-05,0.5
2023-09-05,TLKM.JK,SMGR.JK,1.0575543677906685e-05,0.5
2023-09-05,TLKM.JK,BMRI.JK,1.1133136037522432e-05,0.5
2023-09-05,TLKM.JK,KLBF.JK,6.30422630748701e-06,0.5
2023-09-05,TLKM.JK,ASII.JK,6.625876797163215e-06,0.5
2023-09-05,TLKM.JK,UNTR.JK,1.5237968129975325e-06,0.5
2023-09-05,TLKM.JK,ICBP.JK,8.39264117197988e-06,0.5
2023-09-05,TLKM.JK,AMRT.JK,1.0088078923853742e-05,0.5
2023-09-05,TLKM.JK,ADRO.JK,8.070231479039294e-06,0.5
2023-09-05,TLKM.JK,TPIA.JK,-1.3785112703652796e-06,0.5
2023-09-05,TLKM.JK,BBRI.JK,1.723604122412159e-05,0.5
2023-09-05,SMGR.JK,BMRI.JK,1.0374900407378414e-05,0.5
2023-09-05,SMGR.JK,KLBF.JK,4.452521141381817e-07,0.5
2023-09-05,SMGR.JK,ASII.JK,7.671989320439905e-06,0.5
2023-09-05,SMGR.JK,UNTR.JK,-8.456285295482017e-07,0.5
2023-09-05,SMGR.JK,ICBP.JK,-7.532948010885603e-07,0.5
2023-09-05,SMGR.JK,AMRT.JK,6.2678012300899955e-06,0.5
2023-09-05,SMGR.JK,ADRO.JK,9.59330759948385e-06,0.5
2023-09-05,SMGR.JK,TPIA.JK,1.5693662765317036e-06,0.5
2023-09-05,SMGR.JK,BBRI.JK,4.1079239210657356e-05,0.5
2023-09-05,BMRI.JK,KLBF.JK,1.1809123608861213e-05,0.5
2023-09-05,BMRI.JK,ASII.JK,1.45858467635681e-05,0.5
2023-09-05,BMRI.JK,UNTR.JK,-2.7934672217085257e-06,0.5
2023-09-05,BMRI.JK,ICBP.JK,4.328200630189071e-06,0.5
2023-09-05,BMRI.JK,AMRT.JK,3.498097178299578e-06,0.5
2023-09-05,BMRI.JK,ADRO.JK,6.4702747841627435e-06,0.5
2023-09-05,BMRI.JK,TPIA.JK,-9.384476175079109e-06,0.5
2023-09-05,BMRI.JK,BBRI.JK,6.118681589107015e-06,0.5
2023-09-05,KLBF.JK,ASII.JK,1.2379384358224631e-05,0.5
2023-09-05,KLBF.JK,UNTR.JK,2.598219835241295e-06,0.5
2023-09-05,KLBF.JK,ICBP.JK,7.644224411944798e-06,0.5
2023-09-05,KLBF.JK,AMRT.JK,3.389979063352627e-07,0.5
2023-09-05,KLBF.JK,ADRO.JK,5.846879801960772e-06,0.5
2023-09-05,KLBF.JK,TPIA.JK,-4.987924799669705e-06,0.5
2023-09-05,KLBF.JK,BBRI.JK,-9.75950593191723e-06,0.5
2023-09-05,ASII.JK,UNTR.JK,-2.7809567543833664e-06,0.5
2023-09-05,ASII.JK,ICBP.JK,1.1763407063785034e-05,0.5
2023-09-05,ASII.JK,AMRT.JK,9.149436124626977e-06,0.5
2023-09-05,ASII.JK,ADRO.JK,6.948774199443268e-06,0.5
2023-09-05,ASII.JK,TPIA.JK,4.662033403106487e-06,0.5
2023-09-05,ASII.JK,BBRI.JK,-1.4147142990813828e-06,0.5
2023-09-05,UNTR.JK,ICBP.JK,4.3076197009846885e-06,0.5
2023-09-05,UNTR.JK,AMRT.JK,8.80837124168774e-06,0.5
2023-09-05,UNTR.JK,ADRO.JK,-6.861424479442798e-06,0.5
2023-09-05,UNTR.JK,TPIA.JK,8.168174836495139e-06,0.5
2023-09-05,UNTR.JK,BBRI.JK,5.114364076485832e-06,0.5
2023-09-05,ICBP.JK,AMRT.JK,2.4137284956617543e-05,0.5
2023-09-05,ICBP.JK,ADRO.JK,1.7473022393402752e-05,0.5
2023-09-05,ICBP.JK,TPIA.JK,-1.742413006406222e-06,0.5
2023-09-05,ICBP.JK,BBRI.JK,1.0150607384624323e-06,0.5
2023-09-05,AMRT.JK,ADRO.JK,5.543301084583261e-06,0.5
2023-09-05,AMRT.JK,TPIA.JK,5.595793719314941e-06,0.5
2023-09-05,AMRT.JK,BBRI.JK,4.054163445134207e-06,0.5
2023-09-05,ADRO.JK,TPIA.JK,4.576056472602048e-06,0.5
2023-09-05,ADRO.JK,BBRI.JK,1.563476514868037e-06,0.5
2023-09-05,TPIA.JK,BBRI.JK,9.564877394651121e-06,0.5
2023-10-05,BBCA.JK,TLKM.JK,9.970224850997789e-06,0.5
2023-10-05,BBCA.JK,SMGR.JK,9.178850368508415e-06,0.5
2023-10-05,BBCA.JK,BMRI.JK,1.3701606540850306e-07,0.5
2023-10-05,BBCA.JK,KLBF.JK,-5.349139639063609e-06,0.5
2023-10-05,BBCA.JK,ASII.JK,4.5724298678002645e-06,0.5
2023-10-05,BBCA.JK,UNTR.JK,-6.3829668237595e-06,0.5
2023-10-05,BBCA.JK,ICBP.JK,-1.0797972220836259e-05,0.5
2023-10-05,BBCA.JK,AMRT.JK,8.211293297123486e-06,0.5
2023-10-05,BBCA.JK,ADRO.JK,1.0860819667576352e-05,0.5
2023-10-05,BBCA.JK,TPIA.JK,-4.556662443986024e-06,0.5
2023-10-05,BBCA.JK,BBRI.JK,7.965081640410014e-05,0.5
2023-10-05,TLKM.JK,SMGR.JK,1.2293694903330808e-05,0.5
2023-10-05,TLKM.JK,BMRI.JK,4.510865869699781e-06,0.5
2023-10-05,TLKM.JK,KLBF.JK,-1.0806573795538204e-06,0.5
2023-10-05,TLKM.JK,ASII.JK,-2.1182089354244603e-06,0.5
2023-10-05,TLKM.JK,UNTR.JK,3.0133004299555364e-06,0.5
2023-10-05,TLKM.JK,ICBP.JK,7.0244856516152635e-06,0.5
2023-10-05,TLKM.JK,AMRT.JK,1.0609451946254426e-05,0.5
2023-10-05,TLKM.JK,ADRO.JK,1.181538522671476e-05,0.5
2023-10-05,TLKM.JK,TPIA.JK,4.366807081516522e-06,0.5
2023-10-05,TLKM.JK,BBRI.JK,1.5728666690583378e-05,0.5
2023-10-05,SMGR.JK,BMRI.JK,1.0336397952535742e-05,0.5
2023-10-05,SMGR.JK,KLBF.JK,5.610466965626448e-06,0.5
2023-10-05,SMGR.JK,ASII.JK,8.742639510426928e-06,0.5
2023-10-05,SMGR.JK,UNTR.JK,-2.732435010645812e-06,0.5
2023-10-05,SMGR.JK,ICBP.JK,1.8017160619511627e-06,0.5
2023-10-05,SMGR.JK,AMRT.JK,9.936861101025628e-06,0.5
2023-10-05,SMGR.JK,ADRO.JK,1.1134355945668894e-05,0.5
2023-10-05,SMGR.JK,TPIA.JK,-1.4578769742552053e-06,0.5
2023-10-05,SMGR.JK,BBRI.JK,2.828157466347642e-05,0.5
2023-10-05,BMRI.JK,KLBF.JK,1.0987229981733898e-05,0.5
2023-10-05,BMRI.JK,ASII.JK,1.088087773553102e-05,0.5
2023-10-05,BMRI.JK,UNTR.JK,-3.857263832788614e-06,0.5
2023-10-05,BMRI.JK,ICBP.JK,4.4273409333663435e-06,0.5
2023-10-05,BMRI.JK,AMRT.JK,4.277671396657928e-06,0.5
2023-10-05,BMRI.JK,ADRO.JK,7.334717049866269e-06,0.5
2023-10-05,BMRI.JK,TPIA.JK,-5.998850388801258e-06,0.5
2023-10-05,BMRI.JK,BBRI.JK,-1.3507790622651174e-06,0.5
2023-10-05,KLBF.JK,ASII.JK,9.065499469628231e-06,0.5
2023-10-05,KLBF.JK,UNTR.JK,1.0401961819394623e-06,0.5
2023-10-05,KLBF.JK,ICBP.JK,3.1458462403436244e-06,0.5
2023-10-05,KLBF.JK,AMRT.JK,-8.89555433478454e-07,0.5
2023-10-05,KLBF.JK,ADRO.JK,6.5236944349926115e-06,0.5
2023-10-05,KLBF.JK,TPIA.JK,-7.083612131206284e-06,0.5
2023-10-05,KLBF.JK,BBRI.JK,-8.41929046386481e-06,0.5
2023-10-05,ASII.JK,UNTR.JK,-4.5447934901615715e-06,0.5
2023-10-05,ASII.JK,ICBP.JK,5.031277853289315e-06,0.5
2023-10-05,ASII.JK,AMRT.JK,7.969237387246783e-06,0.5
2023-10-05,ASII.JK,ADRO.JK,7.839917960357798e-06,0.5
2023-10-05,ASII.JK,TPIA.JK,8.547732048622829e-06,0.5
2023-10-05,ASII.JK,BBRI.JK,-2.607315245457098e-06,0.5
2023-10-05,UNTR.JK,ICBP.JK,3.584170133367358e-06,0.5
2023-10-05,UNTR.JK,AMRT.JK,3.369745255488633e-06,0.5
2023-10-05,UNTR.JK,ADRO.JK,-3.5895177571277915e-06,0.5
2023-10-05,UNTR.JK,TPIA.JK,1.9670878026976394e-06,0.5
2023-10-05,UNTR.JK,BBRI.JK,2.696286661023397e-06,0.5
2023-10-05,ICBP.JK,AMRT.JK,2.8206870517399194e-05,0.5
2023-10-05,ICBP.JK,ADRO.JK,8.063965077921048e-06,0.5
2023-10-05,ICBP.JK,TPIA.JK,5.977213041932666e-06,0.5
2023-10-05,ICBP.JK,BBRI.JK,-6.406463258336913e-06,0.5
2023-10-05,AMRT.JK,ADRO.JK,6.16737445119948e-06,0.5
2023-10-05,AMRT.JK,TPIA.JK,2.320102182927606e-06,0.5
2023-10-05,AMRT.JK,BBRI.JK,1.0499292193152297e-05,0.5
2023-10-05,ADRO.JK,TPIA.JK,6.445184937254207e-06,0.5
2023-10-05,ADRO.JK,BBRI.JK,6.497849731191666e-06,0.5
2023-10-05,TPIA.JK,BBRI.JK,1.9786602092886653e-05,0.5
2023-11-03,BBCA.JK,TLKM.JK,8.314659816025527e-06,0.5
2023-11-03,BBCA.JK,SMGR.JK,3.1216457012228772e-06,0.5
2023-11-03,BBCA.JK,BMRI.JK,-1.3603167621507381e-07,0.5
2023-11-03,BBCA.JK,KLBF.JK,-2.2923048826450158e-06,0.5
2023-11-03,BBCA.JK,ASII.JK,-5.881882144301519e-07,0.5
2023-11-03,BBCA.JK,UNTR.JK,-1.824546487276035e-05,0.5
2023-11-03,BBCA.JK,ICBP.JK,-1.8269069004344506e-05,0.5
2023-11-03,BBCA.JK,AMRT.JK,1.4942380269509958e-05,0.5
2023-11-03,BBCA.JK,ADRO.JK,5.338972275308112e-06,0.5
2023-11-03,BBCA.JK,TPIA.JK,-1.204605578742238e-05,0.5
2023-11-03,BBCA.JK,BBRI.JK,0.0001003016752764243,0.5
2023-11-03,TLKM.JK,SMGR.JK,5.635826626294517e-06,0.5
2023-11-03,TLKM.JK,BMRI.JK,4.803037392345283e-06,0.5
2023-11-03,TLKM.JK,KLBF.JK,1.0705550416213593e-06,0.5
2023-11-03,TLKM.JK,ASII.JK,-1.728381655079952e-06,0.5
2023-11-03,TLKM.JK,UNTR.JK,-1.8506755854528276e-06,0.5
2023-11-03,TLKM.JK,ICBP.JK,-2.3637213875584184e-06,0.5
2023-11-03,TLKM.JK,AMRT.JK,6.624755687981312e-06,0.5
2023-11-03,TLKM.JK,ADRO.JK,4.09236529081908e-06,0.5
2023-11-03,TLKM.JK,TPIA.JK,-2.4306763979183554e-06,0.5
2023-11-03,TLKM.JK,BBRI.JK,1.8717113170968396e-05,0.5
2023-11-03,SMGR.JK,BMRI.JK,7.892105440720045e-06,0.5
2023-11-03,SMGR.JK,KLBF.JK,8.07406934890124e-06,0.5
2023-11-03,SMGR.JK,ASII.JK,8.420880342469493e-06,0.5
2023-11-03,SMGR.JK,UNTR.JK,4.125645443989309e-07,0.5
2023-11-03,SMGR.JK,ICBP.JK,2.2559128656474252e-06,0.5
2023-11-03,SMGR.JK,AMRT.JK,1.397305141138237e-05,0.5
2023-11-03,SMGR.JK,ADRO.JK,1.4177760293409783e-05,0.5
2023-11-03,SMGR.JK,TPIA.JK,-4.842231105637918e-06,0.5
2023-11-03,SMGR.JK,BBRI.JK,2.499374955840747e-05,0.5
2023-11-03,BMRI.JK,KLBF.JK,1.7881326460726935e-05,0.5
2023-11-03,BMRI.JK,ASII.JK,1.155741539130165e-05,0.5
2023-11-03,BMRI.JK,UNTR.JK,-2.804850376511057e-06,0.5
2023-11-03,BMRI.JK,ICBP.JK,2.5062677797839343e-07,0.5
2023-11-03,BMRI.JK,AMRT.JK,5.496582543621595e-06,0.5
2023-11-03,BMRI.JK,ADRO.JK,4.006169655542236e-06,0.5
2023-11-03,BMRI.JK,TPIA.JK,-1.2933468509556801e-05,0.5
2023-11-03,BMRI.JK,BBRI.JK,-2.9933530175941027e-06,0.5
2023-11-03,KLBF.JK,ASII.JK,1.762417138004455e-05,0.5
2023-11-03,KLBF.JK,UNTR.JK,3.6270463661942874e-06,0.5
2023-11-03,KLBF.JK,ICBP.JK,1.5300151801935578e-06,0.5
2023-11-03,KLBF.JK,AMRT.JK,1.541708863877358e-06,0.5
2023-11-03,KLBF.JK,ADRO.JK,8.806720617249913e-06,0.5
2023-11-03,KLBF.JK,TPIA.JK,-9.835207474240353e-06,0.5
2023-11-03,KLBF.JK,BBRI.JK,-4.611846389823578e-06,0.5
2023-11-03,ASII.JK,UNTR.JK,-7.947077259787783e-07,0.5
2023-11-03,ASII.JK,ICBP.JK,4.871186355605865e-06,0.5
2023-11-03,ASII.JK,AMRT.JK,9.079410482768658e-06,0.5
2023-11-03,ASII.JK,ADRO.JK,7.216292293560566e-06,0.5
2023-11-03,ASII.JK,TPIA.JK,5.886145805750946e-06,0.5
2023-11-03,ASII.JK,BBRI.JK,-9.78057606861268e-08,0.5
2023-11-03,UNTR.JK,ICBP.JK,1.8195229091105865e-05,0.5
2023-11-03,UNTR.JK,AMRT.JK,-1.6784658014605378e-06,0.5
2023-11-03,UNTR.JK,ADRO.JK,9.695141254440705e-07,0.5
2023-11-03,UNTR.JK,TPIA.JK,3.350865176740214e-06,0.5
2023-11-03,UNTR.JK,BBRI.JK,-5.671389139342287e-06,0.5
2023-11-03,ICBP.JK,AMRT.JK,2.7228828137026318e-05,0.5
2023-11-03,ICBP.JK,ADRO.JK,2.8233197078862867e-06,0.5
2023-11-03,ICBP.JK,TPIA.JK,1.3756100969912683e-05,0.5
2023-11-03,ICBP.JK,BBRI.JK,-6.662115480010643e-06,0.5
2023-11-03,AMRT.JK,ADRO.JK,1.315332988604743e-05,0.5
2023-11-03,AMRT.JK,TPIA.JK,2.478459530533769e-06,0.5
2023-11-03,AMRT.JK,BBRI.JK,1.72992379440545e-05,0.5
2023-11-03,ADRO.JK,TPIA.JK,6.848289587964118e-06,0.5
2023-11-03,ADRO.JK,BBRI.JK,6.494227193472071e-06,0.5
2023-11-03,TPIA.JK,BBRI.JK,1.9987245662320913e-05,0.5
2023-12-04,BBCA.JK,TLKM.JK,7.4552043640567e-07,0.5
2023-12-04,BBCA.JK,SMGR.JK,5.158716280648792e-06,0.5
2023-12-04,BBCA.JK,BMRI.JK,2.4389777028388007e-06,0.5
2023-12-04,BBCA.JK,KLBF.JK,4.498370491806006e-06,0.5
2023-12-04,BBCA.JK,ASII.JK,5.616341907795342e-06,0.5
2023-12-04,BBCA.JK,UNTR.JK,-9.003402248926678e-06,0.5
2023-12-04,BBCA.JK,ICBP.JK,-1.0083772152334674e-05,0.5
2023-12-04,BBCA.JK,AMRT.JK,6.614295898834795e-06,0.5
2023-12-04,BBCA.JK,ADRO.JK,8.808556522087245e-06,0.5
2023-12-04,BBCA.JK,TPIA.JK,-1.6509560986286406e-05,0.5
2023-12-04,BBCA.JK,BBRI.JK,5.467438431139057e-05,0.5
2023-12-04,TLKM.JK,SMGR.JK,6.483485034623152e-06,0.5
2023-12-04,TLKM.JK,BMRI.JK,5.445591693023215e-06,0.5
2023-12-04,TLKM.JK,KLBF.JK,2.7581322416399184e-06,0.5
2023-12-04,TLKM.JK,ASII.JK,2.822440518624393e-07,0.5
2023-12-04,TLKM.JK,UNTR.JK,-7.492500865358431e-07,0.5
2023-12-04,TLKM.JK,ICBP.JK,-4.529376312586467e-06,0.5
2023-12-04,TLKM.JK,AMRT.JK,2.1456331358750696e-06,0.5
2023-12-04,TLKM.JK,ADRO.JK,4.3148686970539825e-06,0.5
2023-12-04,TLKM.JK,TPIA.JK,-6.466643829642863e-06,0.5
2023-12-04,TLKM.JK,BBRI.JK,1.0385158698631245e-05,0.5
2023-12-04,SMGR.JK,BMRI.JK,5.613422168937548e-06,0.5
2023-12-04,SMGR.JK,KLBF.JK,8.634537419686295e-06,0.5
2023-12-04,SMGR.JK,ASII.JK,8.638964971390148e-06,0.5
2023-12-04,SMGR.JK,UNTR.JK,-1.8405811451756927e-05,0.5
2023-12-04,SMGR.JK,ICBP.JK,6.512248204878489e-06,0.5
2023-12-04,SMGR.JK,AMRT.JK,8.645132594668836e-06,0.5
2023-12-04,SMGR.JK,ADRO.JK,1.284461771484545e-05,0.5
2023-12-04,SMGR.JK,TPIA.JK,-7.117210727261298e-06,0.5
2023-12-04,SMGR.JK,BBRI.JK,2.450861373616978e-05,0.5
2023-12-04,BMRI.JK,KLBF.JK,1.7654279258152743e-05,0.5
2023-12-04,BMRI.JK,ASII.JK,1.23074927982793e-05,0.5
2023-12-04,BMRI.JK,UNTR.JK,1.0812793820632857e-06,0.5
2023-12-04,BMRI.JK,ICBP.JK,3.211190584214757e-06,0.5
2023-12-04,BMRI.JK,AMRT.JK,6.464888583273579e-06,0.5
2023-12-04,BMRI.JK,ADRO.JK,3.3760504804151407e-06,0.5
2023-12-04,BMRI.JK,TPIA.JK,-1.0076884124987939e-05,0.5
2023-12-04,BMRI.JK,BBRI.JK,6.465006716100612e-07,0.5
2023-12-04,KLBF.JK,ASII.JK,2.0074701800572034e-05,0.5
2023-12-04,KLBF.JK,UNTR.JK,2.839122638333176e-06,0.5
2023-12-04,KLBF.JK,ICBP.JK,3.529586859010936e-06,0.5
2023-12-04,KLBF.JK,AMRT.JK,3.2189280269434825e-06,0.5
2023-12-04,KLBF.JK,ADRO.JK,4.582969723251352e-06,0.5
2023-12-04,KLBF.JK,TPIA.JK,-6.5599265625293e-06,0.5
2023-12-04,KLBF.JK,BBRI.JK,2.532000535746679e-06,0.5
2023-12-04,ASII.JK,UNTR.JK,-7.311071052567407e-07,0.5
2023-12-04,ASII.JK,ICBP.JK,7.386558364132476e-06,0.5
2023-12-04,ASII.JK,AMRT.JK,1.4225846086337709e-05,0.5
2023-12-04,ASII.JK,ADRO.JK,8.061709363634333e-06,0.5
2023-12-04,ASII.JK,TPIA.JK,2.882451410026024e-06,0.5
2023-12-04,ASII.JK,BBRI.JK,8.11618080110476e-06,0.5
2023-12-04,UNTR.JK,ICBP.JK,1.2150151600481508e-05,0.5
2023-12-04,UNTR.JK,AMRT.JK,2.221308653334389e-07,0.5
2023-12-04,UNTR.JK,ADRO.JK,3.1766767269059217e-06,0.5
2023-12-04,UNTR.JK,TPIA.JK,8.361379427806804e-06,0.5
2023-12-04,UNTR.JK,BBRI.JK,-2.35857579621404e-05,0.5
2023-12-04,ICBP.JK,AMRT.JK,3.522239599662859e-05,0.5
2023-12-04,ICBP.JK,ADRO.JK,4.630024517905929e-06,0.5
2023-12-04,ICBP.JK,TPIA.JK,1.1179314667029311e-05,0.5
2023-12-04,ICBP.JK,BBRI.JK,-5.081950504029248e-06,0.5
2023-12-04,AMRT.JK,ADRO.JK,1.7050345098244104e-05,0.5
2023-12-04,AMRT.JK,TPIA.JK,-2.1813676094437975e-06,0.5
2023-12-04,AMRT.JK,BBRI.JK,1.2171777247917338e-05,0.5
2023-12-04,ADRO.JK,TPIA.JK,7.22597895234666e-07,0.5
2023-12-04,ADRO.JK,BBRI.JK,1.0121863494309733e-05,0.5
2023-12-04,TPIA.JK,BBRI.JK,2.8339793842204683e-06,0.5
