Depth,Iteration,Energy,Entropy,Grad_Var,Penalty_Scale
1,10,0.6342383781318687,8.261109252047812e-05,0.00037121720517922763,0.7129898714923074
1,20,0.6915323403213208,9.957673334830952e-05,0.0002696384505134674,0.7702837004515106
1,30,0.748824833658476,8.670194401032215e-05,0.00020987831236313404,0.8275775294107139
1,40,0.8061147810033389,0.000133020913144929,0.0002742022581687096,0.8848713583699171
1,50,0.8634073242816459,0.0001468126798737676,0.00045631202037552603,0.9421651873291205
1,60,0.9206980892423456,0.0001174362359973984,0.0003972675999975705,0.9994590162883237
1,70,0.9779932582613011,0.00014677205384373566,0.000305949938469987,1.056752845247527
1,80,1.0352851144504926,0.00015986466550220243,0.0001536795836742613,1.1140466742067303
1,90,1.0925699829916808,0.0001718695558768494,0.00048790981942209503,1.1713405031659334
1,100,1.1498625310834993,0.00017920725186705466,9.540242972695638e-05,1.2286343321251367
1,110,1.2071538878540027,0.00016288591012586411,0.0003189062179367563,1.2859281610843403
1,120,1.2644469120099884,0.00018767106478306112,0.0005204365480166067,1.3432219900435434
1,130,1.3217381564500077,0.00018847843516108144,0.0002514728020524165,1.4005158190027465
1,140,1.379030350653781,0.00022283217049040314,0.00020279134503416036,1.4578096479619498
1,150,1.4363181468620394,0.00028872727472122896,0.0005670739334902809,1.5151034769211533
1,160,1.4936057709925563,0.0002902761413911391,0.0005872917156273108,1.5723973058803564
1,170,1.5509011612245882,0.0003269016832896318,0.0005681855436973324,1.6296911348395595
1,180,1.6081870625134371,0.00033783838774820217,0.0006654533656396125,1.6869849637987628
1,190,1.6654715153248036,0.00034908452368771856,0.000494507195331528,1.7442787927579664
1,200,1.7227547144158755,0.0003864321764206517,0.0006168499375227128,1.8015726217171695
1,210,1.7800363509353643,0.00047214994960157575,0.0014403408662315923,1.8588664506763728
1,220,1.8373136598282118,0.0005382477682565562,0.0011081479579648562,1.9161602796355763
1,230,1.8945917700884733,0.0005344671076443936,0.0010529433938905844,1.9734541085947794
1,240,1.951866524331,0.0006138094917373322,0.000529904979874188,2.0307479375539823
1,250,2.0091504995022405,0.0005945146364597334,0.0004530042439678657,2.0880417665131854
1,260,2.0664329024000976,0.0006109466665656314,0.0009463799240568237,2.1453355954723894
1,270,2.123700580911294,0.0006838720610557471,0.0009872981662007816,2.2026294244315925
1,280,2.1809804780935442,0.000778799832882444,0.0012218179404472735,2.2599232533907956
1,290,2.238237021785351,0.0008346913457003067,0.0016136927631521894,2.317217082349999
1,300,2.2955085652963967,0.0008912442304946392,0.0011017842549641355,2.374510911309202
1,310,2.3527582193107452,0.0009834512458886592,0.0016518671488958525,2.4318047402684053
1,320,2.409970742420747,0.0011016955085926287,0.002977987493859181,2.489098569227609
1,330,2.4672247125039344,0.0011205989945704943,0.001577331060351745,2.5463923981868115
1,340,2.524416760484105,0.0012678711856096963,0.004008307358497572,2.6036862271460155
1,350,2.581687525769472,0.0012470489776138375,0.0008769369188975394,2.6609800561052186
1,360,2.6388999110137914,0.0014558555789655108,0.00281667371702844,2.7182738850644217
1,370,2.6961262166696853,0.0014516668110331125,0.0035488341833668563,2.7755677140236257
1,380,2.7533153243943542,0.0016356135432203478,0.004492448471653521,2.8328615429828283
1,390,2.8104720352293726,0.0019189803120293494,0.005236974372450963,2.8901553719420314
1,400,2.8676571770444723,0.0019558241109977445,0.004007317848386034,2.9474492009012345
1,410,2.924767500932421,0.00221539535534096,0.005051758101849229,3.0047430298604385
1,420,2.9819737557338977,0.002230991893420082,0.0033833119975967656,3.0620368588196416
1,430,3.0390981104215604,0.002512311202477599,0.005196476773210414,3.1193306877788447
1,440,3.09617318644133,0.002524133187233104,0.008431935384194768,3.1766245167380487
1,450,3.1532466797644187,0.0027831640770922526,0.0072761401437529405,3.233918345697252
1,460,3.210188863640649,0.0032531208601400004,0.013145626521393252,3.2912121746564544
1,470,3.2671646120712285,0.003559518648156977,0.009451250815147135,3.3485060036156575
1,480,3.3239497099999054,0.0037119392206391554,0.015618327241282277,3.4057998325748606
1,490,3.380853367872874,0.0037988160431549787,0.011615273809629172,3.4630936615340637
1,500,3.437836997749023,0.004193900064050067,0.009718462783377242,3.5203874904932677
1,510,3.494558777209122,0.004624227120748115,0.01935385739898392,3.577681319452471
1,520,3.5508788783147542,0.0052972807261086234,0.03562959219440803,3.634975148411674
1,530,3.607471848263344,0.006092506064934059,0.01949359940589717,3.692268977370878
1,540,3.6640118714685133,0.005806781274053666,0.025601058612342666,3.7495628063300805
1,550,3.7207315076094187,0.006370461543685948,0.016489174034698257,3.8068566352892836
1,560,3.7768541057108136,0.006861645569608297,0.03739689090201785,3.8641504642484867
1,570,3.8332320852782735,0.007152201674931688,0.03330115635783951,3.9214442932076907
1,580,3.8892898105734925,0.007836815543512366,0.042614308258612926,3.978738122166894
1,590,3.944646295287949,0.00889910112966791,0.07084919220456444,4.036031951126097
1,600,4.0004915402578325,0.009399584923239947,0.049664399706280817,4.0933257800853005
1,610,4.055304031354776,0.010886990038801019,0.0808629138121402,4.1506196090445036
1,620,4.110216598615304,0.011640711453225067,0.08347667150530254,4.207913438003707
1,630,4.16361135471169,0.012925414973809996,0.13708994718832698,4.265207266962911
1,640,4.218276353179342,0.013178874337463604,0.09352647420407854,4.322501095922113
1,650,4.2731087764914415,0.013508416306357334,0.09580853541943976,4.379794924881316
1,660,4.325258511137615,0.015381661526296036,0.1751108237839809,4.43708875384052
1,670,4.372422690347414,0.01747144267095284,0.383139230447212,4.494382582799723
1,680,4.426938957348514,0.018330625958442544,0.0812908521413676,4.551676411758926
1,690,4.476388098272625,0.02188509936684709,0.27744560014206365,4.608970240718129
1,700,4.522105234722257,0.024768028045666957,0.42260574571554155,4.666264069677333
1,710,4.574134711418314,0.025315881184885723,0.19115394719660322,4.723557898636536
1,720,4.62263800429177,0.02609744475508867,0.30075361367511455,4.780851727595739
1,730,4.6677590929970405,0.028987619077903263,0.4192034027155823,4.838145556554943
1,740,4.71433785325343,0.036127922456188316,0.355631786550055,4.895439385514146
1,750,4.759980818049226,0.038635269848155906,0.36257875765214725,4.952733214473349
1,760,4.803700783337219,0.04200171768322581,0.40415707063387396,5.010027043432552
1,770,4.848125249373742,0.04780054719453494,0.41283675821951277,5.067320872391756
1,780,4.895042715257181,0.05367561247931784,0.3265332104433449,5.124614701350959
1,790,4.925571690346154,0.05661529554496679,0.7277638225243669,5.181908530310162
1,800,4.975711218903455,0.056630567784381164,0.22119657850192365,5.239202359269366
1,810,5.016775554095507,0.06392534594037816,0.4891414164901825,5.296496188228569
1,820,5.0449053962437125,0.07158907744536966,0.8386864079970333,5.353790017187772
1,830,5.078718326742225,0.0801372179124875,0.5267014963325914,5.411083846146975
1,840,5.114009900057506,0.08943669536155743,0.5733589339411154,5.468377675106179
1,850,5.135952057110703,0.09988314682273401,0.7272987286957133,5.525671504065382
1,860,5.1659750573698595,0.10130801582982579,0.6805042900353651,5.582965333024585
1,870,5.193230407287754,0.10814163976983399,0.7392051123459411,5.640259161983789
1,880,5.22598009989912,0.1114692926352226,0.6774006099278564,5.6975529909429925
1,890,5.2613097065340675,0.11887762156656856,0.5017273778689633,5.754846819902196
1,900,5.290586508030863,0.12157946444208459,0.4590240445373982,5.812140648861398
1,910,5.322676703314349,0.13025316447829866,0.5768347511631002,5.869434477820602
1,920,5.35550970227549,0.1368818588907074,0.6573450328936781,5.926728306779805
1,930,5.390404802039808,0.14003630456065297,0.6092200375942094,5.984022135739008
1,940,5.427302547050477,0.14059467475345933,0.6282546117717204,6.041315964698211
1,950,5.45917925115455,0.14888655124684497,0.6634039458271402,6.098609793657414
1,960,5.476766732503344,0.1577107820735355,0.8864324040848759,6.155903622616617
1,970,5.5016141117748365,0.16350015627213824,0.5851366163081276,6.21319745157582
1,980,5.530548873411031,0.16989102130599953,0.5532974607425801,6.270491280535024
1,990,5.541708673164673,0.17087767528700004,0.892960994938582,6.3277851094942275
1,1000,5.552814766484703,0.18035298695657662,0.8194764606664424,6.3850789384534306
1,1010,5.578338210799416,0.18200589868195022,0.6285999832970763,6.4423727674126345
1,1020,5.592740841174029,0.19404540434604944,0.914521987177378,6.499666596371838
1,1030,5.610059243970592,0.20603790161677954,0.7709515434658314,6.556960425331041
1,1040,5.635135140858542,0.20653403054511332,0.5993456927734886,6.614254254290244
1,1050,5.657498535025213,0.2119469360715566,0.7831409043680924,6.671548083249448
1,1060,5.684807761062978,0.22560125554793742,0.8172537836276161,6.72884191220865
1,1070,5.699722214636454,0.2374372889824342,0.7784673647858785,6.786135741167853
1,1080,5.714332021307647,0.24219268534575267,0.7350758097430901,6.843429570127057
1,1090,5.725370146249063,0.2525806306947562,0.7693591925258173,6.90072339908626
1,1100,5.729946066898855,0.26795591372447125,0.8870364447274699,6.958017228045463
1,1110,5.747387569441852,0.27013118333447894,0.6327445960862499,7.015311057004666
1,1120,5.7687142802512525,0.27838510933725824,0.6534765582929749,7.07260488596387
1,1130,5.78986579292765,0.28531822851009053,0.6160585410322572,7.1298987149230735
1,1140,5.751109517660391,0.2862933323020791,0.8061064428461016,7.1298987149230735
1,1150,5.705208390555927,0.28673971144317023,0.789347422086605,7.1298987149230735
1,1160,5.685306165943457,0.2914474999566154,0.6762632716197219,7.1298987149230735
1,1170,5.661500091483961,0.2917243767513883,0.5869808806318939,7.1298987149230735
1,1180,5.619975653049437,0.29196588937027035,0.7390969888046147,7.1298987149230735
1,1190,5.599291872259305,0.29760882986967524,0.5057063226142581,7.1298987149230735
1,1200,5.583128198721799,0.3021499306010973,0.6435181412518407,7.1298987149230735
1,1210,5.555089840791271,0.3064487996697568,0.5962273531335647,7.1298987149230735
1,1220,5.529806744642597,0.30821292914710224,0.5540627876907646,7.1298987149230735
1,1230,5.499776617736651,0.3215560451774082,0.9318971014380637,7.1298987149230735
1,1240,5.467367612504679,0.33457476768381805,0.8769658317260071,7.1298987149230735
1,1250,5.436381941702261,0.34311831230063605,0.7191343821844551,7.1298987149230735
1,1260,5.402376674383294,0.35152562991552583,0.7406328971398395,7.1298987149230735
1,1270,5.3805497658373405,0.35182610344811543,0.6631156295262579,7.1298987149230735
1,1280,5.338459918658117,0.36199564612262003,0.8913813440297161,7.1298987149230735
1,1290,5.3011400586730835,0.37504773137594594,0.7696910412294239,7.1298987149230735
1,1300,5.27477046855192,0.37939249948801623,0.6427611202531482,7.1298987149230735
1,1310,5.251204507907166,0.37760429403606643,0.7685397696004223,7.1298987149230735
1,1320,5.2215603332428495,0.383423717901746,0.829385085834707,7.1298987149230735
1,1330,5.195663330401482,0.3855202228197548,0.7975222680068178,7.1298987149230735
1,1340,5.169133705005714,0.39125716810876177,0.7422165852793705,7.1298987149230735
1,1350,5.142606928159272,0.4000270429675721,0.7729179159840485,7.1298987149230735
1,1360,5.1215860236402095,0.4022035388196276,0.6983442218270957,7.1298987149230735
1,1370,5.094106959618294,0.40232545782265994,0.7214857140514648,7.1298987149230735
1,1380,5.063625960582696,0.40588697764469056,0.6648761567735011,7.1298987149230735
1,1390,5.030242716559372,0.40623196782684245,0.9822916666666666,7.1298987149230735
1,1400,5.007710251928006,0.4120970906994438,0.817001510895641,7.1298987149230735
1,1410,4.977103519505521,0.4200652973502028,0.8518429949452067,7.1298987149230735
1,1420,4.951046699976585,0.4236317853893551,0.796868154812006,7.1298987149230735
1,1430,4.921025806726811,0.4341314999865389,0.8568265123473363,7.1298987149230735
1,1440,4.89539676100763,0.4381198703178433,0.8279279756113104,7.1298987149230735
1,1450,4.8813834143116575,0.4392584464182063,0.5356640230665002,7.1298987149230735
1,1460,4.85253209735935,0.4395840039976774,0.7355940064831777,7.1298987149230735
1,1470,4.833281654783687,0.440044749562266,0.6823105742597224,7.1298987149230735
1,1480,4.804810914021035,0.4471944846536206,0.7886123683404629,7.1298987149230735
1,1490,4.783716514028445,0.4516652620524776,0.7122166127511816,7.1298987149230735
1,1500,4.756730189970767,0.4548978732096791,0.7358262476382301,7.1298987149230735
1,1510,4.732307913217708,0.4565780925301077,0.7180421665079608,7.1298987149230735
1,1520,4.710428536175928,0.45748998314674044,0.7197286321041911,7.1298987149230735
1,1530,4.680184021540183,0.46867709735283214,0.9734375,7.1298987149230735
1,1540,4.660396685563811,0.45995158603450137,0.82714980757432,7.1298987149230735
1,1550,4.637151371446359,0.46671619231391115,0.7238240582164178,7.1298987149230735
1,1560,4.616659552501327,0.4637267612906286,0.6711923623545674,7.1298987149230735
1,1570,4.592939955337683,0.4650256898668266,0.8546860943706719,7.1298987149230735
1,1580,4.5670078551442765,0.46178354830727447,0.978125,7.1298987149230735
1,1590,4.553685152244148,0.4603715371834751,0.6878387669622262,7.1298987149230735
1,1600,4.531378904225165,0.45787633941416017,0.7732412816851973,7.1298987149230735
2,10,0.5519278581454489,0.05570884384808828,0.3357084651185411,0.7129898714923074
2,20,0.5864168685429765,0.05650050755383161,0.15722357890446234,0.7702837004515106
2,30,0.6201041671365906,0.05739545817344639,0.13548422214047334,0.8275775294107139
2,40,0.6413802636620424,0.05856034225195458,0.3089328483961876,0.8848713583699171
2,50,0.6725548835648871,0.055887531501094365,0.205959281611734,0.9421651873291205
2,60,0.7050411026762916,0.055984137378519316,0.18108652862854072,0.9994590162883237
2,70,0.7339052475664094,0.06085975896091594,0.23823345067888152,1.056752845247527
2,80,0.7523373059742942,0.05738456993274592,0.3663365400099695,1.1140466742067303
2,90,0.7610430178463182,0.07580631214716224,0.5997161007438365,1.1713405031659334
2,100,0.7845746413568013,0.06856003254332796,0.2876910452167671,1.2286343321251367
2,110,0.8171542441825196,0.0629624952665519,0.13884176802161705,1.2859281610843403
2,120,0.8306591493162229,0.06914552853999031,0.5357893714233974,1.3432219900435434
2,130,0.8629399968518295,0.07135787049823442,0.12315751918525963,1.4005158190027465
2,140,0.889291712323323,0.0677769524033422,0.2633302007984586,1.4578096479619498
2,150,0.9129743753163737,0.06917096647947095,0.33605709133248196,1.5151034769211533
2,160,0.9278499644287242,0.07079920803837515,0.44627217609733416,1.5723973058803564
2,170,0.941066803496124,0.06566507573163807,0.4925896025217808,1.6296911348395595
2,180,0.9591218804069966,0.07266789854854305,0.44826219025693465,1.6869849637987628
2,190,0.9863572585439654,0.0734079525142984,0.19756883851999596,1.7442787927579664
2,200,0.9946030950238965,0.07732305102910123,0.5775253955715212,1.8015726217171695
2,210,1.0188221333003258,0.07742131712467198,0.2736105998828977,1.8588664506763728
2,220,1.028179225185518,0.07822363692468119,0.6519507756832985,1.9161602796355763
2,230,1.038136707810971,0.07159367683063211,0.5757753600984088,1.9734541085947794
2,240,1.0549288184979457,0.0703917200618369,0.39938527933156703,2.0307479375539823
2,250,1.073653126361456,0.0740662253505755,0.37778688250608256,2.0880417665131854
2,260,1.0765122206333424,0.07064357065029034,0.7067954879945414,2.1453355954723894
2,270,1.08692583274306,0.07170334029087584,0.5612862350532731,2.2026294244315925
2,280,1.0899177258263495,0.061762218011101516,0.7323758381787956,2.2599232533907956
2,290,1.0984373928277833,0.06829352921322072,0.5936353683283124,2.317217082349999
2,300,1.1011527349861532,0.06916764170447495,0.6611695607450592,2.374510911309202
2,310,1.1093290513745697,0.07409042360446542,0.6224437528786517,2.4318047402684053
2,320,1.1116379907840133,0.07474116277348863,0.6814137677224437,2.489098569227609
2,330,1.1216757973858447,0.08049182557652815,0.5575954213340821,2.5463923981868115
2,340,1.1288781856558399,0.07935321823426927,0.5726639522434971,2.6036862271460155
2,350,1.1349439894869093,0.07723290904332065,0.5348006087890401,2.6609800561052186
2,360,1.1387850388141547,0.0736543820051108,0.8243240980905139,2.7182738850644217
2,370,1.141738151333763,0.07030401252965934,0.7478696524475283,2.7755677140236257
2,380,1.1383780222956454,0.0765621722597503,0.8803145637463672,2.8328615429828283
2,390,1.1330283420355336,0.07281778874460945,0.812888958012698,2.8901553719420314
2,400,1.1341344497549268,0.0735878612203698,0.6945720796464848,2.9474492009012345
2,410,1.140648129972344,0.07481609803243337,0.5406361760798105,3.0047430298604385
2,420,1.1459800093847556,0.07697875992407784,0.6479243265712145,3.0620368588196416
2,430,1.14119527037408,0.07459768592907959,0.802998858527752,3.1193306877788447
2,440,1.1379308078731831,0.07594219796413185,0.6859984635791598,3.1766245167380487
2,450,1.1403514092955325,0.07868513387878756,0.6042610757723003,3.233918345697252
2,460,1.1429346048723004,0.08176025919960656,0.6955620153149947,3.2912121746564544
2,470,1.1421734353059103,0.08192459753961469,0.687291141809438,3.3485060036156575
2,480,1.1326632803785472,0.07875774132031746,0.7746672081063456,3.4057998325748606
2,490,1.1300262009920852,0.08170467573246368,0.7085221468985943,3.4630936615340637
2,500,1.1294301139546412,0.08194554208880457,0.6181440262667575,3.5203874904932677
2,510,1.1298268853224782,0.08243370905672938,0.6527298886920135,3.577681319452471
2,520,1.1198783680115423,0.07563671790275797,0.7627508537238668,3.634975148411674
2,530,1.1039984975117698,0.0792624626777177,0.7860665759854888,3.692268977370878
2,540,1.0892497035987123,0.07949988191396028,0.8567502696874587,3.7495628063300805
2,550,1.075735094938693,0.0858005617105774,0.7950868824633187,3.8068566352892836
2,560,1.0723411021675868,0.08272424803249644,0.689640769566805,3.8641504642484867
2,570,1.0652042445637915,0.07996254470170722,0.7727412598414924,3.9214442932076907
2,580,1.0599042533703549,0.08111272008716341,0.5431010926784156,3.978738122166894
2,590,1.0540062150413971,0.07662306851405147,0.589271564620981,4.036031951126097
2,600,1.04448017388115,0.07444257660846564,0.7922064291512548,4.0933257800853005
2,610,1.0424667326019137,0.07532048448623099,0.6191226065531495,4.1506196090445036
2,620,1.0407080480344413,0.07924046276831395,0.6094529299859832,4.207913438003707
2,630,1.027042199098111,0.0821653072755896,0.8252042267735022,4.265207266962911
2,640,1.0165608484884328,0.07787724791842635,0.5855918248829426,4.322501095922113
2,650,1.0072592401172977,0.08371152501264761,0.7793039958816805,4.379794924881316
2,660,0.9873758011228527,0.08597591083597507,0.8644490490853396,4.43708875384052
2,670,0.9809381052286994,0.08922319548197766,0.6163682276488252,4.494382582799723
2,680,0.9723903368850921,0.08672118001320228,0.7279998264414624,4.551676411758926
2,690,0.951239270312823,0.08579294173694098,0.7924425373625189,4.608970240718129
2,700,0.9354805205015901,0.08341524597074369,0.7366830896044487,4.666264069677333
2,710,0.9221281542081133,0.09123860319242226,0.7866004841029444,4.723557898636536
2,720,0.9164370488001364,0.09412028536176194,0.5657216539432359,4.780851727595739
2,730,0.9008217360803571,0.09377652113045257,0.7369963653182873,4.838145556554943
2,740,0.8834775820955518,0.09275064432919984,0.7978083728920626,4.895439385514146
2,750,0.8772988845310848,0.0920473673545188,0.6858305209976682,4.952733214473349
2,760,0.8593511146430374,0.08713433713731002,0.8187876826044871,5.010027043432552
2,770,0.8447230106270004,0.0793594116145723,0.808957709340096,5.067320872391756
2,780,0.8248033558079894,0.08182221716634921,0.8513622545248248,5.124614701350959
2,790,0.8095143620806825,0.084980308379179,0.8692455162224771,5.181908530310162
2,800,0.7932755243143745,0.08122750111268587,0.6707119468841292,5.239202359269366
2,810,0.7741869921855227,0.08437107522924632,0.8296406100024241,5.296496188228569
2,820,0.76064282391889,0.0818238358426442,0.7104364738584901,5.353790017187772
2,830,0.7506095828496588,0.07878469041971639,0.5883439232610902,5.411083846146975
2,840,0.7438397313103355,0.07562880038329245,0.5549496375614866,5.468377675106179
2,850,0.7356627102102153,0.07679033292516406,0.6189088304074042,5.525671504065382
2,860,0.7236089189988938,0.07689708189622235,0.6450830224928338,5.582965333024585
2,870,0.7092930632104327,0.07406723182965858,0.5541146793695915,5.640259161983789
2,880,0.6941106278482416,0.07193897620499777,0.8057962757581005,5.6975529909429925
2,890,0.6794618797221167,0.07397072633999961,0.8334388301634899,5.754846819902196
2,900,0.6692445210812139,0.06974282597197147,0.6361490724558828,5.812140648861398
2,910,0.6533784563876094,0.06979728932182558,0.7565947854980817,5.869434477820602
2,920,0.6419130471843137,0.06739053643273163,0.606943823441065,5.926728306779805
2,930,0.6275061934119499,0.0654575005828803,0.6358432627937188,5.984022135739008
2,940,0.611457082973144,0.06496246530432073,0.7089085614152735,6.041315964698211
2,950,0.5985334320226318,0.063982935123464,0.6149884534558592,6.098609793657414
2,960,0.5818879439534539,0.06607166001520881,0.7335583457313468,6.155903622616617
2,970,0.5712854486371671,0.06507601628190474,0.6943657559733345,6.21319745157582
2,980,0.552319044640381,0.063737726360707,0.7398234395630794,6.270491280535024
2,990,0.5407916095564002,0.06221463249203054,0.6227977793288868,6.3277851094942275
2,1000,0.5239339573291832,0.06318475527960372,0.8357443431186333,6.3850789384534306
2,1010,0.5036139958954206,0.06190703341711645,0.78984833426,6.4423727674126345
2,1020,0.48917310079549164,0.059743048361041995,0.8454205417889968,6.499666596371838
2,1030,0.4796626742003846,0.05993881763882915,0.7411336977341415,6.556960425331041
2,1040,0.4640363019504009,0.0592497635540955,0.7512077754951576,6.614254254290244
2,1050,0.45317633090160936,0.060223086372643814,0.621219760925733,6.671548083249448
2,1060,0.4373517351588747,0.06138562321354683,0.8258345469011964,6.72884191220865
2,1070,0.4213872985728329,0.054639766294506176,0.6976076654085895,6.786135741167853
2,1080,0.40159083395465045,0.05420658452415093,0.8250075535641799,6.843429570127057
2,1090,0.38792055977393264,0.056814284553866876,0.7548558099538524,6.90072339908626
2,1100,0.37234635135782385,0.055111171809239703,0.7973625308279958,6.958017228045463
2,1110,0.3570793013007941,0.05695742865101974,0.7403852322849771,7.015311057004666
2,1120,0.334880903732387,0.057941923228752315,0.7910535967820473,7.07260488596387
2,1130,0.3273833826656864,0.05827144371604428,0.535466415962025,7.1298987149230735
2,1140,0.308937302009808,0.06141012106113887,0.9039991105349332,7.1298987149230735
2,1150,0.2930322582852143,0.06030256524511188,0.7727195015585498,7.1298987149230735
2,1160,0.2819996589949594,0.05862684326110889,0.615901026916632,7.1298987149230735
2,1170,0.2654605796466039,0.05942938127914229,0.6952348941312853,7.1298987149230735
2,1180,0.24865127596785783,0.0569789995820281,0.7615759872986682,7.1298987149230735
2,1190,0.24008854614840097,0.057348857320074935,0.4845911378784506,7.1298987149230735
2,1200,0.23210518779370415,0.05505422806106414,0.5720321610839387,7.1298987149230735
2,1210,0.218827862854668,0.053006899601577374,0.7444013838528079,7.1298987149230735
2,1220,0.20998710912992288,0.053349985896928576,0.5061201889153439,7.1298987149230735
2,1230,0.19685591545563788,0.05456212963322638,0.7789378251364776,7.1298987149230735
2,1240,0.1865385227787762,0.052714604418840245,0.4800467162687451,7.1298987149230735
2,1250,0.17865174492691982,0.05102636473138005,0.43669381520763206,7.1298987149230735
2,1260,0.1647130392054602,0.0510838144566368,0.6216045851878984,7.1298987149230735
2,1270,0.1537501993757494,0.04808847703911736,0.662512618021823,7.1298987149230735
2,1280,0.1443207429096798,0.0464748605225056,0.5557782951385052,7.1298987149230735
2,1290,0.13263659156727203,0.045232791176437595,0.6721366102665817,7.1298987149230735
2,1300,0.12882914529918996,0.04626522814168142,0.3320113847862908,7.1298987149230735
2,1310,0.12224119961165382,0.0462653064483,0.5235771526792784,7.1298987149230735
2,1320,0.1131874665498492,0.04532254227968174,0.5645843335543372,7.1298987149230735
2,1330,0.10893206619687609,0.04537080391021005,0.3094129133524228,7.1298987149230735
2,1340,0.09987323011638473,0.04612610370947241,0.5753529650507493,7.1298987149230735
2,1350,0.09512633165119508,0.04672829677296103,0.30337248669029326,7.1298987149230735
2,1360,0.08707662716113247,0.047831607937313704,0.5351446190521778,7.1298987149230735
2,1370,0.07835276583769749,0.04784024354376101,0.5987487671919598,7.1298987149230735
2,1380,0.07526077750985245,0.04697178107387201,0.2907471295487632,7.1298987149230735
2,1390,0.06572256898058884,0.04519023017298466,0.6242297452201162,7.1298987149230735
2,1400,0.05536475764391505,0.04536959839571335,0.5706746712739446,7.1298987149230735
2,1410,0.05120314850840615,0.04647018574938369,0.3037841874997467,7.1298987149230735
2,1420,0.04414270183378209,0.04641023378666152,0.48089720698250044,7.1298987149230735
2,1430,0.037344461288179004,0.04325562567008656,0.49330716297759614,7.1298987149230735
2,1440,0.0315677776588017,0.04160665848051638,0.4362947126433018,7.1298987149230735
2,1450,0.025681760312814862,0.04253421718890656,0.530103670405959,7.1298987149230735
2,1460,0.019345675567788476,0.040569591354180735,0.5526381322870046,7.1298987149230735
2,1470,0.016932118082129,0.038695095517878156,0.22935812556124566,7.1298987149230735
2,1480,0.01366307286458292,0.03828564913459318,0.31230260237308566,7.1298987149230735
2,1490,0.00781419686040231,0.03745981791429324,0.5047681610186731,7.1298987149230735
2,1500,0.004973807655446114,0.03544633234322628,0.2639430889128488,7.1298987149230735
2,1510,0.0019693826084243044,0.03601555393178467,0.2783951596595877,7.1298987149230735
2,1520,-0.0026624216954695126,0.03441344616944546,0.39311671034867035,7.1298987149230735
2,1530,-0.00862608471591893,0.03288415682516982,0.48881254113611694,7.1298987149230735
2,1540,-0.010576052187007776,0.033716045058159894,0.19323447887941983,7.1298987149230735
2,1550,-0.014221841375949716,0.0321525208419855,0.3395941695739646,7.1298987149230735
2,1560,-0.018442367932361516,0.03135226041645341,0.3638888097245348,7.1298987149230735
2,1570,-0.021479104075274914,0.02984597216806554,0.2758663905494871,7.1298987149230735
2,1580,-0.024582510631894438,0.028092187401790866,0.25074855080838826,7.1298987149230735
2,1590,-0.026323417000516006,0.027274995367849875,0.17554470219722737,7.1298987149230735
2,1600,-0.027667040157281973,0.026706129138628434,0.13560141662756428,7.1298987149230735
3,10,0.6807163907525792,0.025744621479257462,0.008185792335451912,0.7129898714923074
3,20,0.7376370048265574,0.02629155084504966,0.00997687860682877,0.7702837004515106
3,30,0.7939214850430371,0.02575127160438717,0.02068682463220884,0.8275775294107139
3,40,0.8508783763137647,0.026737720151889837,0.008237794998947856,0.8848713583699171
3,50,0.9078792633127446,0.025736507845604523,0.00959571734006481,0.9421651873291205
3,60,0.9649601607141153,0.02537324309745423,0.007011565087244279,0.9994590162883237
3,70,1.0215884301972191,0.025758716001029865,0.016933375105380198,1.056752845247527
3,80,1.0786238871178098,0.025292126145075772,0.007054494386031822,1.1140466742067303
3,90,1.1356924379420428,0.024466309264956826,0.006746477507845056,1.1713405031659334
3,100,1.1926447457166107,0.024651233345072205,0.009676588756144737,1.2286343321251367
3,110,1.249819214696215,0.025037003912031622,0.0038066939468446664,1.2859281610843403
3,120,1.30680522656682,0.024897003399542945,0.008863132930924566,1.3432219900435434
3,130,1.3637313689881185,0.02431455707225859,0.010767422035060698,1.4005158190027465
3,140,1.4206986746487533,0.02389407016002037,0.009532583227852139,1.4578096479619498
3,150,1.477733626925288,0.023656008236092693,0.006807620472873895,1.5151034769211533
3,160,1.5345081241789142,0.02370270402980736,0.014672972264906353,1.5723973058803564
3,170,1.5916003412423845,0.023735915644966542,0.004750784810635662,1.6296911348395595
3,180,1.6486164597983186,0.02436696959528496,0.007868109545457604,1.6869849637987628
3,190,1.705506822406404,0.024359930912348168,0.01245086408166835,1.7442787927579664
3,200,1.7623641662323013,0.025010601392551277,0.014008645717830056,1.8015726217171695
3,210,1.8191571578973051,0.02530979470416791,0.015273184419300515,1.8588664506763728
3,220,1.8759878859249906,0.025534485941212066,0.01489632002830269,1.9161602796355763
3,230,1.9329419493742437,0.026146155278674105,0.00943239236096995,1.9734541085947794
3,240,1.9897461037791346,0.025949027434371726,0.01522532752716737,2.0307479375539823
3,250,2.0465783502736414,0.02617675676995737,0.012701158851288077,2.0880417665131854
3,260,2.103359724400799,0.026508426162097837,0.016342267114110957,2.1453355954723894
3,270,2.1601732864424403,0.025948830961879683,0.013017697238232585,2.2026294244315925
3,280,2.217055712119715,0.025757900946146755,0.010009817212054621,2.2599232533907956
3,290,2.273879639872265,0.026490247660747736,0.012844755886288504,2.317217082349999
3,300,2.330873988144563,0.02670138608377302,0.005616688790091708,2.374510911309202
3,310,2.3877580693446108,0.027200706041798705,0.010336236915099776,2.4318047402684053
3,320,2.4443307835730086,0.027891727828408423,0.02432321515174829,2.489098569227609
3,330,2.500624216023099,0.02887737475682653,0.03700306616370445,2.5463923981868115
3,340,2.5574519511670806,0.02886029235961615,0.011347842910009778,2.6036862271460155
3,350,2.6136669793421548,0.030046443006562555,0.03912078449659295,2.6609800561052186
3,360,2.6698600648698343,0.030988124828459487,0.04334391912506262,2.7182738850644217
3,370,2.726221365947242,0.0318370641045984,0.035004309938810485,2.7755677140236257
3,380,2.7823330036568144,0.031762454787829436,0.04460552660126155,2.8328615429828283
3,390,2.8379401597693357,0.032133629862381115,0.07219802876655644,2.8901553719420314
3,400,2.8943260014777894,0.0323981757581273,0.029868002588046515,2.9474492009012345
3,410,2.9500430227317707,0.03301645134460788,0.07098084162125222,3.0047430298604385
3,420,3.0063505660652847,0.033477879563141195,0.032946678490089955,3.0620368588196416
3,430,3.061962521383744,0.033333341680053155,0.06991561695443282,3.1193306877788447
3,440,3.117731169862083,0.03475469396453382,0.06335075427654399,3.1766245167380487
3,450,3.173575091019784,0.03515515689940475,0.05645529170122272,3.233918345697252
3,460,3.2294901821806725,0.03475853351779554,0.056117703259335315,3.2912121746564544
3,470,3.285532317953338,0.03488579690967268,0.04607136000156614,3.3485060036156575
3,480,3.341061381237891,0.03644617278622952,0.0699553190737674,3.4057998325748606
3,490,3.3967892043116814,0.036590494372457025,0.06145713430638683,3.4630936615340637
3,500,3.4519615624877877,0.0362229607100612,0.09668161802218007,3.5203874904932677
3,510,3.507412762102036,0.0365167404626244,0.07737637725471931,3.577681319452471
3,520,3.56250824443899,0.03756156152387481,0.09983139687127456,3.634975148411674
3,530,3.6165473092869664,0.03759904338424126,0.15881973372585273,3.692268977370878
3,540,3.670744444591427,0.03789768318459745,0.15172489336531841,3.7495628063300805
3,550,3.7247454318598376,0.03583807275861667,0.16228177188550522,3.8068566352892836
3,560,3.780416964018544,0.03643155391560577,0.058431864014852654,3.8641504642484867
3,570,3.834713560452377,0.03771310516214649,0.14900242976307154,3.9214442932076907
3,580,3.8874713287233797,0.039036776331217875,0.24481806778821813,3.978738122166894
3,590,3.940272834881186,0.04082834099514698,0.23761087232245376,4.036031951126097
3,600,3.994034026375914,0.04253373398782316,0.18029284703442455,4.0933257800853005
3,610,4.045905256264851,0.04355665866518968,0.3075070258276381,4.1506196090445036
3,620,4.099149297873386,0.044275997740550604,0.21265259167951064,4.207913438003707
3,630,4.152225238541873,0.044635446264896295,0.21922557757275732,4.265207266962911
3,640,4.20457963946099,0.045919856251285245,0.2708711610467097,4.322501095922113
3,650,4.256923064844045,0.047541514341516995,0.23120543073692956,4.379794924881316
3,660,4.306502606174548,0.050234766605300386,0.431695833017279,4.43708875384052
3,670,4.360136735820149,0.051208074830418934,0.16494395159684616,4.494382582799723
3,680,4.412537104233989,0.054012063140574926,0.2617398768631133,4.551676411758926
3,690,4.463964915621086,0.05517283234712782,0.3248248773375879,4.608970240718129
3,700,4.511839514924744,0.056835093365450014,0.5025046015510014,4.666264069677333
3,710,4.558526819210942,0.05831946670361674,0.5863285681546475,4.723557898636536
3,720,4.6085038118891735,0.058567639656022276,0.36036106522363165,4.780851727595739
3,730,4.6539256875514665,0.06121164841132627,0.6148653415748491,4.838145556554943
3,740,4.704798487710852,0.06342125538303282,0.34046265382353286,4.895439385514146
3,750,4.7562824806982125,0.06339436855303705,0.21749330040544362,4.952733214473349
3,760,4.805870172565492,0.06313548259050081,0.32725535602692707,5.010027043432552
3,770,4.852831828220438,0.065185111317445,0.5754962546626498,5.067320872391756
3,780,4.899916853109299,0.06727689901893943,0.4761920118897168,5.124614701350959
3,790,4.947420867993465,0.07139003899633983,0.45811824967185144,5.181908530310162
3,800,4.996536826941594,0.07507803900355375,0.3775650867947319,5.239202359269366
3,810,5.047499780731955,0.07703882788154312,0.3250774332709333,5.296496188228569
3,820,5.093199071480474,0.07911010632057232,0.5853459860704457,5.353790017187772
3,830,5.141932722556088,0.07973427087495963,0.37979578146111515,5.411083846146975
3,840,5.1816034901082055,0.07939924928791799,0.799231004651122,5.468377675106179
3,850,5.2227907111821095,0.0849528790256983,0.7877976177558695,5.525671504065382
3,860,5.260944357261346,0.08502580902230449,0.6435296659503147,5.582965333024585
3,870,5.303904208713253,0.08479638770966937,0.5509993831730174,5.640259161983789
3,880,5.350532109925708,0.09099958453490536,0.5309995096730971,5.6975529909429925
3,890,5.386003462876794,0.09270720942724255,0.7342420907405288,5.754846819902196
3,900,5.426349165595277,0.0935346629623535,0.8513487554638836,5.812140648861398
3,910,5.470016641738724,0.09349953047491219,0.47843622235958916,5.869434477820602
3,920,5.510136474682188,0.09749356212365254,0.6574178406438419,5.926728306779805
3,930,5.549192998465699,0.10135139436213902,0.551293140511872,5.984022135739008
3,940,5.59059639918892,0.10084929543554037,0.6215548948356957,6.041315964698211
3,950,5.628689351414962,0.10331699045431784,0.724976077374845,6.098609793657414
3,960,5.672816292845799,0.10426526142501502,0.47784209968491603,6.155903622616617
3,970,5.707817894663871,0.10757993597796821,0.80282040649899,6.21319745157582
3,980,5.743145389153796,0.11273919723692502,0.7156447883188483,6.270491280535024
3,990,5.778677682617732,0.11189883426476525,0.8278529779101854,6.3277851094942275
3,1000,5.815449373306872,0.11333171839296165,0.6344782630874622,6.3850789384534306
3,1010,5.844521112642778,0.12019678442905066,0.9007911442305699,6.4423727674126345
3,1020,5.874879976088606,0.11809375025335313,0.8736578106658381,6.499666596371838
3,1030,5.9163370854731,0.12048610294987522,0.5382132857771788,6.556960425331041
3,1040,5.954101052051961,0.12126942731460223,0.7378025931009776,6.614254254290244
3,1050,5.989033566323515,0.11820076814588991,0.7535357945542632,6.671548083249448
3,1060,6.028055299447871,0.12099091733926587,0.7145855179246536,6.72884191220865
3,1070,6.052894869928937,0.1263697318187737,0.9444327445748127,6.786135741167853
3,1080,6.085651745970277,0.13030571920971495,0.6810949429752811,6.843429570127057
3,1090,6.117302850847547,0.13259757609352468,0.7168773216109712,6.90072339908626
3,1100,6.157061186709039,0.1344565365303535,0.6246110110723085,6.958017228045463
3,1110,6.188841541699753,0.13766632711007826,0.9757244060684975,7.015311057004666
3,1120,6.222317967657688,0.14246402484540044,0.666180072695414,7.07260488596387
3,1130,6.253941477166695,0.14625625101636372,0.8166020900181094,7.1298987149230735
3,1140,6.234516563077069,0.14964665520817205,0.7554119057530876,7.1298987149230735
3,1150,6.219711658597621,0.14869479192306834,0.5408510392970329,7.1298987149230735
3,1160,6.195717736941997,0.15221113549101184,0.9013357131825046,7.1298987149230735
3,1170,6.177851574097962,0.15745753598896806,0.7919808714923711,7.1298987149230735
3,1180,6.1602339244276205,0.16012504766616883,0.7054056919785621,7.1298987149230735
3,1190,6.142574031319002,0.16614868206128072,0.7511259329787979,7.1298987149230735
3,1200,6.127419326284825,0.165094157386995,0.6476471353943241,7.1298987149230735
3,1210,6.104601475282395,0.16397842878414287,0.8171654496566616,7.1298987149230735
3,1220,6.07959484871231,0.16647093419230646,0.7981234302600531,7.1298987149230735
3,1230,6.062681828281551,0.1716797536386522,0.7298474394312324,7.1298987149230735
3,1240,6.044507680614901,0.1726888631979211,0.8256096275969673,7.1298987149230735
3,1250,6.033205830327445,0.17189825769228423,0.6164109028393184,7.1298987149230735
3,1260,6.011206971434382,0.17365406140267375,0.66333152482081,7.1298987149230735
3,1270,5.999945621376454,0.1731288158319002,0.6057544301084746,7.1298987149230735
3,1280,5.988514625479129,0.1774730608299605,0.5772534645526035,7.1298987149230735
3,1290,5.971393090598247,0.17498183490311425,0.8725945643583698,7.1298987149230735
3,1300,5.947626826276634,0.17853737602058128,0.9898871527777777,7.1298987149230735
3,1310,5.9261702955210245,0.18481875060062497,0.7919199435441657,7.1298987149230735
3,1320,5.90976778470139,0.1880676687052624,0.7174452037847205,7.1298987149230735
3,1330,5.892139150610057,0.1874022533796513,0.8780703079754252,7.1298987149230735
3,1340,5.871462122126598,0.19033967485816494,0.9039328498773557,7.1298987149230735
3,1350,5.854713785273646,0.19033037245522674,0.9069474727986794,7.1298987149230735
3,1360,5.838602361906257,0.19044368684576735,0.7599509386433865,7.1298987149230735
3,1370,5.822675588229782,0.19288264971572547,0.812384269202562,7.1298987149230735
3,1380,5.808582173540236,0.19489589704128119,0.6138697782114415,7.1298987149230735
3,1390,5.789569297570129,0.19321679888277268,0.8254562394806877,7.1298987149230735
3,1400,5.769684154999589,0.19086306307739898,0.8109455808124769,7.1298987149230735
3,1410,5.755079382609948,0.1937102408425192,0.6429495399976145,7.1298987149230735
3,1420,5.731089349529798,0.19569334013602988,0.9272248024897782,7.1298987149230735
3,1430,5.710713134858489,0.1949477537963451,0.9917100694444443,7.1298987149230735
3,1440,5.690654502030847,0.19571928827692567,0.8507057679073808,7.1298987149230735
3,1450,5.668121587315497,0.19475739814286896,0.9597488143165757,7.1298987149230735
3,1460,5.654280168808717,0.19396835135594484,0.9383739831007247,7.1298987149230735
3,1470,5.638147004429275,0.18647501972300418,0.8826554545919073,7.1298987149230735
3,1480,5.611789671714063,0.1885324770909388,0.9122896814038265,7.1298987149230735
3,1490,5.598809287553131,0.1897727389879848,0.6738385334609778,7.1298987149230735
3,1500,5.581331418262158,0.19123991005787674,0.7983794166927557,7.1298987149230735
3,1510,5.562939156785864,0.1870842977532149,0.8882592521027398,7.1298987149230735
3,1520,5.551987086784169,0.18792406343264104,0.7295406538719779,7.1298987149230735
3,1530,5.533904568982229,0.18885004620817814,0.8261550848018562,7.1298987149230735
3,1540,5.5188334468915805,0.18886395992242383,0.7725869025153529,7.1298987149230735
3,1550,5.49468818921895,0.19054451352091956,0.9911024305555556,7.1298987149230735
3,1560,5.475814738630046,0.19130121939627615,0.8956623060564093,7.1298987149230735
3,1570,5.455167611757856,0.19076104309914504,0.8503398607652326,7.1298987149230735
3,1580,5.434706707412548,0.1938610460628771,0.9864561153087893,7.1298987149230735
3,1590,5.416903505963091,0.19042481856232205,0.8990337900324675,7.1298987149230735
3,1600,5.39067765741837,0.1914770796664288,0.9318047601271295,7.1298987149230735
4,10,0.1712822233388807,0.1872558893890707,0.08283849052455085,0.7129898714923074
4,20,0.17045868423728272,0.17942855686019354,0.34234034812826464,0.7702837004515106
4,30,0.17759195486261642,0.18369119100362757,0.20578423635199994,0.8275775294107139
4,40,0.1843878059552587,0.17831323969269122,0.18212047328062697,0.8848713583699171
4,50,0.19150162628017853,0.17413182600928717,0.21224272797147076,0.9421651873291205
4,60,0.19539326539330812,0.17710429841788725,0.29086514491980864,0.9994590162883237
4,70,0.2033123512210822,0.18384678561774437,0.19170340111156417,1.056752845247527
4,80,0.2150913726087603,0.18581859752704147,0.08883598629747119,1.1140466742067303
4,90,0.2055191323345587,0.1735237648246612,0.5431295064612575,1.1713405031659334
4,100,0.2047380366690031,0.16959724260149425,0.3522542212036159,1.2286343321251367
4,110,0.19609192971420253,0.16615404693337127,0.5471903142441727,1.2859281610843403
4,120,0.19916192557621176,0.15784822137397853,0.28922412153635885,1.3432219900435434
4,130,0.1997770926659623,0.1614767638729129,0.3238994853200885,1.4005158190027465
4,140,0.20369127904215936,0.1590851649021759,0.2484902550959373,1.4578096479619498
4,150,0.20822337809500777,0.15736455705481936,0.23510713688612062,1.5151034769211533
4,160,0.19757402210088496,0.15075272966579,0.66192739080081,1.5723973058803564
4,170,0.19842618253828834,0.14684488689513484,0.29391591017666874,1.6296911348395595
4,180,0.18181757273882732,0.14398880655168778,0.8296362874684229,1.6869849637987628
4,190,0.17322857980894277,0.1352655510044611,0.6228250397347298,1.7442787927579664
4,200,0.17573963511167195,0.13545842114808562,0.23302316245553706,1.8015726217171695
4,210,0.17492007906735363,0.13307978241026394,0.3555132158826531,1.8588664506763728
4,220,0.1691192078184699,0.12913394942986553,0.46053872119931044,1.9161602796355763
4,230,0.1683761855145824,0.12428882519250507,0.36324348143824137,1.9734541085947794
4,240,0.16791751557655338,0.12577428506187127,0.33985575453314504,2.0307479375539823
4,250,0.16195400495345705,0.11609573312839619,0.5393292206310705,2.0880417665131854
4,260,0.15687105343396043,0.116145508392453,0.5086761036232541,2.1453355954723894
4,270,0.14978064717620176,0.11547363081312731,0.5672001728640705,2.2026294244315925
4,280,0.14675238375220565,0.10826080097648211,0.38980295358305134,2.2599232533907956
4,290,0.14071128345976575,0.11339105457603535,0.549775587438206,2.317217082349999
4,300,0.1336109211319052,0.11445711922000718,0.5712028339792959,2.374510911309202
4,310,0.1299814608349334,0.11005309426074655,0.4111263271482185,2.4318047402684053
4,320,0.12703739849991613,0.10915453080148943,0.3792558294904992,2.489098569227609
4,330,0.12475654087682483,0.11617677422316999,0.37459994522827167,2.5463923981868115
4,340,0.12152984043007932,0.11627342136855873,0.3514314730405884,2.6036862271460155
4,350,0.11420190062343452,0.11112071072331484,0.6056254549898683,2.6609800561052186
4,360,0.1099689035101428,0.11059226545248693,0.38005732454438373,2.7182738850644217
4,370,0.10638212598354897,0.11220170475433491,0.4169087283484115,2.7755677140236257
4,380,0.10527860855098792,0.10878299623741884,0.23844968259121807,2.8328615429828283
4,390,0.09965272234431279,0.10646498652239218,0.5463515286057455,2.8901553719420314
4,400,0.09492449288184801,0.10366844506659284,0.4324385699868388,2.9474492009012345
4,410,0.09150228773378119,0.10220322488098807,0.3653912032225358,3.0047430298604385
4,420,0.08809006798491183,0.10271138471994719,0.36716682976171755,3.0620368588196416
4,430,0.0870432639810854,0.10561774295959364,0.2686425467922592,3.1193306877788447
4,440,0.08210257191694335,0.09953633329103388,0.48335739658347887,3.1766245167380487
4,450,0.07869656094247636,0.09567705311484806,0.31859565618926167,3.233918345697252
4,460,0.07800424900369657,0.09425417635833337,0.21694229926900116,3.2912121746564544
4,470,0.07043997606580008,0.09309343028315112,0.5827381249373426,3.3485060036156575
4,480,0.06857006602291266,0.09181978499056666,0.2951117959795496,3.4057998325748606
4,490,0.06526481700329491,0.09382183788832181,0.40649121607844957,3.4630936615340637
4,500,0.06157176480575593,0.09071265372549796,0.39934247434685033,3.5203874904932677
4,510,0.05776703747359965,0.08952121213062819,0.4366297415177575,3.577681319452471
4,520,0.056539700269952975,0.08921234817626826,0.24604668343935437,3.634975148411674
4,530,0.052023796571775915,0.08549614945563844,0.4176039780099834,3.692268977370878
4,540,0.04788779792315638,0.08371735077164193,0.36438473962277146,3.7495628063300805
4,550,0.039564733447489425,0.07980715879290862,0.6815376422905587,3.8068566352892836
4,560,0.034197720947899676,0.07808883290043002,0.44025247617373237,3.8641504642484867
4,570,0.032233569317437226,0.07782109243163805,0.2795473152430012,3.9214442932076907
4,580,0.028982280916940512,0.07669174891911765,0.3801387723635675,3.978738122166894
4,590,0.02627307365568526,0.07697198006441783,0.3302195922504457,4.036031951126097
4,600,0.024756507369233634,0.07706312366208905,0.2443156093496503,4.0933257800853005
4,610,0.02322770741290531,0.07545006380602426,0.24319643004629868,4.1506196090445036
4,620,0.017860098756580064,0.07466426473470963,0.5326970243510464,4.207913438003707
4,630,0.01672427745152487,0.0738562419506063,0.19806181323494804,4.265207266962911
4,640,0.012782173383712136,0.07323443985337008,0.38204221509069247,4.322501095922113
4,650,0.009208698910277797,0.07238211267830101,0.3499044428407399,4.379794924881316
4,660,0.00630930184808479,0.07314546505170161,0.33507483554031914,4.43708875384052
4,670,0.0036071237589399736,0.07392355838020656,0.32149665689016504,4.494382582799723
4,680,0.0010513033149702165,0.07246540834517182,0.2882550409891013,4.551676411758926
4,690,-0.0034222884064038193,0.07183093224562331,0.4522846115130406,4.608970240718129
4,700,-0.006595671021658395,0.07035535708288324,0.35577378153697603,4.666264069677333
4,710,-0.008691714689587193,0.0703614011031514,0.25848584879972225,4.723557898636536
4,720,-0.01148729748008134,0.07014427435959449,0.32740716434285966,4.780851727595739
4,730,-0.01377778078072922,0.06865628578089109,0.27701370346108317,4.838145556554943
4,740,-0.016612776699117877,0.06747712107561749,0.3218757619661226,4.895439385514146
4,750,-0.01815465861221055,0.0678208477658675,0.1986401677996147,4.952733214473349
4,760,-0.01878267329082537,0.06730957578211949,0.11550187448153908,5.010027043432552
4,770,-0.022479583603916713,0.06398904932311922,0.40243413843483633,5.067320872391756
4,780,-0.02473372999211053,0.0635754975123747,0.2777223614855838,5.124614701350959
4,790,-0.026088848823430235,0.0620584083921702,0.17818507364290212,5.181908530310162
4,800,-0.02818943309352671,0.061407898262539506,0.2628982619892652,5.239202359269366
4,810,-0.030202385256224037,0.06049479708281983,0.23427807046334856,5.296496188228569
4,820,-0.032155095533557373,0.06005148991993674,0.24118265082443,5.353790017187772
4,830,-0.033472861534369,0.06004380735957261,0.17938840317348165,5.411083846146975
4,840,-0.035111195699228874,0.05971720249857342,0.19298690208061803,5.468377675106179
4,850,-0.03667957036643574,0.06096386137743862,0.20197846552940174,5.525671504065382
4,860,-0.03860448693046382,0.060241433271972865,0.23625572605667805,5.582965333024585
4,870,-0.04004477132320804,0.060866276154151605,0.17645806003177802,5.640259161983789
4,880,-0.04188212699462467,0.06014301570820047,0.21405611370899963,5.6975529909429925
4,890,-0.042856758659024954,0.060755303702685975,0.1315875248054153,5.754846819902196
4,900,-0.04516713122987452,0.060848374532361804,0.2601812944393519,5.812140648861398
4,910,-0.04610807752902304,0.060472593462188806,0.13167656293604296,5.869434477820602
4,920,-0.047022332064721784,0.05988852044623817,0.1263408271870357,5.926728306779805
4,930,-0.048656575785450865,0.061149304567865825,0.1960307352871628,5.984022135739008
4,940,-0.050651953373636094,0.06142546753043042,0.24301333733370764,6.041315964698211
4,950,-0.05148989057990065,0.06167344241927308,0.10713964442897288,6.098609793657414
4,960,-0.0520290877582152,0.06144530358172656,0.08140592823486449,6.155903622616617
4,970,-0.052705365632212495,0.0618645679676183,0.09325541974724658,6.21319745157582
4,980,-0.05362098082439106,0.06252778605475427,0.12361790386402147,6.270491280535024
4,990,-0.055088488391541755,0.06261942879545591,0.18432692749865404,6.3277851094942275
4,1000,-0.05570591360085975,0.06374235081126672,0.08909452726339326,6.3850789384534306
4,1010,-0.05660937904436264,0.06315739792200961,0.13010541453792931,6.4423727674126345
4,1020,-0.05730536907590783,0.06284066296746987,0.09572644465251301,6.499666596371838
4,1030,-0.058679961165067435,0.06273535177768712,0.1721141428699413,6.556960425331041
4,1040,-0.0591220733991228,0.0625761547518585,0.06162125079876233,6.614254254290244
4,1050,-0.06008271076623129,0.0632110847027828,0.12994310921390767,6.671548083249448
4,1060,-0.06026769638503736,0.06335135267720844,0.0376285626129561,6.72884191220865
4,1070,-0.06109718802998524,0.06279851856211778,0.10396330652649824,6.786135741167853
4,1080,-0.06234824466788473,0.06276492508439135,0.16215758515653653,6.843429570127057
4,1090,-0.06298515553085447,0.06273810623618388,0.08346787058813171,6.90072339908626
4,1100,-0.06386876456622671,0.06285707080593443,0.11117983611543865,6.958017228045463
4,1110,-0.06444389048285862,0.06292978708251612,0.08075626645368969,7.015311057004666
4,1120,-0.06487128215180134,0.06322981971166522,0.06319453122289845,7.07260488596387
4,1130,-0.06520829563494372,0.06364389903587535,0.0525724687220732,7.1298987149230735
4,1140,-0.06565320687103375,0.06273754545368833,0.057919121917935724,7.1298987149230735
4,1150,-0.06654868581561219,0.06324626058460936,0.11076671731057655,7.1298987149230735
4,1160,-0.06717219213472844,0.06342366177590912,0.07143897071754976,7.1298987149230735
4,1170,-0.06771543687828027,0.06264765264835254,0.06270607113382523,7.1298987149230735
4,1180,-0.06800246808585055,0.062317793867896674,0.031007888209405164,7.1298987149230735
4,1190,-0.06863982894348639,0.061374288245338374,0.07643649566990426,7.1298987149230735
4,1200,-0.06895234096745625,0.06079305286757825,0.03794446267990172,7.1298987149230735
4,1210,-0.06921119800151845,0.060294815401854426,0.032892046906036226,7.1298987149230735
4,1220,-0.06956292528053024,0.059381738088023925,0.04245318498445787,7.1298987149230735
4,1230,-0.06975705111076522,0.05944742172730828,0.02533516458058724,7.1298987149230735
4,1240,-0.07004585779823932,0.059134351254559375,0.03449859251761073,7.1298987149230735
4,1250,-0.0705240548034533,0.05908160635844632,0.06296426492477913,7.1298987149230735
4,1260,-0.07067714787138445,0.059287560204142324,0.02027346054215406,7.1298987149230735
4,1270,-0.07092568721475014,0.05925226096301155,0.032613641825909825,7.1298987149230735
4,1280,-0.07119768951538864,0.05865198375979969,0.03749066530164077,7.1298987149230735
4,1290,-0.07134127630277384,0.0586487356800601,0.01881900952555528,7.1298987149230735
4,1300,-0.07170250625549367,0.05828285379799142,0.04639250587320181,7.1298987149230735
4,1310,-0.07209745372734187,0.05840702502980368,0.04990913583822324,7.1298987149230735
4,1320,-0.07222327189011123,0.05810427461405967,0.01750664489888948,7.1298987149230735
4,1330,-0.07239113024292708,0.057811880184200706,0.025501442012179125,7.1298987149230735
4,1340,-0.07254225762294106,0.05777987662834374,0.020910259385538085,7.1298987149230735
4,1350,-0.07269348464412362,0.05760190701635739,0.021253885127588006,7.1298987149230735
4,1360,-0.0728322830805726,0.05761814162156703,0.020502451086039222,7.1298987149230735
4,1370,-0.0729338853943184,0.057515566299661806,0.015062550026435181,7.1298987149230735
4,1380,-0.07315488985111045,0.05754010192608512,0.032096356408483004,7.1298987149230735
4,1390,-0.07335077153525975,0.05708984108507022,0.02739521177358522,7.1298987149230735
4,1400,-0.07345899522196596,0.05703630942769537,0.015448191883742367,7.1298987149230735
4,1410,-0.07357113375470406,0.056510169293800594,0.017794040467741298,7.1298987149230735
4,1420,-0.07377559039174146,0.056287349800971484,0.026887820162220088,7.1298987149230735
4,1430,-0.0738652009678405,0.056362171838452976,0.016169163651534244,7.1298987149230735
4,1440,-0.07391176825118904,0.056357002376621224,0.005856885489514454,7.1298987149230735
4,1450,-0.07398827363772012,0.05603498868028633,0.01193255966498801,7.1298987149230735
4,1460,-0.07411175592428515,0.05603087581653304,0.020301736024635315,7.1298987149230735
4,1470,-0.07416317476392617,0.05584904292679638,0.006336399665119864,7.1298987149230735
4,1480,-0.07426039631475312,0.05596002335179595,0.013130913243629291,7.1298987149230735
4,1490,-0.07430174294683879,0.056017620876826935,0.008340043186312866,7.1298987149230735
4,1500,-0.07438082370849357,0.055990411006169985,0.01331033314762399,7.1298987149230735
4,1510,-0.07440884517368468,0.05606147223469661,0.0046545138527080135,7.1298987149230735
4,1520,-0.07444536867789674,0.05606147121047193,0.005117011995211929,7.1298987149230735
4,1530,-0.07449402253607157,0.05591979837249696,0.005255011913158102,7.1298987149230735
4,1540,-0.0745250650741174,0.05591876327874011,0.005239798463557403,7.1298987149230735
4,1550,-0.07454664833875124,0.05601862759594616,0.004238432091825556,7.1298987149230735
4,1560,-0.07459417270542017,0.05587419185415761,0.007325752102128493,7.1298987149230735
4,1570,-0.0746645643990186,0.055853950339132624,0.009248203280857039,7.1298987149230735
4,1580,-0.074697252642605,0.05577606576660381,0.005996101619568291,7.1298987149230735
4,1590,-0.0747367387410748,0.05566071105017635,0.006536605514842921,7.1298987149230735
4,1600,-0.07475206477727243,0.055744357199632964,0.0028537011484031016,7.1298987149230735
5,10,2.807481313241606,0.05405679509207694,0.017076432809867453,0.7129898714923074
5,20,3.0347144433425375,0.05580870540948131,0.023398437734858907,0.7702837004515106
5,30,3.2605316631754095,0.05953217199882892,0.048289081601872855,0.8275775294107139
5,40,3.4864757450505577,0.058606173377676256,0.046435430302664366,0.8848713583699171
5,50,3.708806120115438,0.06445281993595223,0.12041908941990491,0.9421651873291205
5,60,3.9328071229131147,0.06966034722131495,0.08849924176149147,0.9994590162883237
5,70,4.154505238754952,0.0765416961127412,0.14248392424180956,1.056752845247527
5,80,4.375876083238547,0.08707715326171427,0.15125211916868112,1.1140466742067303
5,90,4.592092345189413,0.09753592085288074,0.28441146162810776,1.1713405031659334
5,100,4.812774069480875,0.10467833949275351,0.1628272235993057,1.2286343321251367
5,110,5.029906674962129,0.11347522594626842,0.256227478175811,1.2859281610843403
5,120,5.251788111099604,0.1196445456994916,0.11847833894051563,1.3432219900435434
5,130,5.467874125549556,0.1281790735515687,0.3018511364021351,1.4005158190027465
5,140,5.682502819462771,0.13743870959608254,0.3459700188340834,1.4578096479619498
5,150,5.890917034347146,0.15077860230004975,0.510468922402155,1.5151034769211533
5,160,6.092105157034791,0.17359283115959345,0.593754877416812,1.5723973058803564
5,170,6.3073394627817105,0.17999003137645758,0.2736633680350965,1.6296911348395595
5,180,6.508754622730968,0.19600621912357097,0.5564589339144833,1.6869849637987628
5,190,6.717336070669637,0.20925679091437863,0.4764009312907259,1.7442787927579664
5,200,6.9277232622738625,0.2167418776360812,0.39549851871235564,1.8015726217171695
5,210,7.1184280660982235,0.23634709088963984,0.7418424153093582,1.8588664506763728
5,220,7.323618576764383,0.24666524052276015,0.4943826689433097,1.9161602796355763
5,230,7.525981442208731,0.25781257467288043,0.5623701195226948,1.9734541085947794
5,240,7.724672865545878,0.26468917658022667,0.5530745750710148,2.0307479375539823
5,250,7.90958293070398,0.2801829842821356,0.7423065870210066,2.0880417665131854
5,260,8.113803362254886,0.2841236023104876,0.3020650995313342,2.1453355954723894
5,270,8.306060918737009,0.29278063772101787,0.816716026825419,2.2026294244315925
5,280,8.488601046737816,0.3089678271228743,0.9287526539535321,2.2599232533907956
5,290,8.675900848383058,0.31938843364048025,0.682522449225968,2.317217082349999
5,300,8.8581258313713,0.3326340130082147,0.8298969216460771,2.374510911309202
5,310,9.027718621581542,0.3511127025215711,0.9000833491187136,2.4318047402684053
5,320,9.210793291036385,0.36512351036909096,0.8259345764782552,2.489098569227609
5,330,9.384099776142103,0.37446464972172744,0.8093504358762887,2.5463923981868115
5,340,9.547007306095345,0.3879892362859545,0.7898340022209759,2.6036862271460155
5,350,9.712087775763267,0.3988379458131127,0.8243160921989248,2.6609800561052186
5,360,9.88009239830753,0.41518795549927784,0.9415158558769032,2.7182738850644217
5,370,10.044845777753071,0.4264620191818323,0.8493627330578771,2.7755677140236257
5,380,10.19725373675767,0.44184045970916663,0.994116512345679,2.8328615429828283
5,390,10.35538948628398,0.4544245675655107,0.8278877033933776,2.8901553719420314
5,400,10.514633463010579,0.4678302244119078,0.882151636542121,2.9474492009012345
5,410,10.676738632370313,0.47537223356029945,0.7823321323191161,3.0047430298604385
5,420,10.821380677295526,0.4851365563691272,0.9199725186362407,3.0620368588196416
5,430,10.985780010461294,0.49188560999985065,0.7926696722717061,3.1193306877788447
5,440,11.122771050356436,0.505986970977663,0.9889274691358023,3.1766245167380487
5,450,11.278813355521534,0.5178450532773331,0.924401743174409,3.233918345697252
5,460,11.427979312113976,0.5264385561718639,0.9426548029269451,3.2912121746564544
5,470,11.57943797994553,0.5366712458040136,0.9510378350234461,3.3485060036156575
5,480,11.721182409834675,0.5458162500255797,0.8691745462277864,3.4057998325748606
5,490,11.850030035671114,0.5588579122234524,0.9601783567740931,3.4630936615340637
5,500,12.005555917200017,0.5661910037381884,0.7938670240754574,3.5203874904932677
5,510,12.149662988370594,0.575906941901658,0.9050326413170303,3.577681319452471
5,520,12.304458293015202,0.5844568933759361,0.8721084560101341,3.634975148411674
5,530,12.413022192548109,0.5967522957691123,0.9182111296430522,3.692268977370878
5,540,12.548820134001124,0.6053361864433566,0.988235587069175,3.7495628063300805
5,550,12.67327740140497,0.6118812792050511,0.9345010394482525,3.8068566352892836
5,560,12.793806496572778,0.6245894908414679,0.9957368827160493,3.8641504642484867
5,570,12.948589257141954,0.630267940363195,0.8867323034898937,3.9214442932076907
5,580,13.064494692975028,0.6404960391383749,0.9013114408888544,3.978738122166894
5,590,13.182364674696984,0.651341074826596,0.9935378086419752,4.036031951126097
5,600,13.313261687222333,0.6617819891321207,0.9942515432098764,4.0933257800853005
5,610,13.44868732745419,0.6676551132531211,0.9231166465229965,4.1506196090445036
5,620,13.5801817191173,0.6762756041077327,0.8838774457318328,4.207913438003707
5,630,13.710979312232098,0.6818792584724045,0.894993588083038,4.265207266962911
5,640,13.836502999680617,0.6894045066402479,0.9007509709342567,4.322501095922113
5,650,13.972536067696339,0.6958507430292948,0.8970416743875456,4.379794924881316
5,660,14.09482401023005,0.7023832371312974,0.991958687476546,4.43708875384052
5,670,14.217310335757078,0.7096635449235758,0.7372340479662985,4.494382582799723
5,680,14.315249870410355,0.7178815859145183,0.9034096046893767,4.551676411758926
5,690,14.417141792579374,0.7254672158568041,0.9873456790123457,4.608970240718129
5,700,14.500165372279826,0.7341364787094158,0.9010548657555294,4.666264069677333
5,710,14.603333579449243,0.741882864694589,0.9902006172839508,4.723557898636536
5,720,14.691824897411513,0.7503955335295923,0.9927276234567902,4.780851727595739
5,730,14.807359716059326,0.7575555600125576,0.9953703703703705,4.838145556554943
5,740,14.90660877408107,0.7639305699109991,0.9800200499613068,4.895439385514146
5,750,15.019789906448697,0.7698562262012043,0.8232078812599799,4.952733214473349
5,760,15.136149440348891,0.7742079900297527,0.9686429054686441,5.010027043432552
5,770,15.241276805444633,0.7814589957859536,0.9249416132548074,5.067320872391756
5,780,15.340063222284215,0.7851775302176716,0.9935570987654321,5.124614701350959
5,790,15.449828943957286,0.7914897304985269,0.8994123600883339,5.181908530310162
5,800,15.543672036056389,0.7972550352169765,0.9915895061728396,5.239202359269366
5,810,15.64916991851294,0.8016105383362189,0.9743797894793428,5.296496188228569
5,820,15.76559891699779,0.8056302567171644,0.8946322765519271,5.353790017187772
5,830,15.86601793191857,0.8114003733285993,0.816010183441637,5.411083846146975
5,840,15.963767678999247,0.8151999460191331,0.8543370517641871,5.468377675106179
5,850,16.058727882052143,0.8222901916733558,0.9894868827160493,5.525671504065382
5,860,16.131330399796898,0.8288349262526844,0.9883294753086419,5.582965333024585
5,870,16.215627090036115,0.8341250482771714,0.9904899691358026,5.640259161983789
5,880,16.292362806185988,0.839054453335645,0.9958719135802468,5.6975529909429925
5,890,16.362936136543226,0.8443422055769244,0.9927276234567902,5.754846819902196
5,900,16.456024108008695,0.8495138022242563,0.9970100308641976,5.812140648861398
5,910,16.551399982461373,0.854103685480081,0.9074440657666643,5.869434477820602
5,920,16.630130967176388,0.8587044992788937,0.993364197530864,5.926728306779805
5,930,16.69891739418621,0.8639348476190372,0.992650462962963,5.984022135739008
5,940,16.79295375779998,0.8676571327949081,0.9975501543209875,6.041315964698211
5,950,16.87112003046301,0.8724255707570805,0.9965084876543209,6.098609793657414
5,960,16.949782595431763,0.8760793428622674,0.9948302469135802,6.155903622616617
5,970,17.023798706991958,0.8803996367196822,0.9947337962962962,6.21319745157582
5,980,17.109299723403183,0.8843191600147072,0.9137128938254724,6.270491280535024
5,990,17.168035687153804,0.8893816008688615,0.9936921296296296,6.3277851094942275
5,1000,17.227940825812855,0.8939978376543625,0.9920331790123456,6.3850789384534306
5,1010,17.296724425015668,0.8975785398366525,0.9937885802469134,6.4423727674126345
5,1020,17.37421976158271,0.9011504670066439,0.9913387345679012,6.499666596371838
5,1030,17.425775075942084,0.9052053836525087,0.9913387345679012,6.556960425331041
5,1040,17.49473017334763,0.9086664664298474,0.9927276234567902,6.614254254290244
5,1050,17.539460084190186,0.9128147730634074,0.9923032407407406,6.671548083249448
5,1060,17.59820965547582,0.9160921286543819,0.9974537037037038,6.72884191220865
5,1070,17.660715014282648,0.9194645759489493,0.9931712962962962,6.786135741167853
5,1080,17.70671312917425,0.92263389875191,0.9950424382716049,6.843429570127057
5,1090,17.74938156835845,0.9256135834027641,0.9894868827160496,6.90072339908626
5,1100,17.801166269656374,0.9283385355782225,0.9940393518518518,6.958017228045463
5,1110,17.85643393924243,0.9312224049203253,0.9927662037037036,7.015311057004666
5,1120,17.90397876181811,0.9348271761795497,0.9955246913580245,7.07260488596387
5,1130,17.963702136167118,0.9374253336057301,0.9908371913580247,7.1298987149230735
5,1140,17.85875108605047,0.9404800231836918,0.993827160493827,7.1298987149230735
5,1150,17.75435447116026,0.9431514818271005,0.9912229938271604,7.1298987149230735
5,1160,17.647203908555003,0.9459084350836798,0.9955632716049383,7.1298987149230735
5,1170,17.543715715915706,0.9486151248446737,0.9961033950617283,7.1298987149230735
5,1180,17.457186000787445,0.9512711409935501,0.9945408950617283,7.1298987149230735
5,1190,17.3606466445925,0.9536314413127398,0.9896219135802469,7.1298987149230735
5,1200,17.254867061716087,0.9562092674022435,0.9950038580246913,7.1298987149230735
5,1210,17.147246409258557,0.9587502029538937,0.9941358024691359,7.1298987149230735
5,1220,17.023143061374817,0.9611476871140106,0.9953703703703705,7.1298987149230735
5,1230,16.92493861026773,0.9634756746174871,0.9922453703703704,7.1298987149230735
5,1240,16.82151323580953,0.965804534201127,0.9914351851851851,7.1298987149230735
5,1250,16.72166110248488,0.9680591814663246,0.9976466049382715,7.1298987149230735
5,1260,16.60393046457235,0.97005078702938,0.9966628086419753,7.1298987149230735
5,1270,16.511117089764838,0.9719807350435801,0.9918981481481481,7.1298987149230735
5,1280,16.425292599724678,0.9736867247733101,0.9971064814814815,7.1298987149230735
5,1290,16.331416418862307,0.9752863245102172,0.9919174382716051,7.1298987149230735
5,1300,16.254953068446085,0.9769942587400322,0.9918595679012345,7.1298987149230735
5,1310,16.15047519813915,0.9786605710661409,0.9938850308641974,7.1298987149230735
5,1320,16.056758631268092,0.9802031251071123,0.9954089506172838,7.1298987149230735
5,1330,15.967789040216617,0.9816114552479009,0.9958333333333333,7.1298987149230735
5,1340,15.87415303506592,0.9831246644205947,0.990625,7.1298987149230735
5,1350,15.767419602867532,0.9844941086823635,0.9918788580246913,7.1298987149230735
5,1360,15.659927744301045,0.985824718500873,0.9932098765432098,7.1298987149230735
5,1370,15.558078815137941,0.9871804267445369,0.9959297839506173,7.1298987149230735
5,1380,15.465411475553493,0.9884094941732351,0.9924961419753087,7.1298987149230735
5,1390,15.351474663247647,0.9894921002624253,0.9920138888888888,7.1298987149230735
5,1400,15.256588462949782,0.9906379224130528,0.9980324074074073,7.1298987149230735
5,1410,15.17491753717215,0.9916895289050843,0.9943672839506172,7.1298987149230735
5,1420,15.06557394228978,0.9926379861579917,0.9954282407407407,7.1298987149230735
5,1430,14.976659836768548,0.9935603287241622,0.9908757716049383,7.1298987149230735
5,1440,14.873730600768683,0.9944212905602977,0.9932484567901236,7.1298987149230735
5,1450,14.790756022967427,0.9951752567744705,0.9947916666666666,7.1298987149230735
5,1460,14.70820918315507,0.9959249765837289,0.9929591049382717,7.1298987149230735
5,1470,14.610248693064518,0.9965659784442791,0.9928240740740739,7.1298987149230735
5,1480,14.526688559263292,0.9971528633515647,0.9956404320987653,7.1298987149230735
5,1490,14.438279168392492,0.9977113185911671,0.9921682098765432,7.1298987149230735
5,1500,14.351882427113061,0.998183377726704,0.994926697530864,7.1298987149230735
5,1510,14.263572361599152,0.9985989955837707,0.990258487654321,7.1298987149230735
5,1520,14.160913641144269,0.9989584546452308,0.990162037037037,7.1298987149230735
5,1530,14.081126578193082,0.9992690465934893,0.9909336419753085,7.1298987149230735
5,1540,13.986975397637707,0.9995238641442856,0.9931712962962964,7.1298987149230735
5,1550,13.888293206007733,0.9997322748466556,0.9948109567901234,7.1298987149230735
5,1560,13.790387146884594,0.9998702950386325,0.9934799382716051,7.1298987149230735
5,1570,13.699171721940232,0.9999548455931626,0.9942901234567902,7.1298987149230735
5,1580,13.601367068180657,0.9999845497826082,0.9892361111111111,7.1298987149230735
5,1590,13.511973318342783,0.9999664820254883,0.9936342592592593,7.1298987149230735
5,1600,13.424427625789631,0.9999047364061395,0.9956018518518517,7.1298987149230735
6,10,5.576364306373847,0.9999503172048472,0.6244107476330039,0.7129898714923074
6,20,5.9103341444359625,0.9996271306044797,0.9109483480536408,0.7702837004515106
6,30,6.230981733860601,0.999319113534699,0.8909231175826784,0.8275775294107139
6,40,6.531839771596404,0.9992911542063572,0.9048188525664236,0.8848713583699171
6,50,6.875910534480241,0.9995551614057814,0.7274516500806689,0.9421651873291205
6,60,7.198518502401997,0.9999015585371012,0.9967120181405896,0.9994590162883237
6,70,7.501483319319277,0.9998999241168518,0.896629737543164,1.056752845247527
6,80,7.779410580919723,0.9999518295763872,0.9952239229024944,1.1140466742067303
6,90,8.072938996673466,0.9999804881756933,0.8441544332327778,1.1713405031659334
6,100,8.363426156725668,0.999919050050327,0.9045922755821051,1.2286343321251367
6,110,8.675320523654719,0.9999166654842655,0.9441713632278697,1.2859281610843403
6,120,8.91437288521496,0.9997464776046362,0.997250566893424,1.3432219900435434
6,130,9.18023742743647,0.9997250238325985,0.9182227661765815,1.4005158190027465
6,140,9.439182538295327,0.9998661683775292,0.9910572562358277,1.4578096479619498
6,150,9.712493199998875,0.999796005265153,0.9946003401360543,1.5151034769211533
6,160,9.985192331230596,0.9996558029871132,0.9751887518111599,1.5723973058803564
6,170,10.217460107607149,0.999337480259926,0.9939767573696144,1.6296911348395595
6,180,10.4090752419026,0.9996206248994033,0.9937925170068027,1.6869849637987628
6,190,10.629297653184212,0.9996941075742006,0.9958333333333332,1.7442787927579664
6,200,10.79360861407835,0.9995748995547291,0.9941326530612244,1.8015726217171695
6,210,11.01256842767898,0.9996663755116199,0.9947562358276644,1.8588664506763728
6,220,11.24457459624236,0.9996942733340538,0.955761835435268,1.9161602796355763
6,230,11.435301453561465,0.9996678321032684,0.9943877551020408,1.9734541085947794
6,240,11.616671401720774,0.9996837654125681,0.9935515873015873,2.0307479375539823
6,250,11.792832133545794,0.9995357834297125,0.9961309523809524,2.0880417665131854
6,260,11.970170090712081,0.999657269678732,0.9937074829931974,2.1453355954723894
6,270,12.164101712101452,0.9996517506153939,0.9887613378684807,2.2026294244315925
6,280,12.353653556920797,0.9995992487744917,0.9951530612244899,2.2599232533907956
6,290,12.499643005567425,0.9995721511093758,0.9899943310657596,2.317217082349999
6,300,12.656363679183762,0.9995726697183577,0.9866780045351474,2.374510911309202
6,310,12.805074992467722,0.9995267964097055,0.9861536281179137,2.4318047402684053
6,320,12.955738454456105,0.9994771871431398,0.9914824263038549,2.489098569227609
6,330,13.097568320325085,0.9996386229817529,0.9966978458049887,2.5463923981868115
6,340,13.250104742831734,0.9997093968522519,0.9957908163265305,2.6036862271460155
6,350,13.397144720570573,0.9996034624009311,0.9960459183673471,2.6609800561052186
6,360,13.521014417130182,0.9994810213789256,0.9958900226757368,2.7182738850644217
6,370,13.64369776448924,0.99964038606528,0.99359410430839,2.7755677140236257
6,380,13.774313046262268,0.9994591303405922,0.9917658730158732,2.8328615429828283
6,390,13.887752480923472,0.9992314716286198,0.9948837868480727,2.8901553719420314
6,400,14.016700119101408,0.9991390036954441,0.9932539682539682,2.9474492009012345
6,410,14.120578078890382,0.9991529590888103,0.9906037414965987,3.0047430298604385
6,420,14.2580838230467,0.9990591376008925,0.9890873015873016,3.0620368588196416
6,430,14.357558719927775,0.9986863158763322,0.9945436507936506,3.1193306877788447
6,440,14.471076526652123,0.99852218657856,0.9946003401360544,3.1766245167380487
6,450,14.586297115163845,0.9982195448569728,0.9931689342403629,3.233918345697252
6,460,14.677817036209968,0.9983348902500382,0.9934807256235828,3.2912121746564544
6,470,14.748732804992464,0.9983503147264057,0.9921768707482993,3.3485060036156575
6,480,14.833641616500124,0.9985655370392339,0.9933248299319729,3.4057998325748606
6,490,14.893540910879548,0.9985733494078797,0.9950538548752835,3.4630936615340637
6,500,14.978874339723394,0.998321377318313,0.9958049886621316,3.5203874904932677
6,510,15.054168509706077,0.9984669922496474,0.9948696145124718,3.577681319452471
6,520,15.121000082808202,0.9981888796289836,0.9957766439909296,3.634975148411674
6,530,15.169021669207261,0.9984635845806568,0.9927295918367346,3.692268977370878
6,540,15.218234837376205,0.9988057149547735,0.9964427437641723,3.7495628063300805
6,550,15.299438179959507,0.9987113302988684,0.9884353741496599,3.8068566352892836
6,560,15.364039637426394,0.9987369314391348,0.9944869614512472,3.8641504642484867
6,570,15.423771356316006,0.9987458657668997,0.9947562358276644,3.9214442932076907
6,580,15.486804389752077,0.9990766601227943,0.9940192743764171,3.978738122166894
6,590,15.52005584891344,0.9990981900052387,0.9956207482993197,4.036031951126097
6,600,15.567358883909392,0.9992084864174352,0.9955357142857144,4.0933257800853005
6,610,15.597442443551966,0.9989515690079069,0.9977465986394558,4.1506196090445036
6,620,15.642280934357473,0.999171800814269,0.9941609977324262,4.207913438003707
6,630,15.674827043837391,0.9990505790191222,0.9896683673469389,4.265207266962911
6,640,15.688727548910542,0.9991804100380122,0.9938208616780047,4.322501095922113
6,650,15.713026057831037,0.9989934056121637,0.9958333333333332,4.379794924881316
6,660,15.738080392069392,0.9990027492085365,0.9955073696145125,4.43708875384052
6,670,15.743337123481563,0.999098523286488,0.9841269841269842,4.494382582799723
6,680,15.76456781142006,0.9990093970630932,0.9930980725623583,4.551676411758926
6,690,15.76113157270459,0.9989239458979836,0.9945436507936508,4.608970240718129
6,700,15.783896158650444,0.9987993544615321,0.9973072562358276,4.666264069677333
6,710,15.79659792450668,0.9989372656236789,0.9924603174603176,4.723557898636536
6,720,15.7978788623465,0.9987525226003029,0.9955215419501133,4.780851727595739
6,730,15.798156844773743,0.9987951703577497,0.9941326530612244,4.838145556554943
6,740,15.79928408773206,0.9986572678108729,0.9976615646258503,4.895439385514146
6,750,15.798991732251658,0.9986679656130575,0.9945719954648526,4.952733214473349
6,760,15.778081064331007,0.9989056270411183,0.9976899092970521,5.010027043432552
6,770,15.775371288745362,0.9990010249125529,0.9963577097505668,5.067320872391756
6,780,15.787526289711394,0.9989460083359243,0.9932256235827663,5.124614701350959
6,790,15.8042973710864,0.9988819583962717,0.9967545351473925,5.181908530310162
6,800,15.803680305907264,0.9990158982074455,0.9934948979591836,5.239202359269366
6,810,15.793355503597224,0.9990365134295787,0.9933531746031745,5.296496188228569
6,820,15.786013220997638,0.9991082090121062,0.9939767573696147,5.353790017187772
6,830,15.767016307945347,0.9991392549947287,0.9930555555555556,5.411083846146975
6,840,15.752652181775709,0.9992748609784254,0.994331065759637,5.468377675106179
6,850,15.741740128580393,0.9993444394415026,0.9967545351473923,5.525671504065382
6,860,15.748400973996143,0.9994726366043438,0.9971655328798186,5.582965333024585
6,870,15.724307610421818,0.9995904644571958,0.9982709750566894,5.640259161983789
6,880,15.72498574326491,0.9995950988791401,0.9931122448979594,5.6975529909429925
6,890,15.70891989187262,0.9996847521554044,0.9923894557823129,5.754846819902196
6,900,15.689998406064824,0.9995891115697695,0.992219387755102,5.812140648861398
6,910,15.681225612978007,0.9996856364352282,0.9858701814058957,5.869434477820602
6,920,15.634068447120917,0.9996863208823561,0.99375,5.926728306779805
6,930,15.623111874387869,0.9997440121211687,0.990547052154195,5.984022135739008
6,940,15.590153848011536,0.9997845564716856,0.9938066893424035,6.041315964698211
6,950,15.573780576309428,0.9997394987896869,0.9921910430839003,6.098609793657414
6,960,15.540222365625935,0.9997929103630483,0.9930697278911562,6.155903622616617
6,970,15.51095941080038,0.999733222640266,0.9964994331065758,6.21319745157582
6,980,15.464422853878146,0.9996993021739533,0.9893140589569163,6.270491280535024
6,990,15.43368354966767,0.999562466817415,0.9879109977324264,6.3277851094942275
6,1000,15.391470415978922,0.9996207012936821,0.9939909297052154,6.3850789384534306
6,1010,15.35498642919277,0.9996030025839067,0.9975765306122449,6.4423727674126345
6,1020,15.322363664342536,0.9996060190387683,0.9975481859410429,6.499666596371838
6,1030,15.290248815917785,0.9995756497406485,0.990221088435374,6.556960425331041
6,1040,15.260300562536408,0.9995320909499601,0.9902777777777777,6.614254254290244
6,1050,15.215307099013957,0.9994385846059868,0.9907029478458048,6.671548083249448
6,1060,15.155137935810075,0.9995179460485093,0.9937783446712016,6.72884191220865
6,1070,15.1040263326537,0.9996059935446857,0.99328231292517,6.786135741167853
6,1080,15.063113472398845,0.9996489664485695,0.9928854875283448,6.843429570127057
6,1090,15.010924085205069,0.9996662229888815,0.9924744897959183,6.90072339908626
6,1100,14.980426855722989,0.9995914552561365,0.9879251700680272,6.958017228045463
6,1110,14.929731701315212,0.9994715081781884,0.9933390022675737,7.015311057004666
6,1120,14.855108243968536,0.999469558128482,0.9883503401360544,7.07260488596387
6,1130,14.796609155335348,0.9994168567722495,0.9845096371882087,7.1298987149230735
6,1140,14.621521084370752,0.9994303064197358,0.9954648526077097,7.1298987149230735
6,1150,14.447118823428372,0.9992945229877932,0.9902352607709753,7.1298987149230735
6,1160,14.278646132624832,0.9992848857839673,0.9952947845804989,7.1298987149230735
6,1170,14.09731920838265,0.9991098910561971,0.9944586167800453,7.1298987149230735
6,1180,13.960477024871173,0.9993148198725816,0.9958191609977325,7.1298987149230735
6,1190,13.80902559139553,0.9992871147330156,0.9956349206349205,7.1298987149230735
6,1200,13.63925872712603,0.9992452006232247,0.9922760770975056,7.1298987149230735
6,1210,13.450414156706417,0.999239119758811,0.9980158730158729,7.1298987149230735
6,1220,13.292843173506844,0.9991521684772164,0.9951247165532878,7.1298987149230735
6,1230,13.121571109807512,0.9992596231628424,0.9910572562358275,7.1298987149230735
6,1240,12.972013390974057,0.999068732581702,0.9939767573696147,7.1298987149230735
6,1250,12.823836846092306,0.9991812750091065,0.9931831065759636,7.1298987149230735
6,1260,12.691076380010127,0.9992276814121668,0.9967828798185939,7.1298987149230735
6,1270,12.552210402354657,0.9992801439261014,0.9959750566893423,7.1298987149230735
6,1280,12.39893132377026,0.9993093458320257,0.9883219954648526,7.1298987149230735
6,1290,12.224959112797464,0.999345366865106,0.9956490929705215,7.1298987149230735
6,1300,12.057078088142163,0.9993670241398218,0.9881094104308389,7.1298987149230735
6,1310,11.921032777731469,0.9992356145993715,0.9944444444444445,7.1298987149230735
6,1320,11.774884333092018,0.9992846879377969,0.9956207482993197,7.1298987149230735
6,1330,11.62303272560166,0.999403795934033,0.9951955782312926,7.1298987149230735
6,1340,11.48447770462288,0.9993700718762926,0.9942318594104309,7.1298987149230735
6,1350,11.351716364987137,0.9993915254793693,0.9945861678004535,7.1298987149230735
6,1360,11.22935069768321,0.9993290758010434,0.9942885487528343,7.1298987149230735
6,1370,11.092121967245717,0.9993221256104687,0.995719954648526,7.1298987149230735
6,1380,10.962274202115054,0.999059610539249,0.9949971655328798,7.1298987149230735
6,1390,10.801845932558205,0.9991192442062407,0.9907454648526077,7.1298987149230735
6,1400,10.689568177312651,0.9991095946360506,0.9954931972789115,7.1298987149230735
6,1410,10.555936495080498,0.9989337527767669,0.9941751700680271,7.1298987149230735
6,1420,10.439094441312694,0.9990324589204258,0.9931972789115646,7.1298987149230735
6,1430,10.30872708584079,0.998986140208137,0.9941326530612246,7.1298987149230735
6,1440,10.17612580929612,0.9990968088714587,0.9968537414965984,7.1298987149230735
6,1450,10.053265393249966,0.9991193778390868,0.9951814058956915,7.1298987149230735
6,1460,9.928035854015498,0.999065420362866,0.9965986394557822,7.1298987149230735
6,1470,9.790875036808174,0.9991355412759169,0.9941751700680275,7.1298987149230735
6,1480,9.672175160944935,0.9989031629403791,0.9929705215419501,7.1298987149230735
6,1490,9.542279073111398,0.9987712887025754,0.9935941043083899,7.1298987149230735
6,1500,9.409499075959722,0.9987707271496409,0.9946286848072564,7.1298987149230735
6,1510,9.288312702714345,0.9986559857417922,0.9978316326530612,7.1298987149230735
6,1520,9.180573207737815,0.9984993654897056,0.9941468253968255,7.1298987149230735
6,1530,9.07834835928941,0.998566268364938,0.9962726757369612,7.1298987149230735
6,1540,8.986708164852033,0.9984495883999582,0.9920209750566894,7.1298987149230735
6,1550,8.886856233052729,0.9983067368428493,0.992828798185941,7.1298987149230735
6,1560,8.776334257660988,0.9983577635379104,0.9904053287981858,7.1298987149230735
6,1570,8.652344516808,0.9982702903787732,0.9917517006802722,7.1298987149230735
6,1580,8.559864663883737,0.9981015746808688,0.8959470592853996,7.1298987149230735
6,1590,8.447382366766178,0.9982625596497596,0.9984977324263037,7.1298987149230735
6,1600,8.363680226286844,0.9982200146450053,0.9935657596371883,7.1298987149230735
7,10,1.554866167494981,0.9967753190864017,0.4583198228208743,0.7129898714923074
7,20,1.6489175931614113,0.9945276038854147,0.6777216178258624,0.7702837004515106
7,30,1.7311601843078357,0.9911260606440475,0.7604920883964481,0.8275775294107139
7,40,1.815291666718233,0.987995753852347,0.6814575253947499,0.8848713583699171
7,50,1.9027572551725962,0.9856612716341432,0.5852816294352187,0.9421651873291205
7,60,1.994266148959988,0.9836338973516837,0.6488027542986833,0.9994590162883237
7,70,2.070441841483321,0.9802255692487051,0.726409643216555,1.056752845247527
7,80,2.1543254135042713,0.9758383131655304,0.751699470462703,1.1140466742067303
7,90,2.244583371112476,0.9737678923977948,0.46774131528922636,1.1713405031659334
7,100,2.3225982009496757,0.9724318134421862,0.8504819623856438,1.2286343321251367
7,110,2.3991307831371325,0.9718849524185655,0.7295414890554253,1.2859281610843403
7,120,2.469176844237584,0.9702818878626691,0.6880142146603508,1.3432219900435434
7,130,2.541168546293064,0.9677828536319542,0.7186871578942445,1.4005158190027465
7,140,2.6045267801174203,0.9656027351094256,0.6972764454023221,1.4578096479619498
7,150,2.682392021771938,0.9634609783868608,0.7128514816055018,1.5151034769211533
7,160,2.7504934888387607,0.9618995879198453,0.8609065918539514,1.5723973058803564
7,170,2.806401030904288,0.9604307514979796,0.976501972420254,1.6296911348395595
7,180,2.8819295040741912,0.9579159075453354,0.5714148663571802,1.6869849637987628
7,190,2.934920669858241,0.954908287265994,0.7577966815983843,1.7442787927579664
7,200,2.9972535750344593,0.9553182546379643,0.8013726802767241,1.8015726217171695
7,210,3.0636163122912565,0.9551349976609106,0.8487786506007169,1.8588664506763728
7,220,3.1185909264503584,0.9546480038893543,0.86784832444268,1.9161602796355763
7,230,3.1982173641153118,0.9532833445394635,0.4627129141523293,1.9734541085947794
7,240,3.2662531863909,0.9535924985038567,0.6027557639582842,2.0307479375539823
7,250,3.3230092106422124,0.9530147287157559,0.7565597974435463,2.0880417665131854
7,260,3.391964722462786,0.9517375067867226,0.7981099121287568,2.1453355954723894
7,270,3.4516361880009407,0.9485439679533002,0.8992503046975979,2.2026294244315925
7,280,3.5130830890130516,0.9448622949069071,0.7683207309686895,2.2599232533907956
7,290,3.569168447073662,0.9433630778473799,0.8047212250862799,2.317217082349999
7,300,3.643670949905765,0.9425244639564019,0.7296848655763954,2.374510911309202
7,310,3.7021485294995147,0.9419851731133722,0.7753507141358096,2.4318047402684053
7,320,3.722644325678191,0.9402492117438842,0.9262100851404147,2.489098569227609
7,330,3.7664210141120416,0.939407961365712,0.9271366695952171,2.5463923981868115
7,340,3.811101219813441,0.9382132964174655,0.9437353756285368,2.6036862271460155
7,350,3.867209258619423,0.9363169228908347,0.7675210483542951,2.6609800561052186
7,360,3.9233226156490044,0.9348954326179857,0.6632605103337009,2.7182738850644217
7,370,3.9797952809648502,0.9331309909332663,0.6315113910640399,2.7755677140236257
7,380,4.036407176742671,0.9312062322778081,0.843462651910291,2.8328615429828283
7,390,4.08671902233551,0.9313261079250401,0.7269510781617989,2.8901553719420314
7,400,4.124792453207276,0.9308996308610116,0.9374263994578916,2.9474492009012345
7,410,4.162685588874794,0.928665391090896,0.9955078125,3.0047430298604385
7,420,4.208117741699628,0.9288062615945891,0.9864750444329392,3.0620368588196416
7,430,4.247100504855982,0.9252107329616321,0.864215335588667,3.1193306877788447
7,440,4.299693067782892,0.9227016749858357,0.8304901115130324,3.1766245167380487
7,450,4.341807220954777,0.9199770156437035,0.8960196516314924,3.233918345697252
7,460,4.383796749144681,0.9191168571564954,0.9147131992519784,3.2912121746564544
7,470,4.434732283468776,0.9177191742037196,0.6791895683643345,3.3485060036156575
7,480,4.469001378705188,0.9173192323250963,0.9951714409722223,3.4057998325748606
7,490,4.518298712218684,0.916294927364143,0.775640763118003,3.4630936615340637
7,500,4.5591356844779085,0.916129640345066,0.8662268538003499,3.5203874904932677
7,510,4.5780879807935,0.9146558674407466,0.9942599826388889,3.577681319452471
7,520,4.613073597082757,0.9145884499603387,0.9976779513888889,3.634975148411674
7,530,4.648850940729229,0.9152281584087876,0.7465361442730095,3.692268977370878
7,540,4.682605802892629,0.9140327029056906,0.962420932999887,3.7495628063300805
7,550,4.7051315641256295,0.9137546881749055,0.8957917689815655,3.8068566352892836
7,560,4.741306900073921,0.914102546227961,0.8959666018895505,3.8641504642484867
7,570,4.773377077755721,0.9146611617666744,0.8972226464268319,3.9214442932076907
7,580,4.8254610584231035,0.9107732488851965,0.8648333119822531,3.978738122166894
7,590,4.851178789688278,0.9092860783227803,0.9910481770833333,4.036031951126097
7,600,4.898620538793762,0.9086102140197174,0.8643754040752206,4.0933257800853005
7,610,4.929880401566931,0.9076853190340777,0.9645775412849968,4.1506196090445036
7,620,4.962166113554634,0.9066331141376194,0.8579794053975072,4.207913438003707
7,630,4.9998861152655865,0.9076143714531079,0.9571029248792767,4.265207266962911
7,640,5.034377866972751,0.908234869016559,0.8600056860173757,4.322501095922113
7,650,5.067875702757735,0.9086469703228486,0.946434505046151,4.379794924881316
7,660,5.103320947455542,0.9081993181610344,0.8850023724121853,4.43708875384052
7,670,5.1333173620286345,0.9071580751762871,0.9937608506944444,4.494382582799723
7,680,5.180094254420169,0.9071707137105822,0.8467215796942351,4.551676411758926
7,690,5.2083452731894395,0.9081728497288263,0.9575834206822009,4.608970240718129
7,700,5.236553724495374,0.9076278754475496,0.9379830986201979,4.666264069677333
7,710,5.251727563534711,0.9074357687051718,0.8314056910856964,4.723557898636536
7,720,5.284479091099316,0.9076248260507134,0.8928705655588726,4.780851727595739
7,730,5.319789541221892,0.9071242321177075,0.9040886903355311,4.838145556554943
7,740,5.350278130480228,0.907077652208629,0.8729026850829452,4.895439385514146
7,750,5.38344487658331,0.9070482993268076,0.6868522609201471,4.952733214473349
7,760,5.426460974712872,0.9086857499141165,0.7739039669515518,5.010027043432552
7,770,5.461320183260355,0.9088176197438873,0.8917263012090391,5.067320872391756
7,780,5.493397738104947,0.9103656113867056,0.8278380051488213,5.124614701350959
7,790,5.499709215562337,0.9097482491996711,0.9538581050890288,5.181908530310162
7,800,5.5210393962804964,0.9102554733163484,0.9835809518641625,5.239202359269366
7,810,5.556543682347943,0.9103141857330919,0.7905748780518034,5.296496188228569
7,820,5.601256274059227,0.9105866238171574,0.6095398133443913,5.353790017187772
7,830,5.628729986508548,0.9110716208833649,0.9917751736111111,5.411083846146975
7,840,5.650471460773826,0.911122158208786,0.993869357638889,5.468377675106179
7,850,5.6767809062472105,0.9116152938826381,0.9903568801399425,5.525671504065382
7,860,5.711110365769238,0.9133823750658966,0.7735841852816717,5.582965333024585
7,870,5.721956666226646,0.9141129802022365,0.9626916856370009,5.640259161983789
7,880,5.743965334006488,0.9129065939166054,0.9882052951388889,5.6975529909429925
7,890,5.767202121078734,0.9117024014441208,0.95105349638328,5.754846819902196
7,900,5.7917324849030845,0.9127559003713952,0.9886176215277779,5.812140648861398
7,910,5.809423354843446,0.9137900940776995,0.9049127622429133,5.869434477820602
7,920,5.8439090889506575,0.9142801328002261,0.849697006726271,5.926728306779805
7,930,5.8764076211698075,0.9148362384680726,0.8832357584389243,5.984022135739008
7,940,5.909491380331323,0.9154080695811716,0.7846097404968052,6.041315964698211
7,950,5.929801892037806,0.9157244087049644,0.8021173560179224,6.098609793657414
7,960,5.955858511990962,0.9148220924626135,0.9171071480351651,6.155903622616617
7,970,5.982727709020414,0.9147778885526641,0.8867673678386229,6.21319745157582
7,980,6.011951659779564,0.9157162498919602,0.8511055196672774,6.270491280535024
7,990,6.02142535832273,0.9147565380416279,0.9953233506944444,6.3277851094942275
7,1000,6.048088143480802,0.9145645045084679,0.8792326435506036,6.3850789384534306
7,1010,6.072743177782205,0.9151607650980756,0.9029916409992558,6.4423727674126345
7,1020,6.092764665932644,0.9163984700966907,0.8984810151026359,6.499666596371838
7,1030,6.11132212556738,0.9160682854885072,0.9059697406275022,6.556960425331041
7,1040,6.140141785116514,0.9159350061500154,0.8991593628332899,6.614254254290244
7,1050,6.160699419902418,0.9166004543882256,0.7211207730246555,6.671548083249448
7,1060,6.179066496884815,0.9173396337634592,0.9968641493055557,6.72884191220865
7,1070,6.194898880000584,0.9167000483665101,0.9924913194444445,6.786135741167853
7,1080,6.214999515967545,0.9179535556318319,0.9963433159722221,6.843429570127057
7,1090,6.242954035378503,0.9193939050490088,0.9411470002934692,6.90072339908626
7,1100,6.270335969365502,0.9210338161295533,0.9558394716701158,6.958017228045463
7,1110,6.2977925085354585,0.9196721916140829,0.9042266106024801,7.015311057004666
7,1120,6.310319758756991,0.9200532492730371,0.9655741777413309,7.07260488596387
7,1130,6.32992414073995,0.9203309577036303,0.9975043402777779,7.1298987149230735
7,1140,6.302002950547356,0.9212900871100733,0.7711966095298051,7.1298987149230735
7,1150,6.274611875266178,0.9224276424757438,0.917952465472829,7.1298987149230735
7,1160,6.248553962637037,0.9234864359014725,0.914330760711979,7.1298987149230735
7,1170,6.217624225872616,0.9229427243290385,0.9706372847013809,7.1298987149230735
7,1180,6.1892968520974865,0.923693491287576,0.99697265625,7.1298987149230735
7,1190,6.164429136162459,0.9240606414044403,0.9391027766394222,7.1298987149230735
7,1200,6.137514086454617,0.9253983369085808,0.8730006169214043,7.1298987149230735
7,1210,6.114360690677402,0.9247668522976311,0.8389788320275786,7.1298987149230735
7,1220,6.078124571598019,0.925279349990995,0.8986001559196873,7.1298987149230735
7,1230,6.057904134860987,0.9265625487703657,0.8428825997653343,7.1298987149230735
7,1240,6.034249179680611,0.9271645009707791,0.890336562857984,7.1298987149230735
7,1250,5.9994792316632495,0.929116484043053,0.9595944309877267,7.1298987149230735
7,1260,5.966174355643197,0.9287897306870969,0.9900602154326249,7.1298987149230735
7,1270,5.9525036233791955,0.9281901800624599,0.798462612076088,7.1298987149230735
7,1280,5.912640950328494,0.9298082764788576,0.9227366281440631,7.1298987149230735
7,1290,5.883282600065143,0.9307708019258305,0.990920006799695,7.1298987149230735
7,1300,5.839450743894311,0.931692663389277,0.9961263020833334,7.1298987149230735
7,1310,5.814606438775788,0.9327458708069876,0.8971572458887843,7.1298987149230735
7,1320,5.789449227967349,0.9331172765700411,0.8738166784557432,7.1298987149230735
7,1330,5.75873236014979,0.9349014170093319,0.9927300347222221,7.1298987149230735
7,1340,5.743890179243656,0.9350960042624643,0.7539364224190395,7.1298987149230735
7,1350,5.717711936698035,0.9368475548040607,0.9231212617666259,7.1298987149230735
7,1360,5.689757207705347,0.9374157775103973,0.7224394531566439,7.1298987149230735
7,1370,5.662944586222289,0.9387841288596512,0.9792368344677502,7.1298987149230735
7,1380,5.627131644118202,0.9391546469567253,0.9953125,7.1298987149230735
7,1390,5.600991882082666,0.9393428698377615,0.9547425376698451,7.1298987149230735
7,1400,5.569767650937144,0.9408699335946276,0.9972981770833332,7.1298987149230735
7,1410,5.545256150033867,0.9414725874141832,0.8990114006666415,7.1298987149230735
7,1420,5.5209678704493435,0.9415978126678559,0.9536703043217207,7.1298987149230735
7,1430,5.495861819818346,0.9427018520573045,0.8852048010578262,7.1298987149230735
7,1440,5.473641037230526,0.9436503362748674,0.8998026197379267,7.1298987149230735
7,1450,5.433783235020872,0.9450056448506513,0.9874891493055555,7.1298987149230735
7,1460,5.413311695828029,0.9458906389139006,0.9699848821235406,7.1298987149230735
7,1470,5.3940809318520495,0.9465717513000398,0.9569362922122087,7.1298987149230735
7,1480,5.374220079246011,0.9479576497699269,0.9022922827898613,7.1298987149230735
7,1490,5.35568952138944,0.9484910157814548,0.9016330487085614,7.1298987149230735
7,1500,5.345092960792837,0.9501263675250375,0.8108774036988304,7.1298987149230735
7,1510,5.329278253910482,0.9519239716707287,0.8125160371867144,7.1298987149230735
7,1520,5.291625872305069,0.9532407387393456,0.9562267481409478,7.1298987149230735
7,1530,5.266812931970445,0.9546298813440464,0.9099763569797042,7.1298987149230735
7,1540,5.238847473627652,0.9549966110151048,0.942694443892897,7.1298987149230735
7,1550,5.217701293115589,0.9560380788459477,0.9838046632138688,7.1298987149230735
7,1560,5.193170289492013,0.9570574872219703,0.9946723090277778,7.1298987149230735
7,1570,5.16967657097422,0.95868092356049,0.8969694922827636,7.1298987149230735
7,1580,5.1442211043561965,0.9592098106361724,0.8994586425313915,7.1298987149230735
7,1590,5.118167070952666,0.9603291973647858,0.9969943576388889,7.1298987149230735
7,1600,5.107709630516365,0.9607726409763235,0.668422012343387,7.1298987149230735
8,10,0.61214934128857,0.31357647614221096,0.6162316273285099,0.7129898714923074
8,20,0.6404017608266508,0.3319535924805364,0.4970304019623585,0.7702837004515106
8,30,0.6755714109405129,0.32639292618876253,0.4901520374473477,0.8275775294107139
8,40,0.710452198611298,0.3290935255431049,0.4215267128493191,0.8848713583699171
8,50,0.7419660227335213,0.34159928224868163,0.5014774699489244,0.9421651873291205
8,60,0.7696723049492974,0.3389461216307582,0.541691014394752,0.9994590162883237
8,70,0.8010333092935006,0.32713387027621077,0.6119720908586204,1.056752845247527
8,80,0.8346813678186135,0.32658134865344723,0.5655019605446727,1.1140466742067303
8,90,0.8703628247441411,0.32954943717774654,0.4110658221712276,1.1713405031659334
8,100,0.890718803601077,0.33508196622375674,0.6910362881604988,1.2286343321251367
8,110,0.9227724575370103,0.3541564919546588,0.4593693072844883,1.2859281610843403
8,120,0.9578137390091662,0.35326680935778265,0.39934010722235114,1.3432219900435434
8,130,0.9801626917492317,0.35511484766674406,0.6655104067479781,1.4005158190027465
8,140,1.0153100530665653,0.3524693970890882,0.24255178276691866,1.4578096479619498
8,150,1.0417575321695498,0.35588510385523436,0.7150830997888785,1.5151034769211533
8,160,1.072638926366161,0.36190118749658184,0.5093340939708646,1.5723973058803564
8,170,1.0897222416240204,0.360627707106062,0.6939651710610331,1.6296911348395595
8,180,1.1214354536475175,0.3616289303225092,0.37499751861881686,1.6869849637987628
8,190,1.150250209400082,0.35949837925831685,0.5453164626662821,1.7442787927579664
8,200,1.1821514150387578,0.3550517593596211,0.49771588703635794,1.8015726217171695
8,210,1.2096362229161306,0.35839181450540486,0.588666675810992,1.8588664506763728
8,220,1.232051841276783,0.3674477935740317,0.5196993163109542,1.9161602796355763
8,230,1.2537322945757214,0.3609841965224969,0.7519013785355498,1.9734541085947794
8,240,1.269600800455727,0.3608577789379223,0.7819772264441525,2.0307479375539823
8,250,1.287285624187083,0.3498675403526484,0.7139256704929303,2.0880417665131854
8,260,1.3068370606145732,0.3426809841615127,0.9047804512451446,2.1453355954723894
8,270,1.3273076372606618,0.34244572485921404,0.76822286554346,2.2026294244315925
8,280,1.3571959695945497,0.33182591977035736,0.42976555046975184,2.2599232533907956
8,290,1.37901741962028,0.3362632275491941,0.6710575341690246,2.317217082349999
8,300,1.4038509867577775,0.3356190198353267,0.6416330909333982,2.374510911309202
8,310,1.4199807438056822,0.3307695049765219,0.7720271759772732,2.4318047402684053
8,320,1.4452223662423633,0.32768793920993244,0.6946490288446039,2.489098569227609
8,330,1.4687082373896712,0.328775230514717,0.6322086119478895,2.5463923981868115
8,340,1.4839727347393876,0.33345353753577445,0.7779352996593005,2.6036862271460155
8,350,1.498793281325159,0.32985681226874,0.8961170070902874,2.6609800561052186
8,360,1.5206211897603128,0.3269934156894191,0.5336521577987975,2.7182738850644217
8,370,1.533970645529023,0.3270135280511498,0.8988690030206865,2.7755677140236257
8,380,1.5503924229727013,0.3222093187661047,0.8237787232953048,2.8328615429828283
8,390,1.5666962823397046,0.32099887424443035,0.7280117122059455,2.8901553719420314
8,400,1.583485701360412,0.3228355978054724,0.721256564497178,2.9474492009012345
8,410,1.6042127063815743,0.32074905739185366,0.6142495065859449,3.0047430298604385
8,420,1.6182360758566683,0.3219653674279542,0.8431617300562392,3.0620368588196416
8,430,1.6235004405366162,0.3182356652464099,0.8269354325296474,3.1193306877788447
8,440,1.6375379179398566,0.31402492896338396,0.6046014516703846,3.1766245167380487
8,450,1.6532027185651035,0.3106893552354353,0.7698023324113035,3.233918345697252
8,460,1.6610838527569807,0.3046863602188564,0.993800691060561,3.2912121746564544
8,470,1.6798831332810436,0.29969687360296027,0.7753894846267784,3.3485060036156575
8,480,1.6945801904598354,0.3017263020033811,0.7735549662048238,3.4057998325748606
8,490,1.7111042222328658,0.3014961344864065,0.8931963327529292,3.4630936615340637
8,500,1.7166229354772804,0.30713226386903714,0.8227603650294558,3.5203874904932677
8,510,1.727381426082989,0.30339885483822543,0.8664795577546496,3.577681319452471
8,520,1.7430600549940718,0.306361184536687,0.615067167380497,3.634975148411674
8,530,1.7501997594885965,0.30284475221380036,0.996622085048011,3.692268977370878
8,540,1.7603407051645306,0.3027633761480744,0.8780771824643703,3.7495628063300805
8,550,1.7627781864461038,0.30143560048189755,0.8346874035370411,3.8068566352892836
8,560,1.7713041755054804,0.3019148909763423,0.9449129467575865,3.8641504642484867
8,570,1.7776302661834906,0.30223962850119557,0.9169705200906035,3.9214442932076907
8,580,1.7868609859321318,0.30003933627688517,0.8453154488013969,3.978738122166894
8,590,1.7910470977220192,0.30018150220466155,0.885010594925772,4.036031951126097
8,600,1.794245349285624,0.30156764542019604,0.833348165202435,4.0933257800853005
8,610,1.8115772535967243,0.302214281061693,0.6982440355630266,4.1506196090445036
8,620,1.8278913307723283,0.2997799185193086,0.605625163405698,4.207913438003707
8,630,1.8369758866633403,0.29535865897912583,0.8216231770155723,4.265207266962911
8,640,1.8499733272003949,0.2968351969660794,0.7863458689138382,4.322501095922113
8,650,1.8624145386903725,0.2943485539710587,0.7589786430877824,4.379794924881316
8,660,1.8741735336253325,0.28974819843177785,0.8612306321839727,4.43708875384052
8,670,1.8844369395521892,0.2924738359564138,0.7548902811956368,4.494382582799723
8,680,1.8837493857825354,0.2920460204130692,0.9015736373674349,4.551676411758926
8,690,1.9004612444409388,0.29192724259147323,0.7274881254259216,4.608970240718129
8,700,1.910604884458536,0.29255384989040745,0.865247509688009,4.666264069677333
8,710,1.9184707866029398,0.29389541427018034,0.8158333684077256,4.723557898636536
8,720,1.9262351319906859,0.29297151770058244,0.8325259317157865,4.780851727595739
8,730,1.9343776472086465,0.29443356638656093,0.8036446762599774,4.838145556554943
8,740,1.9435018093539156,0.29596948310085525,0.9734679941475937,4.895439385514146
8,750,1.9521641549638222,0.2965365991716772,0.9113190689841708,4.952733214473349
8,760,1.9568684732251045,0.291244087883777,0.8137978449081871,5.010027043432552
8,770,1.9577274200992685,0.29509619968619183,0.9045718095926304,5.067320872391756
8,780,1.9640010010643807,0.2969917046350822,0.8008892311624434,5.124614701350959
8,790,1.9721935514188562,0.29482461697647,0.6866785357930072,5.181908530310162
8,800,1.9712431463951883,0.2941910192936381,0.9091469198287871,5.239202359269366
8,810,1.9762542187669498,0.29260492074266486,0.9287463832780205,5.296496188228569
8,820,1.988165760979941,0.29261023241151385,0.6279459502294967,5.353790017187772
8,830,1.9972357519043578,0.2950174651819961,0.8578876473331137,5.411083846146975
8,840,2.002023198327269,0.2960761651661584,0.8196205714319655,5.468377675106179
8,850,2.006576431423869,0.2934801488159789,0.8350884786232646,5.525671504065382
8,860,2.010515485240714,0.29488581976340245,0.8983694811731582,5.582965333024585
8,870,2.0130680656653963,0.29352959314176597,0.9417856643431325,5.640259161983789
8,880,2.0147154162449246,0.2949557335839918,0.8518123455342417,5.6975529909429925
8,890,2.012083813371203,0.29292124432424976,0.9071859888191133,5.754846819902196
8,900,2.005736783750099,0.29187367668624475,0.9310414105866398,5.812140648861398
8,910,2.0057450849402305,0.2868233709249062,0.9578494932312894,5.869434477820602
8,920,1.9968414285937863,0.28369323892025117,0.9929116539745181,5.926728306779805
8,930,1.9997903786924152,0.2800825158264352,0.8799361762859972,5.984022135739008
8,940,2.0056307287804103,0.2791630082083657,0.6952219909253905,6.041315964698211
8,950,2.0027552136117195,0.2784660360412813,0.8988555380640182,6.098609793657414
8,960,2.005185807186655,0.27981918605203693,0.9045617095097024,6.155903622616617
8,970,2.00917006240439,0.2832476656235048,0.9333900026430488,6.21319745157582
8,980,2.0152429893620796,0.28431157451946687,0.7561298498641468,6.270491280535024
8,990,2.0142372792380736,0.2817842112015981,0.8623723622501643,6.3277851094942275
8,1000,2.0205258850160397,0.27988243637669297,0.8283061325028216,6.3850789384534306
8,1010,2.0285001370872897,0.28170750104580977,0.7770524563834753,6.4423727674126345
8,1020,2.035184971742515,0.2805949287594662,0.7395706672146268,6.499666596371838
8,1030,2.03472888987474,0.27583557381676527,0.8967141157852117,6.556960425331041
8,1040,2.0379775399870854,0.27177511601888116,0.8975612831379985,6.614254254290244
8,1050,2.034981551502359,0.2750235792199356,0.9778812352329023,6.671548083249448
8,1060,2.0307843329200446,0.2710658914955654,0.9891387525269127,6.72884191220865
8,1070,2.0332237084766405,0.26871300497646,0.7824613311102917,6.786135741167853
8,1080,2.0307536262746226,0.2681963926601241,0.9293385960548936,6.843429570127057
8,1090,2.0354556783722155,0.26853344777699245,0.8071438932789153,6.90072339908626
8,1100,2.0337375982937163,0.2672407719282832,0.9978395061728396,6.958017228045463
8,1110,2.0352492684247334,0.26792582441058993,0.9418631372920505,7.015311057004666
8,1120,2.032201058427188,0.2662372460912386,0.8961019217577503,7.07260488596387
8,1130,2.0276018333916688,0.26631423797927617,0.8823638672893841,7.1298987149230735
8,1140,2.016849998736092,0.26708119778042894,0.7223477381803163,7.1298987149230735
8,1150,1.9955520732080352,0.26794662393100377,0.9935528120713306,7.1298987149230735
8,1160,1.972373132723938,0.2628088924061321,0.951487920327937,7.1298987149230735
8,1170,1.9559309010610852,0.25632367021464564,0.9899005486968449,7.1298987149230735
8,1180,1.9403683039993427,0.2537383324227095,0.7599899414825548,7.1298987149230735
8,1190,1.9227142921657014,0.2565173945625757,0.9978309327846364,7.1298987149230735
8,1200,1.9028293429142369,0.2550071571586068,0.9971107681755831,7.1298987149230735
8,1210,1.8874193454599417,0.2551156865829747,0.9960733882030176,7.1298987149230735
8,1220,1.8790033728711673,0.25476209780256154,0.8229611699064959,7.1298987149230735
8,1230,1.8643068953437723,0.25297029884490885,0.9005429976078654,7.1298987149230735
8,1240,1.8540455001132943,0.2533784520346395,0.825966984517521,7.1298987149230735
8,1250,1.83996490871169,0.25334551222683627,0.7863894645154861,7.1298987149230735
8,1260,1.823819839600393,0.25330445137133406,0.6839373024479939,7.1298987149230735
8,1270,1.8063184322239865,0.2559211722403287,0.768872060781215,7.1298987149230735
8,1280,1.7933602753923112,0.2565539677979353,0.8151294164832332,7.1298987149230735
8,1290,1.7729219229186461,0.25706528079679797,0.9087866921585572,7.1298987149230735
8,1300,1.7594852534718208,0.25711414943471395,0.8145796296056144,7.1298987149230735
8,1310,1.7479256843433038,0.25743752947518195,0.8157000892206245,7.1298987149230735
8,1320,1.7322068961270651,0.25830314269306015,0.9074700819816647,7.1298987149230735
8,1330,1.7116539424861625,0.2556629177818175,0.8944227698742484,7.1298987149230735
8,1340,1.701797445307815,0.2545568337453588,0.8973190027334743,7.1298987149230735
8,1350,1.6859312559927515,0.2551274890594263,0.9116770648343632,7.1298987149230735
8,1360,1.6718422562661135,0.2510854249595353,0.7331721379994944,7.1298987149230735
8,1370,1.655696198712349,0.25190045486618395,0.7972896210996334,7.1298987149230735
8,1380,1.6437270489992444,0.252480643278005,0.8988751016509943,7.1298987149230735
8,1390,1.6327355494083946,0.251072154733001,0.9328674122891817,7.1298987149230735
8,1400,1.6212554911557742,0.24854231483679157,0.6758358920548295,7.1298987149230735
8,1410,1.6093130989773614,0.2444513953303109,0.8316661175785118,7.1298987149230735
8,1420,1.5976106927969733,0.2422531181142957,0.7998839075133735,7.1298987149230735
8,1430,1.5833005474801602,0.24091434500305908,0.9751573603412889,7.1298987149230735
8,1440,1.5710038362790928,0.23816281736531209,0.7100641636093228,7.1298987149230735
8,1450,1.5602791710797121,0.23765079935688158,0.8917889271630004,7.1298987149230735
8,1460,1.5422136226402645,0.23554867692022746,0.9985510973936899,7.1298987149230735
8,1470,1.5293960281001575,0.23455490651941335,0.7999693706036684,7.1298987149230735
8,1480,1.5139974897185566,0.23260979383072403,0.833742321508187,7.1298987149230735
8,1490,1.4979446582909135,0.23003896285112174,0.9154870127251353,7.1298987149230735
8,1500,1.4867759803666805,0.2310579204300057,0.8392748063844774,7.1298987149230735
8,1510,1.467977389422296,0.22650657817585218,0.794971633072328,7.1298987149230735
8,1520,1.451078090148203,0.22663541869521517,0.9386051836923809,7.1298987149230735
8,1530,1.4397066803180978,0.22545428987871102,0.8514870661504856,7.1298987149230735
8,1540,1.422914481682278,0.223591866357546,0.797808052071703,7.1298987149230735
8,1550,1.4108594325226023,0.22344708637672034,0.8369409279424784,7.1298987149230735
8,1560,1.394172569581984,0.2221906410657795,0.8637978866171985,7.1298987149230735
8,1570,1.384400403129364,0.223311369583354,0.9049174295161105,7.1298987149230735
8,1580,1.3717239773955363,0.22194605421776437,0.9605930039212343,7.1298987149230735
8,1590,1.364008136239736,0.22218996846219474,0.8713019156390456,7.1298987149230735
8,1600,1.3494994185533924,0.22000438477762085,0.9920610425240055,7.1298987149230735
9,10,0.7779830177677736,0.6435156624205284,0.3646149188112381,0.7129898714923074
9,20,0.8299492145820713,0.6428198930889023,0.33658575872988206,0.7702837004515106
9,30,0.8746877348988716,0.6575262764786733,0.5473194396370434,0.8275775294107139
9,40,0.9254021896090745,0.6614108997621995,0.3103635191138367,0.8848713583699171
9,50,0.9715319728993093,0.6592830647599293,0.46338427024170975,0.9421651873291205
9,60,1.022882678069431,0.655314978021527,0.3705251488653445,0.9994590162883237
9,70,1.0768899040035746,0.6524999860103874,0.23584916890499738,1.056752845247527
9,80,1.1337128488688861,0.6532862739548257,0.14788882888227892,1.1140466742067303
9,90,1.1829324500154867,0.6592069266880081,0.4475332140134592,1.1713405031659334
9,100,1.2398396608881679,0.6591932146121651,0.1308361627131418,1.2286343321251367
9,110,1.2907556909003088,0.6547188788198511,0.4136252709687886,1.2859281610843403
9,120,1.3465376809586553,0.6509275668544987,0.17209254656993805,1.3432219900435434
9,130,1.3982588341587467,0.6533958375816346,0.3708081339244288,1.4005158190027465
9,140,1.4534894274210635,0.6555695671975443,0.17529782488674278,1.4578096479619498
9,150,1.5069929491884666,0.6565154020054118,0.2880373910280583,1.5151034769211533
9,160,1.5587220860872546,0.6578947233079221,0.39192704958114205,1.5723973058803564
9,170,1.6105493265993793,0.6547301825979834,0.3574979861910283,1.6296911348395595
9,180,1.6620384632429297,0.6561129047400385,0.3931677735919256,1.6869849637987628
9,190,1.7178338174692929,0.654960491788261,0.12491588324250462,1.7442787927579664
9,200,1.7713519418793429,0.6522119777774066,0.2159154232443611,1.8015726217171695
9,210,1.8182059084124897,0.6518670752586884,0.4336618998076799,1.8588664506763728
9,220,1.8730855838388434,0.6536745074387431,0.1636625284874416,1.9161602796355763
9,230,1.925569654764857,0.6533790149707094,0.30849826804070335,1.9734541085947794
9,240,1.9783923146190694,0.6487292487923124,0.30246727928537154,2.0307479375539823
9,250,2.0293485878248827,0.6494801362230989,0.37063992264692003,2.0880417665131854
9,260,2.083925057653675,0.6487895313564508,0.16040397722510208,2.1453355954723894
9,270,2.1354144335145033,0.6549568488651097,0.4115565794336911,2.2026294244315925
9,280,2.1876732055359995,0.6540579215070496,0.19003939721458832,2.2599232533907956
9,290,2.235586095843118,0.6516028289553139,0.46974447925856644,2.317217082349999
9,300,2.289885697972353,0.6521113036818589,0.15536097961049664,2.374510911309202
9,310,2.3368414510232065,0.6456900332657006,0.5916537864794673,2.4318047402684053
9,320,2.385388963381666,0.6496808088974977,0.523461961072443,2.489098569227609
9,330,2.43818121509097,0.6500632243508409,0.25751872065203774,2.5463923981868115
9,340,2.487994094818399,0.6496372704320288,0.4021176272930971,2.6036862271460155
9,350,2.5376152490622,0.6477448249099806,0.5027491496927071,2.6609800561052186
9,360,2.5874780976034764,0.6510091327761056,0.4937555408031141,2.7182738850644217
9,370,2.6368108367585013,0.649502414662591,0.4969373185497831,2.7755677140236257
9,380,2.687253786965733,0.6505090764600094,0.4585408141747229,2.8328615429828283
9,390,2.7368569573317516,0.6491391788192736,0.39812298787784584,2.8901553719420314
9,400,2.785917207622929,0.648978329733979,0.4808491628221933,2.9474492009012345
9,410,2.8354885344361254,0.648365392023089,0.36836336088083393,3.0047430298604385
9,420,2.8828490844330164,0.6463007266500458,0.46994267329266615,3.0620368588196416
9,430,2.9300318353867,0.6457692248545834,0.49563263788923717,3.1193306877788447
9,440,2.979103593983946,0.6437838705517898,0.4577191321617445,3.1766245167380487
9,450,3.03092463495564,0.6440867109192024,0.2415562334420117,3.233918345697252
9,460,3.0796550427989895,0.6431095577519884,0.5099901830524853,3.2912121746564544
9,470,3.12475700778809,0.6431108218206114,0.697861009616398,3.3485060036156575
9,480,3.1727686450397363,0.6417741727252877,0.4453552309100132,3.4057998325748606
9,490,3.217899497891338,0.6419706939765746,0.66812460373237,3.4630936615340637
9,500,3.2660382768646574,0.6450606492664285,0.47568256921673735,3.5203874904932677
9,510,3.3120297725167775,0.6445930253379193,0.6404115307366333,3.577681319452471
9,520,3.3609248825894738,0.6442555428169068,0.4328295165290794,3.634975148411674
9,530,3.4094374015845705,0.6457342960366184,0.37663167443371603,3.692268977370878
9,540,3.4558308038954992,0.6456216255623138,0.5753695771614967,3.7495628063300805
9,550,3.504830944386139,0.6469550384064984,0.3636194735213286,3.8068566352892836
9,560,3.551076273791479,0.6466713166919288,0.5735458029541882,3.8641504642484867
9,570,3.597354718467114,0.6488848837233537,0.6062083492718182,3.9214442932076907
9,580,3.6443268678206664,0.648177930843943,0.4546861671182046,3.978738122166894
9,590,3.691005919135806,0.6491951075965283,0.5783815795425119,4.036031951126097
9,600,3.7355297190116206,0.648064066079813,0.6001754020325488,4.0933257800853005
9,610,3.783007200274527,0.6499119085315743,0.4798564220816237,4.1506196090445036
9,620,3.825563876690193,0.6540326492342274,0.8107655309040107,4.207913438003707
9,630,3.872928727659704,0.6543124863858549,0.540100117237954,4.265207266962911
9,640,3.919055431371767,0.6537507897376078,0.552015453950645,4.322501095922113
9,650,3.9665085672628644,0.6513228427214337,0.4975087448385316,4.379794924881316
9,660,4.011688167608046,0.6520583019409569,0.671668787819792,4.43708875384052
9,670,4.057687663187507,0.6533138942655681,0.5630836591156765,4.494382582799723
9,680,4.103547735477171,0.6516232369917154,0.6212807427579411,4.551676411758926
9,690,4.145257647521609,0.6514259076116172,0.6298909638458228,4.608970240718129
9,700,4.19087063966583,0.6547998206268044,0.5338391612150676,4.666264069677333
9,710,4.235697646544825,0.654020081514233,0.6641027603426274,4.723557898636536
9,720,4.284520437965583,0.6513065581274722,0.39472810115716117,4.780851727595739
9,730,4.324875183730429,0.6543769551422907,0.6966546101341697,4.838145556554943
9,740,4.364546091830979,0.6536809237025201,0.7928830422516123,4.895439385514146
9,750,4.406310289841459,0.655384507025494,0.7310472634903261,4.952733214473349
9,760,4.451556834533971,0.6574628271641667,0.7210237429014008,5.010027043432552
9,770,4.492137915147192,0.6556549710044128,0.7567007190819026,5.067320872391756
9,780,4.533298725234244,0.6547190745230136,0.7391964122298563,5.124614701350959
9,790,4.574438003293816,0.6544041158822692,0.8655986398666358,5.181908530310162
9,800,4.613582550815169,0.6531611189101344,0.8885468176070537,5.239202359269366
9,810,4.6557016932819915,0.6533539827710815,0.8533350516008621,5.296496188228569
9,820,4.695112750586838,0.6564669533234324,0.8338569731331656,5.353790017187772
9,830,4.736299877222197,0.6569646601050145,0.6354036943986874,5.411083846146975
9,840,4.77821866513468,0.660107354001382,0.7552771511447225,5.468377675106179
9,850,4.819278274266489,0.6605802833158152,0.6852858720680552,5.525671504065382
9,860,4.854509298590596,0.6603612167107973,0.8670608932456683,5.582965333024585
9,870,4.893616826279883,0.6628991298097187,0.7714179154717062,5.640259161983789
9,880,4.935113794468272,0.6624284736630075,0.6527630229710726,5.6975529909429925
9,890,4.969980445314031,0.6646157566202274,0.7487635809542931,5.754846819902196
9,900,5.0102441350870555,0.6660226683180426,0.8205632686011747,5.812140648861398
9,910,5.048624805688786,0.6678636121635091,0.7514373548470004,5.869434477820602
9,920,5.088750713618421,0.6707226128483568,0.7453840924454174,5.926728306779805
9,930,5.132672574567017,0.6712658107977981,0.6013112000471384,5.984022135739008
9,940,5.166581853478253,0.6726775361907631,0.8492841159583715,6.041315964698211
9,950,5.205961464990628,0.6726408753394009,0.7641975732484593,6.098609793657414
9,960,5.249260368771137,0.6718238782103818,0.5597411369168989,6.155903622616617
9,970,5.288805357065862,0.6750828768451935,0.9346081277835665,6.21319745157582
9,980,5.324218775804074,0.675060476556959,0.8716822376046937,6.270491280535024
9,990,5.355932060093771,0.6777161142884132,0.8329749683073248,6.3277851094942275
9,1000,5.395584609972443,0.6780992985453252,0.6471061258086594,6.3850789384534306
9,1010,5.433329633383377,0.6768325024055419,0.9020640008613136,6.4423727674126345
9,1020,5.4688835308791335,0.6780984843063935,0.9974722222222223,6.499666596371838
9,1030,5.505539467193532,0.6803291392690469,0.8605813789664586,6.556960425331041
9,1040,5.540893844639188,0.6798640777797583,0.8775958322468596,6.614254254290244
9,1050,5.572763863935487,0.6798762135715175,0.9032641334178562,6.671548083249448
9,1060,5.608111888590485,0.6793046306306394,0.7992039639202074,6.72884191220865
9,1070,5.645383166541965,0.6800868165194198,0.6806111090682775,6.786135741167853
9,1080,5.6841120786555,0.6814977583157752,0.6084856370162719,6.843429570127057
9,1090,5.720749627105221,0.6817929908042932,0.9024882014002715,6.90072339908626
9,1100,5.753816738197364,0.6827507205398985,0.826802765646514,6.958017228045463
9,1110,5.7958429544936525,0.6817766511596781,0.6282724768579372,7.015311057004666
9,1120,5.828977806061239,0.681631374523889,0.9227007272007068,7.07260488596387
9,1130,5.854650638629186,0.6799761239867748,0.8514523638904444,7.1298987149230735
9,1140,5.83934938466342,0.6812670627288803,0.9220415295346779,7.1298987149230735
9,1150,5.823811372047414,0.6827345564905412,0.7802605301191166,7.1298987149230735
9,1160,5.805724348906108,0.6838328961319644,0.8188489935343812,7.1298987149230735
9,1170,5.796307874022497,0.6822333999617443,0.6364584181904845,7.1298987149230735
9,1180,5.782467250776141,0.6798164344004483,0.7667519226793937,7.1298987149230735
9,1190,5.776753467281281,0.6800143888565485,0.6417758558360396,7.1298987149230735
9,1200,5.7714967279948794,0.6800171806604867,0.5019393460337384,7.1298987149230735
9,1210,5.753066111081235,0.6818493731495768,0.8767578839281173,7.1298987149230735
9,1220,5.735052994098552,0.6815700716435639,0.9218963873793703,7.1298987149230735
9,1230,5.723975264080799,0.6829925335177285,0.8940108381978428,7.1298987149230735
9,1240,5.7119115440808494,0.6854464490628197,0.6617383423092603,7.1298987149230735
9,1250,5.698655847513947,0.6868330860600467,0.7854573476159226,7.1298987149230735
9,1260,5.687267493523807,0.69023686373043,0.8959477985902791,7.1298987149230735
9,1270,5.673499627605179,0.6927379936089941,0.8534037681371324,7.1298987149230735
9,1280,5.6625658800093195,0.6925551145304636,0.7705378139177868,7.1298987149230735
9,1290,5.6480044770293425,0.6921315409902797,0.7220331903546486,7.1298987149230735
9,1300,5.6356745744135015,0.6934332700182919,0.8021849159350596,7.1298987149230735
9,1310,5.624375341051517,0.6934923199926522,0.9599100180184976,7.1298987149230735
9,1320,5.6141904916467755,0.697324239580242,0.7426398453863086,7.1298987149230735
9,1330,5.60043423389106,0.6981512444849022,0.8991122642248,7.1298987149230735
9,1340,5.588578689887997,0.6982495240379137,0.8682159318205012,7.1298987149230735
9,1350,5.575136766660223,0.6992208828548951,0.8653413383419022,7.1298987149230735
9,1360,5.564786787390804,0.7016702410328712,0.5987121632835063,7.1298987149230735
9,1370,5.552346337067292,0.7019037729014718,0.9436965037958279,7.1298987149230735
9,1380,5.538669397522971,0.7045760421986598,0.8837418413073292,7.1298987149230735
9,1390,5.529409857540866,0.7033446704456048,0.7997539739965103,7.1298987149230735
9,1400,5.518826913370167,0.7055493925187282,0.7974461702214701,7.1298987149230735
9,1410,5.513207301596157,0.707478194831089,0.4717502061462536,7.1298987149230735
9,1420,5.496737295188651,0.7092912300520645,0.9031903031147414,7.1298987149230735
9,1430,5.489550981904784,0.7116569280729452,0.6723527030961289,7.1298987149230735
9,1440,5.477904849800202,0.7119751524543494,0.9588633569714327,7.1298987149230735
9,1450,5.4701482029664845,0.711133706170634,0.5985137540616862,7.1298987149230735
9,1460,5.460933539060306,0.7127151980238546,0.718881925803056,7.1298987149230735
9,1470,5.4474925114632935,0.7136068137844706,0.8593371909186374,7.1298987149230735
9,1480,5.437913620832957,0.7147316067189635,0.8806030900766235,7.1298987149230735
9,1490,5.425994800971338,0.7153819287170886,0.8996067878738755,7.1298987149230735
9,1500,5.414381554083266,0.7171372650524621,0.8847955667818164,7.1298987149230735
9,1510,5.402906949856087,0.718714568842203,0.8466016078879998,7.1298987149230735
9,1520,5.391379713610153,0.7213563142292303,0.8470979937197975,7.1298987149230735
9,1530,5.37726221642145,0.7226935820109448,0.8187621387644579,7.1298987149230735
9,1540,5.365791759379435,0.7214239875331648,0.8245956794510686,7.1298987149230735
9,1550,5.355703930713418,0.7220221334258436,0.8017532805036192,7.1298987149230735
9,1560,5.34361909378153,0.7246113945009109,0.8581717200255262,7.1298987149230735
9,1570,5.3350885220366955,0.7244536693596778,0.7840988352942926,7.1298987149230735
9,1580,5.323370801922769,0.7266674115217607,0.9908482705679724,7.1298987149230735
9,1590,5.315154600399833,0.7272272657991861,0.7642391762075076,7.1298987149230735
9,1600,5.3056428990567674,0.7297385643548174,0.7812818645647985,7.1298987149230735
10,10,0.37320782418015797,0.6966883677174585,0.5110061601629281,0.7129898714923074
10,20,0.38593803810027477,0.6990262283264645,0.5596809917933886,0.7702837004515106
10,30,0.3854557154501467,0.6914342848932233,0.7070117815149755,0.8275775294107139
10,40,0.3937566117567164,0.6930647806288317,0.5875649101835939,0.8848713583699171
10,50,0.4127106780724809,0.6868962305118036,0.3262980392510963,0.9421651873291205
10,60,0.41670054203286044,0.6891588825163283,0.6972497600338886,0.9994590162883237
10,70,0.418740116415995,0.6898749891010343,0.8417696088396373,1.056752845247527
10,80,0.43196619951335996,0.6977397297098525,0.4150792589861367,1.1140466742067303
10,90,0.43403204350289365,0.6981301952756834,0.5234564846353552,1.1713405031659334
10,100,0.43582654963847345,0.7000982485071006,0.6550564973348286,1.2286343321251367
10,110,0.4470755326526069,0.7009888644100366,0.5731492730172695,1.2859281610843403
10,120,0.4410912368741215,0.6936992162786076,0.7738335405531485,1.3432219900435434
10,130,0.45338771825809404,0.699300365892638,0.5015261740129087,1.4005158190027465
10,140,0.4457384068552747,0.6999918395580351,0.8663576013283532,1.4578096479619498
10,150,0.45109753658507845,0.704687094014972,0.6513627124044988,1.5151034769211533
10,160,0.4572975812505986,0.7085439436600834,0.5559128232348525,1.5723973058803564
10,170,0.45693971931080396,0.7133776273953079,0.6737480259304414,1.6296911348395595
10,180,0.4608976450544793,0.7201070417376882,0.7244270037695217,1.6869849637987628
10,190,0.46120043033471414,0.7189260073778212,0.7588904679909918,1.7442787927579664
10,200,0.4594526420640823,0.7168967995724157,0.8473126391916634,1.8015726217171695
10,210,0.45737365313311745,0.7148029517612726,0.6653563119766042,1.8588664506763728
10,220,0.4655800189393393,0.7134533596858416,0.4752749796352795,1.9161602796355763
10,230,0.4674461924714927,0.7110767977451855,0.7414024006858561,1.9734541085947794
10,240,0.467212893464797,0.7083052870601977,0.5861150770932003,2.0307479375539823
10,250,0.47051023777262313,0.7048282757575571,0.6491540779699436,2.0880417665131854
10,260,0.46603202047832243,0.7027426827657369,0.8539549444116628,2.1453355954723894
10,270,0.46480446266958153,0.7030850684753811,0.8643505942971311,2.2026294244315925
10,280,0.4651847329256821,0.7037779443482215,0.5802082790713634,2.2599232533907956
10,290,0.46464373370535,0.7043480985872614,0.6330542502980692,2.317217082349999
10,300,0.4622715043930395,0.7062124120455447,0.6675222846459412,2.374510911309202
10,310,0.46337461799878366,0.7036032419925117,0.6547999466938161,2.4318047402684053
10,320,0.46643466592053573,0.7020551891229949,0.5221452744960042,2.489098569227609
10,330,0.46438701560302015,0.70293489651483,0.843708959233328,2.5463923981868115
10,340,0.46500082120163033,0.7038787957976894,0.6893676502286769,2.6036862271460155
10,350,0.46440701943449725,0.7033939772176576,0.6803677264847858,2.6609800561052186
10,360,0.4593073423254868,0.7045623656130053,0.6683165284013108,2.7182738850644217
10,370,0.45898645745466193,0.7077576831581056,0.6249255221400152,2.7755677140236257
10,380,0.4587202175534961,0.7066237605978951,0.6133602436357151,2.8328615429828283
10,390,0.45582480037231904,0.7093046205506344,0.679052298311382,2.8901553719420314
10,400,0.4539550509931012,0.709876552221729,0.8275711031467898,2.9474492009012345
10,410,0.4461975587466673,0.7102453300841114,0.8688550014981056,3.0047430298604385
10,420,0.4452175925053292,0.7125403713547964,0.7459523938537561,3.0620368588196416
10,430,0.44164891139733764,0.71506688948933,0.7580678174283608,3.1193306877788447
10,440,0.43989658626298356,0.7126989691344734,0.7001983772291378,3.1766245167380487
10,450,0.43204705543192506,0.7119519517487893,0.7038141685627838,3.233918345697252
10,460,0.4333598228714887,0.7134987744754189,0.6390611565342367,3.2912121746564544
10,470,0.42856789842615695,0.7195360573271459,0.8664238125842108,3.3485060036156575
10,480,0.42597622061233176,0.7195545848702583,0.6779047580971856,3.4057998325748606
10,490,0.4190865520932436,0.7161948997660583,0.8315862238975541,3.4630936615340637
10,500,0.41692506164393767,0.7167041184730225,0.7137383783542675,3.5203874904932677
10,510,0.4130018218158643,0.7148722539390868,0.7309634043974211,3.577681319452471
10,520,0.4106805579367956,0.7152356248209295,0.7329384004217293,3.634975148411674
10,530,0.4055438763171282,0.7168500387803564,0.6998898074370538,3.692268977370878
10,540,0.4015846948151973,0.7194730269741598,0.7904008282064495,3.7495628063300805
10,550,0.3984007912663094,0.7195556615920315,0.6729678902923552,3.8068566352892836
10,560,0.39833013983462856,0.718587837696631,0.6064256195937843,3.8641504642484867
10,570,0.39619110012767494,0.7197782216863751,0.5835637672801232,3.9214442932076907
10,580,0.3936344470738817,0.7197594153792788,0.8488558795266951,3.978738122166894
10,590,0.38408764668396667,0.7200658313391615,0.9735633125052654,4.036031951126097
10,600,0.3809821208032642,0.7193804252087731,0.8280197232485833,4.0933257800853005
10,610,0.37785037982950404,0.7171010110517708,0.7495689467094473,4.1506196090445036
10,620,0.37994856657778786,0.7195872745061827,0.44171727370707536,4.207913438003707
10,630,0.38150770628552205,0.7205546848323043,0.508474413909944,4.265207266962911
10,640,0.3812193520193057,0.7199496492120738,0.6284091841155992,4.322501095922113
10,650,0.37858636417621616,0.718907257163082,0.6605186919145092,4.379794924881316
10,660,0.3691917348120348,0.7171040522813885,0.9016929189951333,4.43708875384052
10,670,0.3640854331120957,0.7195788632361076,0.7284065662007688,4.494382582799723
10,680,0.36265533021295726,0.721011453933754,0.7476030059068723,4.551676411758926
10,690,0.36239175632472886,0.7184878625331111,0.6442970390386311,4.608970240718129
10,700,0.3604654963559447,0.719052659856239,0.61874196805585,4.666264069677333
10,710,0.3566152342412468,0.717195006645366,0.7549679395508282,4.723557898636536
10,720,0.35279258065985164,0.718875917094088,0.7055942299653755,4.780851727595739
10,730,0.350349355115827,0.7194934700023262,0.7806873055869996,4.838145556554943
10,740,0.34628064784270807,0.7205251534695799,0.7882716845683773,4.895439385514146
10,750,0.34541951358701173,0.7219049638944366,0.7122669870273888,4.952733214473349
10,760,0.34164823532469357,0.7212206814056439,0.6998640985853943,5.010027043432552
10,770,0.3385044526173566,0.7238891065387105,0.7886458733585997,5.067320872391756
10,780,0.33719213278666094,0.7220180418448328,0.6631820138698655,5.124614701350959
10,790,0.3355963403199113,0.7211070767946111,0.5233914714552508,5.181908530310162
10,800,0.32994469083511335,0.7226153287749784,0.6792380928060949,5.239202359269366
10,810,0.3292483383471883,0.7203546155401119,0.6440848296406623,5.296496188228569
10,820,0.32784360445392613,0.7181736103655643,0.4981150855232935,5.353790017187772
10,830,0.32742433422231576,0.7180954542941356,0.5052860515211869,5.411083846146975
10,840,0.3255824279994818,0.7160970484497211,0.6524372676331686,5.468377675106179
10,850,0.3233419739585002,0.7158250751486643,0.6640711391271095,5.525671504065382
10,860,0.3174856314124757,0.7143896143103879,0.7446715463490842,5.582965333024585
10,870,0.3116543945180983,0.7177502259899569,0.733821372652552,5.640259161983789
10,880,0.30719226398677585,0.7182752783032564,0.7364362770397945,5.6975529909429925
10,890,0.3042368772979304,0.7176806906227691,0.6327182418655267,5.754846819902196
10,900,0.30193436428705434,0.7204275958161834,0.6853038462270766,5.812140648861398
10,910,0.2980306189040193,0.7219953672600365,0.7724356782496682,5.869434477820602
10,920,0.2973663904186973,0.7200075775101451,0.5799613264278481,5.926728306779805
10,930,0.2927585727730975,0.7238761549185599,0.7559921341633619,5.984022135739008
10,940,0.2910942947887425,0.7232979583373749,0.5920496303510023,6.041315964698211
10,950,0.28922755597316846,0.7233454828023536,0.8017495116419602,6.098609793657414
10,960,0.2858417275631038,0.7220017553588736,0.6725982120272256,6.155903622616617
10,970,0.28213166647518567,0.7200410052733175,0.7391783463664858,6.21319745157582
10,980,0.27793285925662337,0.7200052212808851,0.73043366705668,6.270491280535024
10,990,0.2736656130460579,0.7215617811066956,0.8388365134721765,6.3277851094942275
10,1000,0.2720111047896101,0.7217230401612553,0.6373118907628712,6.3850789384534306
10,1010,0.2687918495221385,0.7200915332837187,0.7510574652783408,6.4423727674126345
10,1020,0.26734019140079457,0.7196824208068329,0.5108709474569052,6.499666596371838
10,1030,0.26095206321913444,0.7206963434952973,0.7473205173731363,6.556960425331041
10,1040,0.26013208266298893,0.7211642148379103,0.3802967839635644,6.614254254290244
10,1050,0.25649919984556835,0.7182221297743424,0.685124982777252,6.671548083249448
10,1060,0.2542325571321304,0.7176763880325385,0.7030250226736765,6.72884191220865
10,1070,0.25196970666121044,0.7186934409838608,0.7009508872507755,6.786135741167853
10,1080,0.24603890645446302,0.720749548740289,0.8045357117502903,6.843429570127057
10,1090,0.24424205809924748,0.720645408005276,0.4884841478412941,6.90072339908626
10,1100,0.23815818079181386,0.7188579296018951,0.7041686517114332,6.958017228045463
10,1110,0.23676657914508262,0.7176701685169988,0.48637332902690095,7.015311057004666
10,1120,0.23613442662549308,0.7200017471330287,0.6803327782691865,7.07260488596387
10,1130,0.23377491467956218,0.7196441716185179,0.6014840381120006,7.1298987149230735
10,1140,0.2245456316019116,0.719245182918449,0.8734067423903096,7.1298987149230735
10,1150,0.21742264431898456,0.7182128575406421,0.7912066377394747,7.1298987149230735
10,1160,0.20904636685871872,0.7186113337778468,0.8797357633485795,7.1298987149230735
10,1170,0.20401719532877458,0.7207544323871361,0.7676990858647053,7.1298987149230735
10,1180,0.19605357190558986,0.7184506022443229,0.8921089580958507,7.1298987149230735
10,1190,0.19011272918338173,0.7171873336124153,0.7321654030838417,7.1298987149230735
10,1200,0.18532878067732725,0.7160212691680494,0.5123511008264545,7.1298987149230735
10,1210,0.17748567893186024,0.7141963777466217,0.7939427778607546,7.1298987149230735
10,1220,0.17340930128930482,0.7118106016878334,0.686429964762298,7.1298987149230735
10,1230,0.1698643880055215,0.7117597946018128,0.4610368305925543,7.1298987149230735
10,1240,0.16724525410752245,0.7132718827137947,0.4470776799617681,7.1298987149230735
10,1250,0.1648734919215115,0.714018720668059,0.4747148896050638,7.1298987149230735
10,1260,0.15877879613661852,0.7135718490231842,0.7553820441033164,7.1298987149230735
10,1270,0.1536378904776641,0.7128358202936346,0.6446984949390233,7.1298987149230735
10,1280,0.14783937454528057,0.7151747312801084,0.7244949147161285,7.1298987149230735
10,1290,0.14292789871934236,0.7171720531870149,0.8005781626025985,7.1298987149230735
10,1300,0.13850720609295367,0.7156770228745013,0.6139347987970503,7.1298987149230735
10,1310,0.1319277394724845,0.7145700130594397,0.79895150569932,7.1298987149230735
10,1320,0.12819521063527065,0.7136278326096311,0.5393669421099082,7.1298987149230735
10,1330,0.12426687893384804,0.711784458993403,0.6579216254386724,7.1298987149230735
10,1340,0.12177982395625289,0.7117908226938694,0.4998590744927293,7.1298987149230735
10,1350,0.11666923381758211,0.7129081033487379,0.675659665088767,7.1298987149230735
10,1360,0.11246674704080435,0.7115049163877845,0.7752350863410814,7.1298987149230735
10,1370,0.10958668873023984,0.7090562289703126,0.49156242678256595,7.1298987149230735
10,1380,0.10458229279266487,0.70647218573571,0.7727849534638023,7.1298987149230735
10,1390,0.10017739767861253,0.7060046795658675,0.6318062658910623,7.1298987149230735
10,1400,0.09657995029069924,0.7056461507702454,0.5080481868891337,7.1298987149230735
10,1410,0.09388768004600603,0.7036611936917528,0.5569811381892276,7.1298987149230735
10,1420,0.08967707737342989,0.7020333212346119,0.5726021602638358,7.1298987149230735
10,1430,0.08567812946965223,0.7000130782042454,0.7784337138997638,7.1298987149230735
10,1440,0.08309768705946279,0.6981285965763953,0.4853282047235273,7.1298987149230735
10,1450,0.08037301253766205,0.6986932736378249,0.5241736074202191,7.1298987149230735
10,1460,0.07747878292464855,0.6994028040944679,0.5827743275634439,7.1298987149230735
10,1470,0.07441114600405134,0.6995937963746064,0.5365632479961867,7.1298987149230735
10,1480,0.07148989914526371,0.6989830156273723,0.5443893698047588,7.1298987149230735
10,1490,0.06871484191871706,0.6996658960159797,0.5721580042625878,7.1298987149230735
10,1500,0.06730218261624116,0.7001208728599678,0.278258320738929,7.1298987149230735
10,1510,0.06495040950241046,0.7000606083691139,0.5234023268159316,7.1298987149230735
10,1520,0.06355253813845263,0.7009983138598382,0.31336241784864843,7.1298987149230735
10,1530,0.061636436397972214,0.7018945740799695,0.3965029129494969,7.1298987149230735
10,1540,0.05770946038913221,0.7023453867259513,0.6035356141030308,7.1298987149230735
10,1550,0.0548930847835396,0.7020463552050524,0.5016144952541775,7.1298987149230735
10,1560,0.05275296286460748,0.702738243718075,0.39924595638723115,7.1298987149230735
10,1570,0.05034738408275613,0.7030944182270049,0.3283693502709865,7.1298987149230735
10,1580,0.047366255451426975,0.703083104343945,0.5797947236722722,7.1298987149230735
10,1590,0.04573619063886778,0.702947486626589,0.39140682927282994,7.1298987149230735
10,1600,0.04325703124574648,0.7025481811665614,0.5088504544831697,7.1298987149230735
11,10,4.99420833794442,0.7392397060155375,0.9952449845679011,0.7129898714923074
11,20,5.282350332403177,0.7753833238433084,0.9958622685185186,0.7702837004515106
11,30,5.552857448010022,0.8031262507557934,0.9976176697530864,0.8275775294107139
11,40,5.805162462301114,0.823696478958069,0.9960358796296296,0.8848713583699171
11,50,6.078628527852611,0.8428634717251409,0.9991994598765432,0.9421651873291205
11,60,6.34809581117629,0.860400134815744,0.9977961033950618,0.9994590162883237
11,70,6.614073297082108,0.8745629567965185,0.9964457947530864,1.056752845247527
11,80,6.861900235332028,0.8869758529085369,0.9954957561728396,1.1140466742067303
11,90,7.10482587286274,0.8990453295165008,0.9979021990740741,1.1713405031659334
11,100,7.351503121461244,0.909403391460208,0.9968557098765432,1.2286343321251367
11,110,7.583271143275469,0.9190892048177952,0.9968701774691358,1.2859281610843403
11,120,7.814229808707869,0.9280283681060664,0.997410300925926,1.3432219900435434
11,130,8.043973059044204,0.936483139355311,0.9988136574074075,1.4005158190027465
11,140,8.251740375058503,0.9438260199769324,0.9972511574074074,1.4578096479619498
11,150,8.45420358952126,0.9503510892929199,0.9975694444444443,1.5151034769211533
11,160,8.66495010780469,0.9561041945603188,0.9956548996913579,1.5723973058803564
11,170,8.870107358081352,0.9611797516982827,0.9964650848765432,1.6296911348395595
11,180,9.064159273806613,0.9661989096572903,0.9981095679012345,1.6869849637987628
11,190,9.24129330685497,0.9706890775348559,0.9968605324074075,1.7442787927579664
11,200,9.41633150152388,0.974630684211486,0.9984182098765432,1.8015726217171695
11,210,9.599703308334128,0.9782757790249663,0.9959538966049383,1.8588664506763728
11,220,9.77073790462209,0.9817308588275455,0.9961516203703702,1.9161602796355763
11,230,9.950584304337001,0.9848147918441026,0.994357638888889,1.9734541085947794
11,240,10.09088140518563,0.9875428800206987,0.996537422839506,2.0307479375539823
11,250,10.23688891224438,0.9899016230790347,0.9977575231481481,2.0880417665131854
11,260,10.404192044576043,0.991899787315089,0.9960551697530862,2.1453355954723894
11,270,10.557033743597259,0.9936737306759063,0.9976369598765432,2.2026294244315925
11,280,10.697913027088688,0.9951834462280564,0.9955295138888888,2.2599232533907956
11,290,10.844844972006566,0.996457736715398,0.9984567901234568,2.317217082349999
11,300,10.98665012281628,0.9975041391445034,0.9952739197530865,2.374510911309202
11,310,11.115800709192646,0.998354748692591,0.9951340663580247,2.4318047402684053
11,320,11.241959627309507,0.9990489252642161,0.9980854552469134,2.489098569227609
11,330,11.386146602918078,0.9995569279845662,0.997120949074074,2.5463923981868115
11,340,11.504193482499664,0.9998522042607694,0.9962962962962962,2.6036862271460155
11,350,11.614443861663364,0.9999880636360647,0.9969328703703703,2.6609800561052186
11,360,11.724128684507638,0.9999563132760436,0.997752700617284,2.7182738850644217
11,370,11.834027128910048,0.9997697375660275,0.9980324074074074,2.7755677140236257
11,380,11.943791857103236,0.9994357621525863,0.9964313271604939,2.8328615429828283
11,390,12.051168048997992,0.998971686457446,0.9975646219135802,2.8901553719420314
11,400,12.14188884813456,0.9983415153289332,0.9964506172839505,2.9474492009012345
11,410,12.23081311070791,0.9976186472611795,0.9976128472222221,3.0047430298604385
11,420,12.32432706100457,0.9967721907659762,0.9950472608024692,3.0620368588196416
11,430,12.41352158768118,0.9957882329606009,0.9956452546296297,3.1193306877788447
11,440,12.50549149367829,0.9946862653197345,0.9976803626543209,3.1766245167380487
11,450,12.597025866446854,0.9935010667723105,0.9952787422839504,3.233918345697252
11,460,12.686658092270653,0.9922480363537247,0.9990596064814813,3.2912121746564544
11,470,12.779253505593683,0.9909383475579907,0.9969666280864198,3.3485060036156575
11,480,12.860610812662854,0.9894864485294066,0.9982349537037036,3.4057998325748606
11,490,12.94203755628904,0.9880067505859236,0.9977044753086419,3.4630936615340637
11,500,13.009401731232325,0.9863090591042587,0.9933207947530864,3.5203874904932677
11,510,13.077126205234416,0.9845386901100868,0.9943528163580246,3.577681319452471
11,520,13.159584198348686,0.9827224452165138,0.996537422839506,3.634975148411674
11,530,13.213199322075624,0.9808089407290168,0.9957609953703704,3.692268977370878
11,540,13.26757641901332,0.9788699558739693,0.9935619212962962,3.7495628063300805
11,550,13.321005185889753,0.9767995466198482,0.9969810956790122,3.8068566352892836
11,560,13.390109640380949,0.9748274807043094,0.9926938657407407,3.8641504642484867
11,570,13.439594227939246,0.9727052794697676,0.9987220293209876,3.9214442932076907
11,580,13.48897128621308,0.9705508654028288,0.9968315972222221,3.978738122166894
11,590,13.551155040926693,0.968355884889962,0.9937451774691357,4.036031951126097
11,600,13.597310500309138,0.965953202930433,0.9973283179012344,4.0933257800853005
11,610,13.65386158620806,0.9636451789695035,0.9973813657407409,4.1506196090445036
11,620,13.703339901365101,0.9611328181812651,0.9958236882716047,4.207913438003707
11,630,13.74634474810965,0.9586396954731032,0.9966820987654321,4.265207266962911
11,640,13.782094734327584,0.956028740116095,0.9954089506172838,4.322501095922113
11,650,13.824184861794743,0.9533411712822912,0.9967737268518517,4.379794924881316
11,660,13.859889762427418,0.9507195518934097,0.995900848765432,4.43708875384052
11,670,13.905100502521172,0.9481723836226583,0.9962962962962962,4.494382582799723
11,680,13.948524390408101,0.9452180961313272,0.9936197916666666,4.551676411758926
11,690,13.978580674566711,0.9423763669471328,0.9955198688271605,4.608970240718129
11,700,14.00824671924712,0.9393182727688252,0.9962287808641974,4.666264069677333
11,710,14.028927444131682,0.9364997402945279,0.9958140432098765,4.723557898636536
11,720,14.06160022839939,0.9334481270397622,0.9972463348765432,4.780851727595739
11,730,14.07798445082037,0.9302474613055083,0.9925974151234568,4.838145556554943
11,740,14.096009630402595,0.9271706412639393,0.9945746527777779,4.895439385514146
11,750,14.109085339470415,0.9240781495546799,0.9966772762345679,4.952733214473349
11,760,14.13380898055981,0.9209294783440668,0.997096836419753,5.010027043432552
11,770,14.157684559133251,0.9178905806879437,0.9960262345679013,5.067320872391756
11,780,14.171327739518784,0.9149044884619707,0.9983989197530864,5.124614701350959
11,790,14.189670494023186,0.9117564580861457,0.9980082947530864,5.181908530310162
11,800,14.195624136846764,0.9086261089851395,0.998143325617284,5.239202359269366
11,810,14.205802519250348,0.9050723365239723,0.9975646219135802,5.296496188228569
11,820,14.213305175726196,0.9017240741297992,0.9974006558641975,5.353790017187772
11,830,14.204356469289134,0.898117044494049,0.9943672839506172,5.411083846146975
11,840,14.213511029159084,0.8946725720468849,0.9962818287037036,5.468377675106179
11,850,14.219252529714833,0.891594126493771,0.9969714506172839,5.525671504065382
11,860,14.215729889839661,0.8883925539636357,0.9968846450617281,5.582965333024585
11,870,14.195293449211526,0.8849260519813036,0.9972800925925924,5.640259161983789
11,880,14.217488511904223,0.8813745685048958,0.997800925925926,5.6975529909429925
11,890,14.231116018938884,0.8780558513002299,0.9960841049382717,5.754846819902196
11,900,14.213964665932613,0.8743579135134991,0.9981770833333332,5.812140648861398
11,910,14.214228032017374,0.8707538251420722,0.9933449074074074,5.869434477820602
11,920,14.20756315291749,0.8676082113644228,0.9978443287037037,5.926728306779805
11,930,14.187880154001663,0.8639288251180748,0.9982831790123455,5.984022135739008
11,940,14.17048403241042,0.8601779979349425,0.9970775462962964,6.041315964698211
11,950,14.16563174602901,0.8567472621541905,0.9957127700617283,6.098609793657414
11,960,14.136332442643457,0.8534762246041669,0.9956886574074074,6.155903622616617
11,970,14.103820288418483,0.8500069984158485,0.9976032021604938,6.21319745157582
11,980,14.085438401375889,0.8465065770983855,0.9942853009259259,6.270491280535024
11,990,14.060596302753853,0.8430583915839378,0.9959683641975307,6.3277851094942275
11,1000,14.044648666097226,0.8403687001330076,0.9967447916666664,6.3850789384534306
11,1010,14.029218238978657,0.8373658710530818,0.9985869984567902,6.4423727674126345
11,1020,14.01415516600965,0.8339552891286705,0.9986111111111111,6.499666596371838
11,1030,13.997699191110692,0.8306608191475169,0.9965856481481481,6.556960425331041
11,1040,13.978053135984077,0.8272998348380594,0.9949170524691358,6.614254254290244
11,1050,13.941267124874317,0.8236673771697044,0.9956934799382715,6.671548083249448
11,1060,13.926723353582647,0.8202077844598028,0.9956886574074074,6.72884191220865
11,1070,13.88983296558733,0.8166075884819233,0.9952594521604936,6.786135741167853
11,1080,13.855346239788362,0.8122194478030821,0.9977816358024691,6.843429570127057
11,1090,13.820874256309546,0.8085522535649192,0.9967881944444444,6.90072339908626
11,1100,13.811095920728539,0.805279496045275,0.9972222222222221,6.958017228045463
11,1110,13.795229542605997,0.8022803479001696,0.998099922839506,7.015311057004666
11,1120,13.75819189211148,0.7987871367346171,0.9981770833333332,7.07260488596387
11,1130,13.719380524645752,0.7955592312994486,0.9964650848765431,7.1298987149230735
11,1140,13.589261093476333,0.791741489754385,0.9979311342592592,7.1298987149230735
11,1150,13.44481059575737,0.7882251130742861,0.9945891203703703,7.1298987149230735
11,1160,13.30769118248541,0.7843813681346281,0.9978009259259257,7.1298987149230735
11,1170,13.1635419610455,0.7812659818650595,0.9950327932098766,7.1298987149230735
11,1180,13.033881682964866,0.7777976121761008,0.9961998456790123,7.1298987149230735
11,1190,12.911196356532255,0.7742751440718882,0.9978250385802468,7.1298987149230735
11,1200,12.771164909554733,0.770498565057244,0.9936535493827161,7.1298987149230735
11,1210,12.627566584757211,0.7674105402068456,0.9957899305555553,7.1298987149230735
11,1220,12.506757284541889,0.7645354890006306,0.99780574845679,7.1298987149230735
11,1230,12.388852826883616,0.7611752144564379,0.9975646219135802,7.1298987149230735
11,1240,12.25021266574292,0.7572210486852724,0.9969087577160491,7.1298987149230735
11,1250,12.117412091043725,0.7534914872361707,0.9959683641975307,7.1298987149230735
11,1260,11.983450347917762,0.7502905361312442,0.9940827546296296,7.1298987149230735
11,1270,11.845625919766324,0.7465200489115128,0.9979986496913579,7.1298987149230735
11,1280,11.72808497877024,0.7431930320096862,0.9961275077160494,7.1298987149230735
11,1290,11.602951607216164,0.739586079758427,0.9978346836419754,7.1298987149230735
11,1300,11.464160869627776,0.7357525677141832,0.9976948302469134,7.1298987149230735
11,1310,11.346361928733662,0.7322190591754331,0.9974151234567901,7.1298987149230735
11,1320,11.235900201364199,0.7293222870752499,0.9977189429012345,7.1298987149230735
11,1330,11.11721209678666,0.7255152054256286,0.9974151234567902,7.1298987149230735
11,1340,11.012872881814582,0.7223030208877248,0.9944492669753086,7.1298987149230735
11,1350,10.897659855099961,0.7190420960545258,0.9985580632716049,7.1298987149230735
11,1360,10.778664433478125,0.71544514010078,0.998659336419753,7.1298987149230735
11,1370,10.683597579608847,0.7124337484684228,0.9946952160493826,7.1298987149230735
11,1380,10.566859156262279,0.7086020288677806,0.9979986496913581,7.1298987149230735
11,1390,10.455418486013492,0.7056419593746166,0.9989486882716048,7.1298987149230735
11,1400,10.333551653430302,0.701154739034488,0.9984085648148147,7.1298987149230735
11,1410,10.221061255655673,0.6975748031506476,0.9960985725308641,7.1298987149230735
11,1420,10.109639677912998,0.6958923295254007,0.9960262345679011,7.1298987149230735
11,1430,9.990731166481586,0.6923242535507191,0.9933786651234568,7.1298987149230735
11,1440,9.883591569934154,0.6881031265548871,0.9978829089506173,7.1298987149230735
11,1450,9.792855856764193,0.6844543744088264,0.996166087962963,7.1298987149230735
11,1460,9.69898253842679,0.6814539996402855,0.9963975694444445,7.1298987149230735
11,1470,9.5907482726161,0.6779445401763793,0.9960985725308641,7.1298987149230735
11,1480,9.499084010172151,0.6740106615349046,0.9970534336419752,7.1298987149230735
11,1490,9.391045518177679,0.6703251929560097,0.994217785493827,7.1298987149230735
11,1500,9.293157354954111,0.667741959225931,0.99516300154321,7.1298987149230735
11,1510,9.201993636542005,0.6654593879370401,0.996850887345679,7.1298987149230735
11,1520,9.101546431690906,0.6628768966262367,0.9985435956790123,7.1298987149230735
11,1530,9.009599765676263,0.6598822445547956,0.9975356867283951,7.1298987149230735
11,1540,8.91540191595067,0.6561936203402013,0.9970003858024692,7.1298987149230735
11,1550,8.820569078226246,0.653527561350492,0.9946518132716049,7.1298987149230735
11,1560,8.7274208491882,0.6504331957367224,0.9947434413580247,7.1298987149230735
11,1570,8.647950957176729,0.6480453626443984,0.9990451388888888,7.1298987149230735
11,1580,8.556293276228667,0.644905311328756,0.9948784722222221,7.1298987149230735
11,1590,8.465324826365466,0.641184414025853,0.9962239583333332,7.1298987149230735
11,1600,8.383477786089644,0.6381192799294884,0.995924961419753,7.1298987149230735
12,10,0.7824474516344828,0.2679635422599034,0.3916250908029394,0.7129898714923074
12,20,0.8328805990089686,0.27170881904329514,0.41048587707655004,0.7702837004515106
12,30,0.8827305291880873,0.27654537931053536,0.44882726909802295,0.8275775294107139
12,40,0.9414610883771232,0.27859529359545543,0.16205685358766525,0.8848713583699171
12,50,0.9935565397144931,0.28073344776053044,0.4204162745275039,0.9421651873291205
12,60,1.0486000035502219,0.2809928856024627,0.3108880966044514,0.9994590162883237
12,70,1.0958874940304932,0.27690516574523777,0.4834720495783837,1.056752845247527
12,80,1.1502921861244952,0.26793801824551206,0.30592994386365124,1.1140466742067303
12,90,1.2024387095952114,0.26574705111551966,0.4052022537541401,1.1713405031659334
12,100,1.2566857519392145,0.2646851871508402,0.32970359837736674,1.2286343321251367
12,110,1.3111250485702441,0.2687895551048251,0.3193582123689916,1.2859281610843403
12,120,1.364161201473458,0.26658459527215933,0.3456525816874685,1.3432219900435434
12,130,1.417330149943288,0.2624385316121414,0.2908640523430354,1.4005158190027465
12,140,1.471529719882251,0.26086334634819375,0.32559180833048706,1.4578096479619498
12,150,1.52566084765255,0.25883962492094126,0.326148799430302,1.5151034769211533
12,160,1.577376378739049,0.25296997368070906,0.4602423894438205,1.5723973058803564
12,170,1.6256841934574109,0.25569753499430414,0.5950036321832773,1.6296911348395595
12,180,1.6818596640640409,0.2539857263066593,0.1377580545765586,1.6869849637987628
12,190,1.7354513895592172,0.25573823682672775,0.3455743901615406,1.7442787927579664
12,200,1.789033897817026,0.25257747251802326,0.3078857095448056,1.8015726217171695
12,210,1.8404160979738056,0.24775105661438826,0.45329803158207393,1.8588664506763728
12,220,1.8889418060728553,0.24251714985343215,0.5245866017477526,1.9161602796355763
12,230,1.9434926541869586,0.2423563038565817,0.23707271217513268,1.9734541085947794
12,240,1.9926469331018573,0.23982287560445004,0.6662511448006654,2.0307479375539823
12,250,2.042652801980755,0.2410170642704443,0.48278584122227314,2.0880417665131854
12,260,2.095362823465627,0.2399602928120827,0.3093363166157076,2.1453355954723894
12,270,2.1474910490115344,0.24188378362840873,0.3955433913075474,2.2026294244315925
12,280,2.197716110934924,0.23754511167792167,0.5202241490455191,2.2599232533907956
12,290,2.2517329875089995,0.2383176801071908,0.23859876892153578,2.317217082349999
12,300,2.3054675849607356,0.24054123891385673,0.2608817032350261,2.374510911309202
12,310,2.3594598127452655,0.2407150002155777,0.1853394433738384,2.4318047402684053
12,320,2.4116321034592074,0.24321273064956064,0.32326738751647016,2.489098569227609
12,330,2.4634483016227158,0.24286744046164577,0.3674450024091659,2.5463923981868115
12,340,2.5142984367649994,0.24135752506103317,0.5376676581102218,2.6036862271460155
12,350,2.5660767597113505,0.2388773232705777,0.44558215315341554,2.6609800561052186
12,360,2.6148000366792967,0.23629830892316417,0.6116436861401369,2.7182738850644217
12,370,2.662817899028828,0.23802654183156957,0.6974103386209987,2.7755677140236257
12,380,2.7136312598542105,0.24002801145315705,0.4371293662596247,2.8328615429828283
12,390,2.7622888367038234,0.23899535361356078,0.5549808202300829,2.8901553719420314
12,400,2.8145411990561584,0.23670477510557672,0.31682385015715775,2.9474492009012345
12,410,2.865280959031275,0.23235562360409928,0.40868557346259793,3.0047430298604385
12,420,2.9168425296304354,0.23484194628727267,0.4317885070398697,3.0620368588196416
12,430,2.9677698757172655,0.23420132484514117,0.42800009241648407,3.1193306877788447
12,440,3.0177132535264093,0.23517290656297987,0.4332406072537582,3.1766245167380487
12,450,3.070216676605335,0.23484587471051876,0.28865466507575654,3.233918345697252
12,460,3.119178822206212,0.23440913460870208,0.6387077006027935,3.2912121746564544
12,470,3.1684894158772927,0.23482124965501144,0.5324872809043113,3.3485060036156575
12,480,3.218906512582457,0.23557632145423563,0.4420419112885928,3.4057998325748606
12,490,3.2706892293635534,0.23630949213139876,0.36295583194820635,3.4630936615340637
12,500,3.32121792085446,0.2350722087197003,0.4829062338239966,3.5203874904932677
12,510,3.3715396313804455,0.2388846859147276,0.48014380585025285,3.577681319452471
12,520,3.422338101946262,0.24045651053123704,0.5196579339934706,3.634975148411674
12,530,3.4703750727951075,0.2405493718635226,0.6687815931655633,3.692268977370878
12,540,3.5199303509902533,0.24148077974001175,0.536075804877332,3.7495628063300805
12,550,3.5701416514323947,0.24251752357990283,0.5194603040513928,3.8068566352892836
12,560,3.61976822238859,0.24428160998282283,0.5011853241665827,3.8641504642484867
12,570,3.6724704771815695,0.2454514297609871,0.2165181103638394,3.9214442932076907
12,580,3.7220858591180233,0.24786462239977095,0.4948548390625215,3.978738122166894
12,590,3.7717247758407857,0.24787307569931818,0.4306878219221247,4.036031951126097
12,600,3.822857037283618,0.2474851001369931,0.3824974641040949,4.0933257800853005
12,610,3.8711281910196162,0.2468356580101293,0.5808954243352423,4.1506196090445036
12,620,3.9196713807497496,0.24942688723626222,0.5522854421114275,4.207913438003707
12,630,3.9684362255869736,0.25194594020264816,0.48899490211719926,4.265207266962911
12,640,4.018402292933268,0.25346850356285994,0.49323035230110646,4.322501095922113
12,650,4.066548649226497,0.25492731765284055,0.5148041812916675,4.379794924881316
12,660,4.1152289635745385,0.25689235284059153,0.6694075760565449,4.43708875384052
12,670,4.164969737573928,0.25718511639641767,0.45856389887656823,4.494382582799723
12,680,4.212339590591518,0.2594725650710924,0.5436360244500785,4.551676411758926
12,690,4.259006238464111,0.26020760604478266,0.586033966137194,4.608970240718129
12,700,4.307858488107257,0.2607711286760849,0.5085267744517001,4.666264069677333
12,710,4.352740555742546,0.2605665898015946,0.7764047222991509,4.723557898636536
12,720,4.39838440576194,0.2633684675976772,0.633022977746678,4.780851727595739
12,730,4.447242167980836,0.26410049574975303,0.6410394688876491,4.838145556554943
12,740,4.49521440621228,0.2614875733780555,0.566082628944838,4.895439385514146
12,750,4.54219069651417,0.26389545279956006,0.6476180413993567,4.952733214473349
12,760,4.587760915832848,0.2637052327036507,0.6073662418768875,5.010027043432552
12,770,4.6349009012572875,0.2660330640294355,0.5988917554454851,5.067320872391756
12,780,4.6822799765296725,0.2667775687253876,0.6118497699806615,5.124614701350959
12,790,4.728080322092275,0.2693845073384666,0.7903128590524585,5.181908530310162
12,800,4.775951180765889,0.26973008426907974,0.5635791727269862,5.239202359269366
12,810,4.821463402936323,0.2710913503179304,0.6843544434034637,5.296496188228569
12,820,4.869304104308213,0.27108243273778176,0.6247278645257484,5.353790017187772
12,830,4.913925857898917,0.27256870531420946,0.8811776706000713,5.411083846146975
12,840,4.960404722984377,0.27298992535110245,0.6339251016151026,5.468377675106179
12,850,5.006848619718354,0.27411463284022874,0.6578681774223988,5.525671504065382
12,860,5.051718172762309,0.2746697290601763,0.8221072680295366,5.582965333024585
12,870,5.097896058828269,0.27491124351033563,0.6557070019052281,5.640259161983789
12,880,5.145934058662724,0.27699035473937983,0.5476025523367802,5.6975529909429925
12,890,5.19189662039203,0.27643923385607755,0.7095298043651066,5.754846819902196
12,900,5.234340463354699,0.27468579726817394,0.6637341170135539,5.812140648861398
12,910,5.2791490042785965,0.2743746773629651,0.8528612197639743,5.869434477820602
12,920,5.323323957300243,0.2767716440276141,0.6567968689507503,5.926728306779805
12,930,5.369523455535873,0.28106428768897096,0.6216179409894267,5.984022135739008
12,940,5.415625010536883,0.28397591331403893,0.5931815117484065,6.041315964698211
12,950,5.459832089565504,0.286413859744561,0.7598478347610718,6.098609793657414
12,960,5.50616956116876,0.289485115544759,0.49158654915680317,6.155903622616617
12,970,5.549517476934328,0.2911818795846971,0.7162551071546914,6.21319745157582
12,980,5.5956522953823935,0.2918566456246343,0.7431084089450455,6.270491280535024
12,990,5.637803979857401,0.292899198782805,0.8219689628338018,6.3277851094942275
12,1000,5.681061503802084,0.2947101667653077,0.7830108018800226,6.3850789384534306
12,1010,5.724765563064613,0.29594795330344276,0.7325921504646167,6.4423727674126345
12,1020,5.769194695574928,0.29597267945359723,0.6504687165521971,6.499666596371838
12,1030,5.811796241087215,0.2968738536513043,0.6992413632252807,6.556960425331041
12,1040,5.852760772936875,0.29844111539704643,0.9239025610639423,6.614254254290244
12,1050,5.8960713913465455,0.2992350754248895,0.7831285232280162,6.671548083249448
12,1060,5.93825545611172,0.29755317116679103,0.8781025591456533,6.72884191220865
12,1070,5.981438397049737,0.3016648206659926,0.7016829977164307,6.786135741167853
12,1080,6.024966820246718,0.30389121839810146,0.9023768182585217,6.843429570127057
12,1090,6.06655354143003,0.3055031842410562,0.7597977373421138,6.90072339908626
12,1100,6.107346534113696,0.3063383475481818,0.8443183837693271,6.958017228045463
12,1110,6.149556628395732,0.30715906228679146,0.6428664708281027,7.015311057004666
12,1120,6.190907298649329,0.30862288546656436,0.8109839453764607,7.07260488596387
12,1130,6.2364203609603015,0.3104459321795916,0.5568873031233753,7.1298987149230735
12,1140,6.2298911669991845,0.30869193957455743,0.7766779491177862,7.1298987149230735
12,1150,6.221531620883004,0.3096854198930362,0.8295811839280619,7.1298987149230735
12,1160,6.214187331652577,0.30999119941815856,0.7316097881195711,7.1298987149230735
12,1170,6.207385855670805,0.3113165675554615,0.7085880192438246,7.1298987149230735
12,1180,6.1981492362394395,0.3123764414655063,0.7063563451219196,7.1298987149230735
12,1190,6.191796048377618,0.31334411045487853,0.5678365412124936,7.1298987149230735
12,1200,6.1832852917550785,0.3131993892538462,0.8219026968067823,7.1298987149230735
12,1210,6.178128344105977,0.31387118917833756,0.7374259025939134,7.1298987149230735
12,1220,6.170193446427023,0.3146339864346196,0.8132639230696039,7.1298987149230735
12,1230,6.159489194729589,0.31724754396278776,0.8786326816413744,7.1298987149230735
12,1240,6.151319045184009,0.3175218438488632,0.7255569998360168,7.1298987149230735
12,1250,6.146489556033106,0.319399759845446,0.527282998832124,7.1298987149230735
12,1260,6.138359644403593,0.3203294015157879,0.7791196599450997,7.1298987149230735
12,1270,6.1287359056215625,0.3231741424276935,0.799895737309034,7.1298987149230735
12,1280,6.116212367563555,0.32458500074631796,0.9527275882627805,7.1298987149230735
12,1290,6.112504799449342,0.32692294404294076,0.5118749289761804,7.1298987149230735
12,1300,6.10710489482863,0.32898114096694714,0.6331908977843597,7.1298987149230735
12,1310,6.102144813714025,0.32921311850537005,0.600664676081913,7.1298987149230735
12,1320,6.097557790222824,0.32882299748460575,0.6561701830206654,7.1298987149230735
12,1330,6.085849941292814,0.33003569170331515,0.9084659620071364,7.1298987149230735
12,1340,6.078159186359376,0.3301253451945428,0.6397265831314942,7.1298987149230735
12,1350,6.073073430968616,0.3307546898331467,0.7223951056682338,7.1298987149230735
12,1360,6.06388657920985,0.33185581088163923,0.8038107957905222,7.1298987149230735
12,1370,6.0577601339603495,0.33457562165555244,0.6648442537004094,7.1298987149230735
12,1380,6.047445582722689,0.3351122912339794,0.9958086785009861,7.1298987149230735
12,1390,6.03959674363301,0.3370630770549475,0.8126887241817002,7.1298987149230735
12,1400,6.033638105520302,0.3392412162650099,0.8149039203219595,7.1298987149230735
12,1410,6.025739377261693,0.3404796981154981,0.7989325402730513,7.1298987149230735
12,1420,6.019320442219498,0.33861053867231794,0.8044039335724404,7.1298987149230735
12,1430,6.008106473989461,0.33671438691610367,0.8000204393329691,7.1298987149230735
12,1440,5.998294515646465,0.33866173677195993,0.7801068090751511,7.1298987149230735
12,1450,5.992940814798716,0.3376773859349247,0.8163865669957161,7.1298987149230735
12,1460,5.988956819109908,0.3384865792199753,0.5332840894753188,7.1298987149230735
12,1470,5.98312665861073,0.33922609865603615,0.704871173275692,7.1298987149230735
12,1480,5.972888700846005,0.3407912061099637,0.8878804044753494,7.1298987149230735
12,1490,5.967782799061409,0.34034703251227666,0.6770844476174808,7.1298987149230735
12,1500,5.959172253971046,0.341293879934309,0.8125748250658644,7.1298987149230735
12,1510,5.951244026232269,0.34240679004282104,0.71429807206053,7.1298987149230735
12,1520,5.946961009121518,0.3411890406774618,0.7028132320894964,7.1298987149230735
12,1530,5.940824509052916,0.34295991813462673,0.6293036205833579,7.1298987149230735
12,1540,5.9314093354781035,0.3440794932899591,0.8418587427999389,7.1298987149230735
12,1550,5.925597563503613,0.3456964495594358,0.8838497204618045,7.1298987149230735
12,1560,5.919786332839446,0.34481137271934326,0.6844798888376612,7.1298987149230735
12,1570,5.913141070069917,0.3463225668910226,0.7856632908109386,7.1298987149230735
12,1580,5.905888972828918,0.3466420707628004,0.8940490017671714,7.1298987149230735
12,1590,5.899055133026237,0.34774571779446267,0.6632041768756065,7.1298987149230735
12,1600,5.893569664665196,0.3482687168694999,0.5129562672321601,7.1298987149230735
