Date,ADRO.JK,AMRT.JK,ASII.JK,BBCA.JK,BMRI.JK,ICBP.JK,KLBF.JK,SMGR.JK,TLKM.JK,UNTR.JK
2020-06-02,328.1816101074219,846.702880859375,3038.072509765625,4515.4970703125,1718.7503662109375,7419.62158203125,1245.178955078125,8367.8828125,2381.025146484375,8905.501953125
2020-06-03,333.9140319824219,837.295166015625,3140.8408203125,4869.3232421875,1808.0360107421875,7441.5068359375,1272.1505126953125,8346.373046875,2410.330078125,9286.197265625
2020-06-04,333.6549072265625,837.295166015625,3057.34130859375,4877.7470703125,1759.6727294921875,7441.5068359375,1267.655029296875,8260.3271484375,2417.65625,9245.4091796875
2020-06-05,327.6967468261719,827.8872680664062,3211.493408203125,4822.9892578125,1804.3157958984375,7550.94189453125,1267.655029296875,8109.7470703125,2366.37255859375,9299.7939453125
2020-06-08,345.5711669921875,813.7755737304688,3227.551025390625,4970.416015625,1953.1253662109375,7682.2626953125,1281.140869140625,8733.57421875,2366.37255859375,9544.5234375
2020-06-09,351.52923583984375,785.5521240234375,3211.493408203125,4890.38427734375,1962.426025390625,7791.69580078125,1267.655029296875,8131.2587890625,2300.4365234375,9666.890625
2020-06-10,327.6967468261719,790.2560424804688,3115.148681640625,4886.17138671875,1826.636962890625,7572.828125,1321.597900390625,7937.65673828125,2278.4580078125,9367.7734375
2020-06-11,318.7595520019531,780.8482055664062,3018.803955078125,4785.07958984375,1744.7918701171875,7529.05517578125,1276.6456298828125,8131.2587890625,2256.479248046875,8946.29296875
2020-06-12,315.780517578125,785.5521240234375,3076.611083984375,4776.6533203125,1819.196533203125,7529.05517578125,1240.6837158203125,8088.23681640625,2219.84814453125,8946.29296875
2020-06-15,303.8642883300781,752.6246948242188,3044.49609375,4633.43798828125,1755.95263671875,7616.6025390625,1263.159912109375,8109.7470703125,2263.805419921875,8769.541015625
2020-06-16,320.2491149902344,738.5131225585938,3192.224609375,4852.47412109375,1869.419921875,7769.810546875,1281.140869140625,8367.8828125,2344.393798828125,9218.2158203125
2020-06-17,318.7595520019531,743.2169799804688,3192.224609375,4818.7763671875,1822.9168701171875,7835.47021484375,1285.6361083984375,8281.8388671875,2351.719970703125,9626.1015625
2020-06-18,306.84332275390625,743.2169799804688,3083.03369140625,4705.046875,1793.155029296875,7660.37548828125,1267.655029296875,8023.7021484375,2403.00390625,9598.9111328125
2020-06-19,309.8224182128906,743.2169799804688,3140.8408203125,4696.62158203125,1815.4764404296875,7813.5830078125,1312.6075439453125,8174.28173828125,2403.00390625,9707.6787109375
2020-06-22,306.84332275390625,743.2169799804688,3140.8408203125,4667.13720703125,1789.434814453125,7966.7900390625,1321.597900390625,8238.814453125,2344.393798828125,9625.0966796875
2020-06-23,299.3957214355469,738.5131225585938,3147.263916015625,4734.53173828125,1781.9945068359375,7813.5830078125,1290.13134765625,8217.3046875,2293.110595703125,9440.0
2020-06-24,311.31195068359375,747.9208374023438,3211.493408203125,4806.1396484375,1915.923095703125,7944.9033203125,1312.6075439453125,8152.7705078125,2329.741455078125,9525.4287109375
2020-06-25,299.3957214355469,747.9208374023438,3249.29150390625,4822.9892578125,1869.419921875,7857.35693359375,1308.1121826171875,8131.2587890625,2315.089111328125,9383.0458984375
2020-06-26,302.3747253417969,738.5131225585938,3249.29150390625,4755.5927734375,1860.1195068359375,8076.224609375,1299.121826171875,8174.28173828125,2337.067626953125,9383.0458984375
2020-06-29,299.3957214355469,743.2169799804688,3182.979248046875,4780.8662109375,1837.798095703125,8229.431640625,1294.626708984375,8152.7705078125,2329.741455078125,9511.1923828125
2020-06-30,296.4165954589844,747.9208374023438,3182.979248046875,4797.71533203125,1841.5181884765625,8185.658203125,1312.6075439453125,8317.2412109375,2348.27197265625,9425.7607421875
2020-07-01,311.31195068359375,747.9208374023438,3189.611083984375,4886.17138671875,1856.3992919921875,8054.337890625,1317.1026611328125,8338.84375,2340.57275390625,9682.048828125
2020-07-02,312.801513671875,747.9208374023438,3229.398193359375,4945.142578125,1860.1195068359375,8360.751953125,1344.07421875,8317.2412109375,2417.5654296875,9767.48046875
2020-07-03,309.8224182128906,743.2169799804688,3216.13525390625,4945.142578125,1860.1195068359375,8251.318359375,1344.07421875,8446.859375,2402.166748046875,9767.48046875
2020-07-06,317.2700500488281,747.9208374023438,3209.504150390625,4999.9013671875,1888.02099609375,8251.318359375,1375.5406494140625,8598.0810546875,2348.27197265625,9810.1953125
2020-07-07,312.801513671875,743.2169799804688,3202.87353515625,5046.236328125,1878.7205810546875,8316.9794921875,1362.05517578125,8360.447265625,2402.166748046875,9867.1484375
2020-07-08,317.2700500488281,743.2169799804688,3255.922119140625,5223.1494140625,1962.426025390625,8273.2060546875,1366.55029296875,8403.65234375,2425.2646484375,10507.873046875
2020-07-09,326.2072448730469,738.5131225585938,3249.29150390625,5138.9052734375,1953.1253662109375,8185.658203125,1375.5406494140625,8209.2236328125,2394.467529296875,10507.873046875
2020-07-10,323.2281799316406,733.8092651367188,3202.87353515625,5223.1494140625,1925.2236328125,8076.224609375,1321.597900390625,8144.41455078125,2394.467529296875,10208.8671875
2020-07-13,344.0816345214844,729.1052856445312,3249.29150390625,5202.087890625,1953.1253662109375,8098.111328125,1312.6075439453125,8079.60498046875,2379.069091796875,10536.3486328125
2020-07-14,344.0816345214844,729.1052856445312,3282.447509765625,5223.1494140625,1971.726318359375,8273.2060546875,1353.064453125,8338.84375,2371.369873046875,10436.6796875
2020-07-15,336.6339416503906,714.99365234375,3415.07177734375,5181.02685546875,1962.426025390625,8273.2060546875,1357.5599365234375,8166.017578125,2379.069091796875,10393.966796875
2020-07-16,330.6758117675781,705.5858154296875,3481.384033203125,5206.2998046875,1962.426025390625,8382.640625,1335.0836181640625,8122.81103515625,2386.768310546875,10436.6796875
2020-07-17,344.0816345214844,700.8818359375,3448.226806640625,5155.75341796875,1925.2236328125,8119.998046875,1317.1026611328125,8079.60498046875,2355.971435546875,10507.873046875
2020-07-20,336.6339416503906,710.2896728515625,3381.916015625,5172.60205078125,1897.32177734375,8163.77197265625,1335.0836181640625,8166.017578125,2355.971435546875,10479.39453125
2020-07-21,338.1235046386719,705.5858154296875,3564.274658203125,5223.1494140625,1971.726318359375,8163.77197265625,1366.55029296875,8187.62060546875,2355.971435546875,11006.2119140625
2020-07-22,335.1444091796875,705.5858154296875,3514.539794921875,5206.2998046875,2018.2294921875,8207.5458984375,1415.9979248046875,8295.63671875,2363.670654296875,11390.646484375
2020-07-23,336.6339416503906,705.5858154296875,3431.649658203125,5223.1494140625,2120.535888671875,8229.431640625,1451.959716796875,8166.017578125,2363.670654296875,11433.36328125
2020-07-24,324.7177429199219,700.8818359375,3348.759521484375,5138.9052734375,2083.33349609375,8220.47265625,1411.5025634765625,8014.79541015625,2325.17431640625,11077.4052734375
2020-07-27,330.6758117675781,705.5858154296875,3398.493408203125,5138.9052734375,2185.640380859375,8063.6787109375,1393.5216064453125,8101.2080078125,2340.57275390625,11960.181640625
2020-07-28,324.7177429199219,705.5858154296875,3431.649658203125,5210.51220703125,2176.33984375,8108.4765625,1362.05517578125,8122.81103515625,2325.17431640625,12301.8984375
2020-07-29,323.2281799316406,700.8818359375,3365.337158203125,5168.390625,2120.535888671875,8175.673828125,1371.04541015625,8187.62060546875,2309.77587890625,12244.9462890625
2020-07-30,323.2281799316406,696.1778564453125,3415.07177734375,5256.8466796875,2157.738525390625,8242.87109375,1407.0074462890625,7971.587890625,2348.27197265625,12159.5166015625
2020-08-03,306.84332275390625,677.3623046875,3236.029296875,5164.177734375,2046.13134765625,8332.466796875,1402.5120849609375,7885.1748046875,2248.181884765625,11646.9365234375
2020-08-04,308.3328857421875,700.8818359375,3289.07861328125,5231.57275390625,2074.032958984375,8982.0419921875,1415.9979248046875,7949.98583984375,2271.279541015625,11646.9365234375
2020-08-05,312.801513671875,710.2896728515625,3348.759521484375,5227.361328125,2120.535888671875,9452.4228515625,1451.959716796875,8166.017578125,2325.17431640625,12259.1845703125
2020-08-06,332.1653747558594,686.7701416015625,3464.8056640625,5273.69580078125,2148.437744140625,9250.83203125,1438.473876953125,8295.63671875,2325.17431640625,13540.6328125
2020-08-07,326.2072448730469,691.4739990234375,3497.961181640625,5206.2998046875,2157.738525390625,9116.4365234375,1420.4931640625,8360.447265625,2294.377197265625,14067.44921875
2020-08-10,339.6130065917969,682.0662231445312,3398.493408203125,5155.75341796875,2157.738525390625,9116.4365234375,1447.46435546875,8295.63671875,2286.677978515625,14110.1650390625
2020-08-11,342.59210205078125,686.7701416015625,3464.8056640625,5202.087890625,2222.84228515625,9138.8359375,1438.473876953125,8295.63671875,2255.881103515625,13825.3994140625
2020-08-12,333.6549072265625,682.0662231445312,3580.8515625,5273.69580078125,2287.947021484375,9094.0380859375,1451.959716796875,8511.6689453125,2271.279541015625,13398.2490234375
2020-08-13,332.1653747558594,682.0662231445312,3580.8515625,5307.392578125,2250.744384765625,9183.6337890625,1460.9500732421875,8403.65234375,2317.47509765625,13270.103515625
2020-08-14,332.1653747558594,682.0662231445312,3564.274658203125,5395.8505859375,2241.44384765625,9116.4365234375,1460.9500732421875,8209.2236328125,2332.87353515625,13141.958984375
2020-08-18,332.1653747558594,682.0662231445312,3564.274658203125,5357.939453125,2287.947021484375,9138.8359375,1456.4549560546875,8425.255859375,2348.27197265625,13440.9638671875
2020-08-19,332.1653747558594,677.3623046875,3514.539794921875,5332.6669921875,2269.345703125,9049.2392578125,1442.96923828125,8252.431640625,2309.77587890625,13369.7724609375
2020-08-24,326.2072448730469,682.0662231445312,3514.539794921875,5320.02978515625,2232.143310546875,9161.234375,1438.473876953125,8382.0498046875,2309.77587890625,13099.244140625
2020-08-25,327.6967468261719,710.2896728515625,3514.539794921875,5362.15185546875,2325.14892578125,9340.427734375,1456.4549560546875,8900.52734375,2294.377197265625,13412.4873046875
2020-08-26,330.6758117675781,682.0662231445312,3547.695556640625,5341.09033203125,2362.351806640625,9273.23046875,1429.4835205078125,9030.146484375,2325.17431640625,13241.626953125
2020-08-27,335.1444091796875,677.3623046875,3514.539794921875,5560.12646484375,2343.75048828125,9273.23046875,1451.959716796875,9224.57421875,2302.07666015625,13398.2490234375
2020-08-28,341.1025695800781,677.3623046875,3531.117919921875,5471.67041015625,2315.8486328125,9250.83203125,1447.46435546875,9202.9716796875,2278.978759765625,13341.294921875
2020-08-31,323.2281799316406,672.658447265625,3381.916015625,5286.33203125,2213.5419921875,9161.234375,1420.4931640625,9116.5595703125,2201.986328125,13099.244140625
2020-09-01,339.6130065917969,663.2506103515625,3481.384033203125,5492.7314453125,2278.646240234375,9161.234375,1433.9786376953125,9505.4169921875,2232.783203125,13384.009765625
2020-09-02,361.95599365234375,658.5466918945312,3514.539794921875,5421.123046875,2260.044921875,9138.8359375,1438.473876953125,9246.1787109375,2271.279541015625,13298.5810546875
2020-09-03,358.97686767578125,658.5466918945312,3431.649658203125,5475.8818359375,2222.84228515625,9161.234375,1433.9786376953125,9094.9560546875,2232.783203125,13327.056640625
2020-09-04,358.97686767578125,663.2506103515625,3348.759521484375,5374.78857421875,2204.2412109375,9228.431640625,1429.4835205078125,8943.734375,2201.986328125,13156.1982421875
2020-09-07,372.38275146484375,667.9544067382812,3332.181884765625,5294.75634765625,2176.33984375,9250.83203125,1438.473876953125,9138.1630859375,2232.783203125,13184.67578125
2020-09-08,369.4036560058594,658.5466918945312,3398.493408203125,5336.87890625,2222.84228515625,9250.83203125,1420.4931640625,8814.1142578125,2201.986328125,13184.67578125
2020-09-09,357.4873962402344,658.5466918945312,3249.29150390625,5261.05810546875,2148.437744140625,9206.033203125,1398.016845703125,8727.701171875,2155.790771484375,12899.9072265625
2020-09-10,333.6549072265625,649.1388549804688,3023.83056640625,4894.595703125,1999.628173828125,8937.2431640625,1330.5885009765625,8122.81103515625,2078.798095703125,12187.9921875
2020-09-11,351.52923583984375,653.8428344726562,3070.248779296875,4974.6279296875,2036.8306884765625,9183.6337890625,1415.9979248046875,8122.81103515625,2163.489990234375,13056.529296875
2020-09-14,357.4873962402344,663.2506103515625,3176.348388671875,5096.7822265625,2139.13720703125,9452.4228515625,1429.4835205078125,8511.6689453125,2225.083984375,13099.244140625
2020-09-15,354.50830078125,658.5466918945312,3196.241943359375,4936.71826171875,2111.235595703125,9318.029296875,1389.0263671875,8317.2412109375,2178.888427734375,13597.583984375
2020-09-16,341.1025695800781,649.1388549804688,3169.71728515625,4844.05029296875,2101.934814453125,9362.826171875,1384.5311279296875,8122.81103515625,2148.091552734375,13683.0146484375
2020-09-17,336.6339416503906,639.7310791015625,3222.766357421875,4848.26171875,2074.032958984375,9138.8359375,1362.05517578125,8036.3984375,2171.189208984375,13327.056640625
2020-09-18,341.1025695800781,639.7310791015625,3169.71728515625,4742.95703125,2074.032958984375,9116.4365234375,1389.0263671875,8058.00146484375,2225.083984375,13554.8720703125
2020-09-21,341.1025695800781,635.0271606445312,3096.774169921875,4721.8955078125,2036.8306884765625,9094.0380859375,1348.5693359375,7949.98583984375,2163.489990234375,13440.9638671875
2020-09-22,345.5711669921875,630.3233032226562,3096.774169921875,4591.31689453125,1971.726318359375,9183.6337890625,1308.1121826171875,7798.76318359375,2140.392333984375,12999.5771484375
2020-09-23,345.5711669921875,630.3233032226562,3070.248779296875,4637.65087890625,1934.524169921875,9273.23046875,1375.5406494140625,7690.74609375,2155.790771484375,13184.67578125
2020-09-24,336.6339416503906,620.9154663085938,3050.355712890625,4587.1044921875,1888.02099609375,9049.2392578125,1362.05517578125,7604.3330078125,2101.89599609375,13028.0537109375
2020-09-25,339.6130065917969,635.0271606445312,3222.766357421875,4726.107421875,1990.3277587890625,9004.44140625,1420.4931640625,7604.3330078125,2071.09912109375,13213.15234375
2020-09-28,336.6339416503906,635.0271606445312,3143.1923828125,4646.07568359375,1915.923095703125,9026.8408203125,1371.04541015625,7885.1748046875,2048.001220703125,12857.1943359375
2020-09-29,347.0606689453125,625.619384765625,3030.461669921875,4637.65087890625,1888.02099609375,9094.0380859375,1357.5599365234375,7863.572265625,2024.903564453125,12899.9072265625
2020-09-30,338.1235046386719,625.619384765625,2957.518310546875,4566.04345703125,1845.2384033203125,9026.8408203125,1393.5216064453125,7928.38232421875,1971.0087890625,12985.3369140625
2020-10-01,351.52923583984375,630.3233032226562,3056.986328125,4692.40966796875,1934.524169921875,9094.0380859375,1447.46435546875,8274.033203125,2117.29443359375,12971.099609375
2020-10-02,339.6130065917969,635.0271606445312,3043.72412109375,4637.65087890625,1934.524169921875,9026.8408203125,1411.5025634765625,8166.017578125,2063.399658203125,12914.1455078125
2020-10-05,335.1444091796875,630.3233032226562,3023.83056640625,4650.28759765625,1990.3277587890625,9049.2392578125,1407.0074462890625,8166.017578125,2040.3017578125,12714.8115234375
2020-10-06,335.1444091796875,644.4349975585938,3063.6171875,4801.927734375,2046.13134765625,9049.2392578125,1407.0074462890625,8144.41455078125,2040.3017578125,12885.669921875
2020-10-07,336.6339416503906,644.4349975585938,3088.2978515625,4848.26171875,2064.73291015625,8959.642578125,1429.4835205078125,8187.62060546875,2048.001220703125,12782.9462890625
2020-10-08,336.6339416503906,644.4349975585938,3168.33935546875,4869.3232421875,2027.5301513671875,9026.8408203125,1438.473876953125,8338.84375,2078.798095703125,12969.4541015625
2020-10-09,332.1653747558594,635.0271606445312,3161.669677734375,4865.11083984375,2064.73291015625,9004.44140625,1411.5025634765625,8101.2080078125,2101.89599609375,12854.681640625
2020-10-12,330.6758117675781,635.0271606445312,3134.988525390625,4932.50634765625,2092.63427734375,8914.8447265625,1420.4931640625,8122.81103515625,2101.89599609375,12912.06640625
2020-10-13,342.59210205078125,635.0271606445312,3161.669677734375,4932.50634765625,2111.235595703125,8892.4462890625,1424.98828125,8079.60498046875,2101.89599609375,12912.06640625
2020-10-14,353.018798828125,630.3233032226562,3215.031005859375,4970.416015625,2148.437744140625,8914.8447265625,1429.4835205078125,8036.3984375,2163.489990234375,12897.7197265625
2020-10-15,344.0816345214844,630.3233032226562,3161.669677734375,4873.53466796875,2083.33349609375,8735.65234375,1402.5120849609375,7863.572265625,2140.392333984375,12452.9716796875
2020-10-16,363.4454650878906,625.619384765625,3288.4033203125,4852.47412109375,2074.032958984375,8735.65234375,1393.5216064453125,7928.38232421875,2117.29443359375,12553.3994140625
2020-10-19,363.4454650878906,630.3233032226562,3335.0947265625,4970.416015625,2120.535888671875,8802.8486328125,1411.5025634765625,7928.38232421875,2086.49755859375,12653.8271484375
2020-10-20,360.46636962890625,635.0271606445312,3451.822509765625,4890.38427734375,2101.934814453125,8713.2529296875,1407.0074462890625,8187.62060546875,2055.700439453125,12782.9462890625
2020-10-21,357.4873962402344,635.0271606445312,3501.849609375,4869.3232421875,2055.431884765625,8690.8525390625,1407.0074462890625,8209.2236328125,2063.399658203125,12782.9462890625
2020-10-22,345.5711669921875,635.0271606445312,3501.849609375,4886.17138671875,2027.5301513671875,8646.0556640625,1420.4931640625,8058.00146484375,2078.798095703125,12711.2138671875
2020-10-23,341.1025695800781,635.0271606445312,3601.90185546875,4860.8994140625,2064.73291015625,8713.2529296875,1424.98828125,8144.41455078125,2024.903564453125,12582.0927734375
2020-10-26,341.1025695800781,635.0271606445312,3601.90185546875,4898.8076171875,2148.437744140625,8758.05078125,1389.0263671875,8295.63671875,2040.3017578125,12467.3193359375
2020-10-27,335.1444091796875,639.7310791015625,3618.5771484375,4877.7470703125,2148.437744140625,8646.0556640625,1371.04541015625,8274.033203125,2017.2042236328125,12122.99609375
2020-11-02,336.6339416503906,649.1388549804688,3601.90185546875,4903.0205078125,2222.84228515625,8735.65234375,1344.07421875,7885.1748046875,1971.0087890625,11735.634765625
2020-11-03,341.1025695800781,649.1388549804688,3668.60302734375,4961.9912109375,2232.143310546875,8713.2529296875,1326.09326171875,7712.349609375,1986.4072265625,11993.876953125
2020-11-04,330.6758117675781,658.5466918945312,3601.90185546875,4903.0205078125,2120.535888671875,8758.05078125,1308.1121826171875,7885.1748046875,1986.4072265625,11821.7158203125
2020-11-05,339.6130065917969,677.3623046875,3668.60302734375,5181.02685546875,2222.84228515625,8870.0458984375,1348.5693359375,8598.0810546875,2132.693115234375,11979.529296875
2020-11-06,339.6130065917969,672.658447265625,3885.38427734375,5307.392578125,2250.744384765625,8847.646484375,1362.05517578125,8943.734375,2178.888427734375,12036.9140625
2020-11-09,336.6339416503906,677.3623046875,3735.305419921875,5294.75634765625,2287.947021484375,8735.65234375,1330.5885009765625,8835.7177734375,2217.384765625,11979.529296875
2020-11-10,339.6130065917969,696.1778564453125,3835.358154296875,5459.03271484375,2371.652099609375,8668.4541015625,1344.07421875,9159.7666015625,2201.986328125,11850.41015625
2020-11-11,358.97686767578125,686.7701416015625,4002.11376953125,5509.58056640625,2371.652099609375,8601.2578125,1321.597900390625,9678.2421875,2371.369873046875,12309.5048828125
2020-11-12,350.03973388671875,667.9544067382812,4002.11376953125,5408.48681640625,2297.247314453125,8758.05078125,1335.0836181640625,9786.259765625,2340.57275390625,12108.6494140625
2020-11-13,347.0606689453125,682.0662231445312,3935.4111328125,5383.21337890625,2325.14892578125,8690.8525390625,1344.07421875,9678.2421875,2302.07666015625,12122.99609375
2020-11-16,355.99786376953125,686.7701416015625,3952.087158203125,5459.03271484375,2306.5478515625,8735.65234375,1339.5787353515625,9462.2119140625,2363.670654296875,12194.7314453125
2020-11-17,351.52923583984375,677.3623046875,3868.709716796875,5518.0048828125,2325.14892578125,9183.6337890625,1348.5693359375,9483.8134765625,2479.159423828125,12079.95703125
2020-11-18,354.50830078125,677.3623046875,3852.033935546875,5534.853515625,2362.351806640625,9206.033203125,1353.064453125,9635.037109375,2448.3623046875,12051.2646484375
2020-11-19,369.4036560058594,672.658447265625,3818.68212890625,5572.76318359375,2353.05078125,9273.23046875,1344.07421875,9635.037109375,2440.6630859375,12338.1982421875
2020-11-20,361.95599365234375,663.2506103515625,3818.68212890625,5560.12646484375,2343.75048828125,9049.2392578125,1344.07421875,9807.8623046875,2479.159423828125,12223.423828125
2020-11-23,384.2989807128906,667.9544067382812,3868.709716796875,5560.12646484375,2380.95263671875,9138.8359375,1344.07421875,10455.9599609375,2556.15185546875,12682.5185546875
2020-11-24,387.2779846191406,667.9544067382812,3868.709716796875,5530.640625,2390.253173828125,9071.6376953125,1335.0836181640625,10131.91015625,2579.24951171875,12869.0283203125
2020-11-25,387.2779846191406,667.9544067382812,3701.955078125,5400.06201171875,2427.455810546875,8959.642578125,1321.597900390625,10283.1328125,2525.35498046875,13901.9931640625
2020-11-26,405.15240478515625,667.9544067382812,3768.656494140625,5459.03271484375,2501.86083984375,9071.6376953125,1339.5787353515625,10304.7373046875,2671.640869140625,14059.8056640625
2020-11-27,414.089599609375,672.658447265625,3701.955078125,5379.0,2473.95849609375,9497.2216796875,1330.5885009765625,10304.7373046875,2663.94140625,14188.9287109375
2020-11-30,414.089599609375,667.9544067382812,3535.199951171875,5227.361328125,2353.05078125,8870.0458984375,1353.064453125,10110.30859375,2486.858642578125,13199.001953125
2020-12-01,414.089599609375,667.9544067382812,3701.955078125,5387.4248046875,2427.455810546875,9049.2392578125,1335.0836181640625,10369.5458984375,2494.557861328125,13873.2998046875
2020-12-02,414.089599609375,672.658447265625,3818.68212890625,5433.76025390625,2473.95849609375,9116.4365234375,1344.07421875,10326.33984375,2563.85107421875,14920.6123046875
2020-12-03,409.6209716796875,667.9544067382812,3751.98095703125,5442.18408203125,2446.056884765625,8982.0419921875,1317.1026611328125,10369.5458984375,2540.75341796875,14977.9990234375
2020-12-04,427.49530029296875,672.658447265625,3802.0078125,5383.21337890625,2455.357421875,8914.8447265625,1331.546630859375,10088.7041015625,2502.25732421875,15207.5478515625
2020-12-07,442.3906555175781,705.5858154296875,3902.060546875,5492.7314453125,2492.56005859375,8914.8447265625,1340.5740966796875,10153.5146484375,2563.85107421875,15480.134765625
2020-12-08,460.2650146484375,696.1778564453125,3802.0078125,5467.45703125,2483.25927734375,8780.44921875,1331.546630859375,10002.291015625,2540.75341796875,15365.361328125
2020-12-10,460.2650146484375,686.7701416015625,3885.38427734375,5555.84423828125,2529.76220703125,8914.8447265625,1336.060302734375,10110.30859375,2509.956298828125,14934.955078125
2020-12-11,457.28594970703125,686.7701416015625,3785.332275390625,5691.04345703125,2520.461669921875,8802.8486328125,1322.5191650390625,9915.87890625,2525.35498046875,15006.6943359375
2020-12-14,467.71270751953125,692.490234375,3785.332275390625,5762.86767578125,2501.86083984375,8802.8486328125,1340.5740966796875,10369.5458984375,2556.15185546875,15724.029296875
2020-12-15,455.79644775390625,697.2333374023438,3968.762451171875,5737.51904296875,2492.56005859375,8690.8525390625,1340.5740966796875,10585.578125,2656.2421875,15250.587890625
2020-12-16,463.2440490722656,697.2333374023438,4085.49072265625,5872.71728515625,2520.461669921875,8758.05078125,1394.7386474609375,10888.0224609375,2779.43017578125,15594.908203125
2020-12-17,443.8801574707031,687.7471923828125,4135.5166015625,5860.04345703125,2557.6640625,8713.2529296875,1390.2249755859375,11168.865234375,2725.535400390625,15566.216796875
2020-12-18,440.901123046875,692.490234375,4135.5166015625,5745.96826171875,2492.56005859375,8690.8525390625,1390.2249755859375,10844.8173828125,2702.437744140625,15279.2822265625
2020-12-21,463.2440490722656,706.7195434570312,4102.16650390625,5771.318359375,2492.56005859375,8758.05078125,1394.7386474609375,10801.611328125,2710.136962890625,16226.1650390625
2020-12-22,437.9220886230469,692.490234375,4052.140625,5674.14306640625,2380.95263671875,8601.2578125,1358.6287841796875,10758.404296875,2586.948974609375,15178.8544921875
2020-12-23,443.8801574707031,725.69189453125,4002.11376953125,5682.59375,2362.351806640625,8534.060546875,1322.5191650390625,10671.9912109375,2556.15185546875,14963.65234375
2020-12-28,448.34881591796875,815.810546875,4052.140625,5729.0673828125,2427.455810546875,8489.26171875,1354.115234375,10844.8173828125,2640.843505859375,15451.44140625
2020-12-29,443.8801574707031,796.838134765625,4035.463623046875,5716.3935546875,2390.253173828125,8332.466796875,1345.087890625,10866.4208984375,2633.144287109375,15207.5478515625
2020-12-30,426.0057678222656,758.8934936523438,4018.7890625,5720.61865234375,2353.05078125,8578.857421875,1336.060302734375,10736.8017578125,2548.452880859375,15264.93359375
2021-01-04,433.45343017578125,758.8934936523438,4152.19287109375,5775.54296875,2418.1552734375,8578.857421875,1331.546630859375,10866.4208984375,2687.0390625,15293.6240234375
2021-01-05,424.5162353515625,744.6642456054688,4118.84130859375,5991.0166015625,2390.253173828125,8466.8623046875,1327.032958984375,10715.1982421875,2671.640869140625,15092.7705078125
2021-01-06,409.6209716796875,739.9210815429688,4102.16650390625,5868.49267578125,2390.253173828125,8444.4638671875,1354.115234375,10391.1494140625,2594.648193359375,14805.8388671875
2021-01-07,418.55816650390625,725.69189453125,4052.140625,5885.3916015625,2408.8544921875,8511.66015625,1340.5740966796875,10628.78515625,2610.046630859375,15379.70703125
2021-01-08,430.474365234375,735.1780395507812,4285.59619140625,5957.216796875,2436.75634765625,8534.060546875,1349.6014404296875,10650.3896484375,2748.633056640625,15652.294921875
2021-01-11,454.3069152832031,739.9210815429688,4352.298828125,6206.48974609375,2548.363525390625,8534.060546875,1588.828369140625,10391.1494140625,2771.731201171875,15236.240234375
2021-01-12,439.4115905761719,725.69189453125,4352.298828125,6050.166015625,2585.56591796875,8444.4638671875,1516.609130859375,10477.5625,2702.437744140625,15049.73046875
2021-01-13,451.3277893066406,754.1503295898438,4519.05322265625,6016.36669921875,2576.26513671875,8354.8662109375,1412.79345703125,10412.7529296875,2679.33984375,15035.3857421875
2021-01-14,445.3697204589844,792.0950927734375,4519.05322265625,5931.86767578125,2548.363525390625,8377.2666015625,1439.875732421875,10304.7373046875,2694.738525390625,15092.7705078125
2021-01-15,433.45343017578125,768.3796997070312,4385.6484375,5876.943359375,2501.86083984375,8399.6650390625,1485.0128173828125,10326.33984375,2679.33984375,15035.3857421875
2021-01-18,428.98480224609375,754.1503295898438,4452.3515625,6016.36669921875,2576.26513671875,8623.6552734375,1498.55419921875,10931.23046875,2656.2421875,15322.3193359375
2021-01-19,421.5372314453125,749.4072875976562,4452.3515625,5995.24169921875,2594.86669921875,8735.65234375,1430.8482666015625,10715.1982421875,2625.445068359375,14877.5732421875
2021-01-20,421.5372314453125,749.4072875976562,4452.3515625,5995.24169921875,2743.67626953125,8668.4541015625,1435.3621826171875,10758.404296875,2671.640869140625,14906.2666015625
2021-01-21,420.04766845703125,758.8934936523438,4535.728515625,5978.341796875,2697.173095703125,8578.857421875,1494.0404052734375,10585.578125,2679.33984375,14863.2236328125
2021-01-22,402.1733093261719,749.4072875976562,4469.02685546875,5982.56689453125,2678.57177734375,8489.26171875,1457.9306640625,10499.1650390625,2610.046630859375,14447.169921875
2021-01-25,385.7884826660156,768.3796997070312,4318.947265625,5944.54150390625,2715.7744140625,8511.66015625,1448.9033203125,10175.1171875,2594.648193359375,13916.3388671875
2021-01-26,375.36175537109375,758.8934936523438,4235.56982421875,5762.86767578125,2743.67626953125,8511.66015625,1394.7386474609375,10153.5146484375,2509.956298828125,13744.177734375
2021-01-27,370.8931579589844,754.1503295898438,4185.54296875,5737.51904296875,2715.7744140625,8511.66015625,1363.1427001953125,10002.291015625,2602.347412109375,13428.5498046875
2021-01-28,357.4873962402344,754.1503295898438,4185.54296875,5830.46728515625,2622.768310546875,8377.2666015625,1367.656494140625,9743.052734375,2494.557861328125,13701.13671875
2021-01-29,357.4873962402344,739.9210815429688,4068.815185546875,5712.16796875,2446.056884765625,8153.275390625,1322.5191650390625,9159.7666015625,2394.467529296875,13112.9228515625
2021-02-01,366.424560546875,739.9210815429688,4018.7890625,5762.86767578125,2492.56005859375,8265.2705078125,1345.087890625,9959.0869140625,2486.858642578125,13686.7919921875
2021-02-02,357.4873962402344,744.6642456054688,3985.4375,5745.96826171875,2408.8544921875,8511.66015625,1372.1700439453125,9462.2119140625,2517.655517578125,12955.109375
2021-02-03,348.5502014160156,739.9210815429688,4102.16650390625,5767.09228515625,2418.1552734375,8444.4638671875,1408.2799072265625,9397.4013671875,2494.557861328125,12883.375
2021-02-04,347.0606689453125,739.9210815429688,4135.5166015625,5792.44384765625,2446.056884765625,8354.8662109375,1394.7386474609375,9181.369140625,2533.05419921875,12825.986328125
2021-02-05,360.46636962890625,739.9210815429688,4068.815185546875,5843.142578125,2436.75634765625,8265.2705078125,1435.3621826171875,9721.4501953125,2533.05419921875,13256.3896484375
2021-02-08,363.4454650878906,739.9210815429688,4068.815185546875,5847.3681640625,2446.056884765625,8153.275390625,1417.3072509765625,9548.6240234375,2525.35498046875,13959.3779296875
2021-02-09,360.46636962890625,739.9210815429688,3885.38427734375,5898.0673828125,2418.1552734375,7884.486328125,1372.1700439453125,9419.00390625,2463.760498046875,13500.2841796875
2021-02-10,357.4873962402344,758.8934936523438,3935.4111328125,5847.3681640625,2418.1552734375,8063.6787109375,1376.6837158203125,9548.6240234375,2456.0615234375,13471.5908203125
2021-02-11,361.95599365234375,758.8934936523438,3902.060546875,5813.56787109375,2418.1552734375,8041.27978515625,1376.6837158203125,9462.2119140625,2456.0615234375,13485.9365234375
2021-02-15,361.95599365234375,749.4072875976562,3968.762451171875,5745.96826171875,2418.1552734375,8041.27978515625,1376.6837158203125,9656.640625,2479.159423828125,13342.46875
2021-02-16,360.46636962890625,749.4072875976562,3952.087158203125,5864.26708984375,2408.8544921875,7906.8837890625,1376.6837158203125,9527.0205078125,2471.460205078125,13256.3896484375
2021-02-17,351.52923583984375,739.9210815429688,3868.709716796875,5830.46728515625,2362.351806640625,7906.8837890625,1367.656494140625,9483.8134765625,2425.2646484375,13112.9228515625
2021-02-18,350.03973388671875,768.3796997070312,3818.68212890625,5691.04345703125,2325.14892578125,7839.68701171875,1345.087890625,9246.1787109375,2448.3623046875,13184.6552734375
2021-02-19,351.52923583984375,758.8934936523438,3852.033935546875,5767.09228515625,2371.652099609375,7705.29248046875,1430.8482666015625,9289.3837890625,2471.460205078125,13242.0419921875
2021-02-22,360.46636962890625,834.7828369140625,3802.0078125,5737.51904296875,2371.652099609375,7727.6923828125,1417.3072509765625,9094.9560546875,2440.6630859375,13342.46875
2021-02-23,358.97686767578125,825.2965698242188,3818.68212890625,5767.09228515625,2353.05078125,7660.4951171875,1390.2249755859375,9030.146484375,2671.640869140625,13270.736328125
2021-02-24,353.018798828125,953.3599243164062,3751.98095703125,5682.59375,2371.652099609375,7750.09033203125,1358.6287841796875,8878.923828125,2679.33984375,12940.759765625
2021-02-25,357.4873962402344,958.1029663085938,3718.6298828125,5665.693359375,2334.44970703125,7682.8935546875,1354.115234375,8922.130859375,2687.0390625,13572.01953125
2021-02-26,351.52923583984375,967.5891723632812,3601.90185546875,5669.91796875,2287.947021484375,7682.8935546875,1327.032958984375,8814.1142578125,2687.0390625,12940.759765625
2021-03-01,353.018798828125,1010.2769165039062,3735.305419921875,5952.9912109375,2446.056884765625,7705.29248046875,1372.1700439453125,9224.57421875,2687.0390625,13170.310546875
2021-03-02,353.018798828125,943.8737182617188,3718.6298828125,5927.6416015625,2455.357421875,7794.88916015625,1399.2523193359375,10110.30859375,2663.94140625,13141.615234375
2021-03-03,353.018798828125,891.6997680664062,3785.332275390625,5914.9677734375,2455.357421875,7817.2880859375,1399.2523193359375,9786.259765625,2648.543212890625,13069.8818359375
2021-03-04,363.4454650878906,858.498291015625,3718.6298828125,5678.36865234375,2436.75634765625,7705.29248046875,1403.76611328125,9678.2421875,2586.948974609375,12825.986328125
2021-03-05,351.52923583984375,901.18603515625,3668.60302734375,5745.96826171875,2408.8544921875,7615.6962890625,1403.76611328125,9678.2421875,2556.15185546875,12510.359375
2021-03-08,350.03973388671875,896.4428100585938,3701.955078125,5678.36865234375,2390.253173828125,7503.701171875,1403.76611328125,9440.607421875,2571.55029296875,13385.509765625
2021-03-09,347.0606689453125,872.7274169921875,3685.279296875,5581.19384765625,2390.253173828125,7458.90283203125,1394.7386474609375,9505.4169921875,2533.05419921875,12926.4150390625
2021-03-10,348.5502014160156,934.3875122070312,3618.5771484375,5665.693359375,2418.1552734375,7503.701171875,1430.8482666015625,9764.65625,2617.745849609375,12166.0380859375
2021-03-12,360.46636962890625,934.3875122070312,3651.927978515625,5716.3935546875,2501.86083984375,7503.701171875,1439.875732421875,9872.671875,2656.2421875,12180.3837890625
2021-03-15,367.9140930175781,929.6444702148438,3685.279296875,5631.89453125,2473.95849609375,7615.6962890625,1430.8482666015625,9613.43359375,2602.347412109375,12108.6494140625
2021-03-16,363.4454650878906,962.8460693359375,3701.955078125,5598.09423828125,2436.75634765625,7705.29248046875,1430.8482666015625,9613.43359375,2586.948974609375,12151.6904296875
2021-03-17,366.424560546875,920.1582641601562,3718.6298828125,5585.4189453125,2427.455810546875,7727.6923828125,1435.3621826171875,9570.2265625,2610.046630859375,12079.95703125
2021-03-18,378.3408203125,920.1582641601562,3818.68212890625,5665.693359375,2529.76220703125,7794.88916015625,1421.821044921875,9829.4658203125,2656.2421875,12452.9716796875
2021-03-19,387.2779846191406,934.3875122070312,3852.033935546875,5712.16796875,2520.461669921875,7906.8837890625,1448.9033203125,10196.7197265625,2648.543212890625,12553.3994140625
2021-03-22,382.80938720703125,905.9290771484375,3718.6298828125,5593.869140625,2464.658203125,7906.8837890625,1444.3896484375,10023.89453125,2602.347412109375,12409.9326171875
2021-03-23,387.2779846191406,858.498291015625,3718.6298828125,5547.39404296875,2483.25927734375,8242.87109375,1421.821044921875,9829.4658203125,2586.948974609375,12309.5048828125
2021-03-24,364.9350280761719,858.498291015625,3635.2529296875,5441.76953125,2471.822265625,8287.6689453125,1376.6837158203125,9959.0869140625,2594.648193359375,12108.6494140625
2021-03-25,358.97686767578125,844.2689208984375,3635.2529296875,5382.62109375,2462.204345703125,8018.880859375,1435.3621826171875,9743.052734375,2625.445068359375,12252.1181640625
2021-03-26,363.4454650878906,844.2689208984375,3735.305419921875,5420.64501953125,2471.822265625,8153.275390625,1426.334716796875,9570.2265625,2687.0390625,12567.7451171875
2021-03-29,358.97686767578125,844.2689208984375,3685.279296875,5374.169921875,2452.58642578125,8265.2705078125,1390.2249755859375,9635.037109375,2625.445068359375,12510.359375
2021-03-30,350.03973388671875,815.810546875,3601.90185546875,5403.74560546875,2433.350341796875,8130.87646484375,1390.2249755859375,9397.4013671875,2602.347412109375,12338.1982421875
2021-03-31,350.03973388671875,853.755126953125,3518.524169921875,5251.646484375,2366.024658203125,8242.87109375,1417.3072509765625,9008.5439453125,2633.144287109375,12696.8671875
2021-04-01,351.52923583984375,839.5259399414062,3568.551025390625,5260.09619140625,2385.26025390625,8018.880859375,1399.2523193359375,9008.5439453125,2610.046630859375,12725.5595703125
2021-04-05,353.018798828125,825.2965698242188,3568.551025390625,5200.94580078125,2394.878173828125,7996.48046875,1399.2523193359375,8900.52734375,2602.347412109375,12739.90625
2021-04-06,360.46636962890625,849.011962890625,3568.551025390625,5209.39599609375,2414.114501953125,7906.8837890625,1403.76611328125,8965.3369140625,2594.648193359375,12811.6416015625
2021-04-07,363.4454650878906,896.4428100585938,3551.87548828125,5281.2216796875,2433.350341796875,7974.08203125,1399.2523193359375,8943.734375,2617.745849609375,12811.6416015625
2021-04-08,366.424560546875,943.8737182617188,3535.199951171875,5256.71533203125,2414.114501953125,7884.486328125,1412.79345703125,9021.4501953125,2610.046630859375,12955.109375
2021-04-09,358.97686767578125,924.9014282226562,3518.524169921875,5312.41015625,2491.058349609375,7951.68359375,1399.2523193359375,9131.4677734375,2586.948974609375,13041.1875
2021-04-12,351.52923583984375,920.1582641601562,3385.12060546875,5196.736328125,2423.732177734375,7750.09033203125,1363.1427001953125,8735.404296875,2548.452880859375,12295.15625
2021-04-13,345.5711669921875,901.18603515625,3385.12060546875,5141.041015625,2423.732177734375,7727.6923828125,1345.087890625,9241.486328125,2563.85107421875,12926.4150390625
2021-04-14,355.99786376953125,929.6444702148438,3501.849609375,5402.37744140625,2433.350341796875,7839.68701171875,1349.6014404296875,9725.5634765625,2571.55029296875,12768.6005859375
2021-04-15,354.50830078125,920.1582641601562,3501.849609375,5380.95703125,2423.732177734375,7839.68701171875,1367.656494140625,9527.53125,2586.948974609375,12452.9716796875
2021-04-16,353.018798828125,915.4152221679688,3501.849609375,5376.6728515625,2423.732177734375,8018.880859375,1349.6014404296875,9373.505859375,2586.948974609375,12668.173828125
2021-04-19,353.018798828125,877.4705810546875,3468.49755859375,5372.38818359375,2394.878173828125,8018.880859375,1349.6014404296875,9175.474609375,2571.55029296875,12739.90625
2021-04-20,353.018798828125,863.2413330078125,3535.199951171875,5342.3994140625,2385.26025390625,7974.08203125,1349.6014404296875,9285.4921875,2556.15185546875,12899.9853515625
2021-04-21,351.52923583984375,872.7274169921875,3485.174072265625,5282.42041015625,2356.406494140625,7884.486328125,1349.6014404296875,9197.478515625,2525.35498046875,13178.505859375
2021-04-22,348.5502014160156,901.18603515625,3635.2529296875,5325.26220703125,2356.406494140625,7839.68701171875,1345.087890625,9087.4609375,2563.85107421875,12636.12109375
2021-04-23,357.4873962402344,910.672119140625,3751.98095703125,5475.208984375,2366.024658203125,7951.68359375,1354.115234375,9153.4716796875,2548.452880859375,12665.4365234375
2021-04-26,360.46636962890625,896.4428100585938,3751.98095703125,5385.24072265625,2298.69873046875,7794.88916015625,1340.5740966796875,9263.4892578125,2502.25732421875,12636.12109375
2021-04-27,360.46636962890625,872.7274169921875,3685.279296875,5488.0615234375,2327.55224609375,7705.29248046875,1331.546630859375,9065.45703125,2432.9638671875,12665.4365234375
2021-04-28,361.95599365234375,877.4705810546875,3568.551025390625,5415.23095703125,2385.26025390625,7682.8935546875,1327.032958984375,9263.4892578125,2417.5654296875,12562.8232421875
2021-04-29,373.8722839355469,877.4705810546875,3618.5771484375,5492.34619140625,2394.878173828125,7727.6923828125,1327.032958984375,9285.4921875,2463.760498046875,12533.5078125
2021-04-30,370.8931579589844,901.18603515625,3668.60302734375,5488.0615234375,2375.642578125,7794.88916015625,1299.95068359375,9175.474609375,2463.760498046875,12416.234375
2021-05-03,369.4036560058594,886.9567260742188,3676.736083984375,5475.208984375,2327.55224609375,7660.4951171875,1295.4368896484375,8955.4404296875,2440.6630859375,12284.302734375
2021-05-04,372.38275146484375,886.9567260742188,3727.566650390625,5483.7783203125,2346.78857421875,7638.09521484375,1327.032958984375,8845.421875,2471.460205078125,12650.779296875
2021-05-05,375.9312438964844,886.9567260742188,3744.51025390625,5505.1982421875,2327.55224609375,7638.09521484375,1304.4642333984375,8933.4365234375,2463.760498046875,13002.5966796875
2021-05-06,372.7853698730469,891.6997680664062,3676.736083984375,5505.1982421875,2337.17041015625,7615.6962890625,1318.0054931640625,8823.41796875,2456.0615234375,12782.7109375
2021-05-07,372.7853698730469,886.9567260742188,3608.962890625,5483.7783203125,2289.08056640625,7570.8984375,1318.0054931640625,8625.38671875,2456.0615234375,12753.392578125
2021-05-10,375.9312438964844,867.984375,3642.85009765625,5500.91552734375,2298.69873046875,7705.29248046875,1327.032958984375,8757.4072265625,2440.6630859375,12753.392578125
2021-05-11,375.9312438964844,858.498291015625,3541.189453125,5552.32470703125,2269.8447265625,7638.09521484375,1304.4642333984375,8735.404296875,2448.3623046875,12577.4853515625
2021-05-17,372.7853698730469,834.7828369140625,3507.3017578125,5569.46142578125,2279.462158203125,7391.70556640625,1318.0054931640625,8559.3759765625,2456.0615234375,12562.8232421875
2021-05-18,377.5041809082031,849.011962890625,3490.3583984375,5475.208984375,2269.8447265625,7436.50341796875,1308.9781494140625,8383.34765625,2448.3623046875,12841.34765625
2021-05-19,369.6394958496094,849.011962890625,3422.58447265625,5436.65185546875,2183.28271484375,7414.1044921875,1304.4642333984375,8163.31201171875,2432.9638671875,12826.689453125
2021-05-20,368.0665588378906,886.6841430664062,3507.3017578125,5466.6416015625,2173.66455078125,7503.701171875,1318.0054931640625,8383.34765625,2548.452880859375,12914.642578125
2021-05-21,366.4936218261719,886.6841430664062,3422.58447265625,5449.50390625,2240.99072265625,7458.90283203125,1327.032958984375,8295.3330078125,2517.655517578125,12709.4140625
2021-05-24,364.92071533203125,867.5126342773438,3456.471435546875,5419.5146484375,2212.13671875,7346.9072265625,1308.9781494140625,8119.3046875,2509.956298828125,12430.892578125
2021-05-25,368.0665588378906,896.2698974609375,3439.527587890625,5445.2197265625,2269.8447265625,7324.50830078125,1318.0054931640625,8273.3291015625,2540.75341796875,12606.802734375
2021-05-27,366.4936218261719,872.3054809570312,3490.3583984375,5372.38818359375,2212.13671875,7414.1044921875,1281.8956298828125,8361.3447265625,2602.347412109375,12694.7568359375
2021-05-28,368.0665588378906,872.3054809570312,3490.3583984375,5432.3671875,2231.37255859375,7279.70947265625,1299.95068359375,8493.3662109375,2517.655517578125,12797.37109375
2021-05-31,374.3582763671875,867.5126342773438,3558.132568359375,5462.35693359375,2308.31640625,7346.9072265625,1308.9781494140625,8537.373046875,2648.543212890625,13222.4833984375
2021-06-02,396.3793640136719,872.3054809570312,3608.962890625,5539.47216796875,2346.78857421875,7369.3056640625,1304.4642333984375,9175.474609375,2656.2421875,13940.77734375
2021-06-03,393.23358154296875,872.3054809570312,3625.906005859375,5655.146484375,2404.49658203125,7794.88916015625,1354.115234375,9285.4921875,2687.0390625,13867.484375
2021-06-04,386.9417419433594,872.3054809570312,3541.189453125,5638.0087890625,2356.406494140625,7570.8984375,1340.5740966796875,9131.4677734375,2694.738525390625,13794.1875
2021-06-07,379.0770568847656,872.3054809570312,3558.132568359375,5595.16650390625,2356.406494140625,7481.3017578125,1349.6014404296875,9153.4716796875,2733.234619140625,13471.6865234375
2021-06-08,380.64996337890625,929.820068359375,3575.0751953125,5509.48291015625,2308.31640625,7324.50830078125,1333.9620361328125,8955.4404296875,2694.738525390625,13735.548828125
2021-06-09,382.2229919433594,1068.8138427734375,3608.962890625,5595.16650390625,2366.024658203125,7302.10888671875,1324.76220703125,9153.4716796875,2741.65380859375,13706.234375
2021-06-10,380.64996337890625,1179.05029296875,3659.793212890625,5672.2822265625,2385.26025390625,7302.10888671875,1324.76220703125,9087.4609375,2814.441162109375,13251.8017578125
2021-06-11,413.681640625,1164.671630859375,3575.0751953125,5543.75634765625,2414.114501953125,7324.50830078125,1333.9620361328125,9087.4609375,2806.353759765625,13471.6865234375
2021-06-14,416.8274841308594,1111.9498291015625,3507.3017578125,5492.34619140625,2414.114501953125,7302.10888671875,1320.1622314453125,8955.4404296875,2757.828857421875,13193.1640625
2021-06-15,412.1086730957031,1116.7427978515625,3490.3583984375,5543.75634765625,2433.350341796875,7302.10888671875,1333.9620361328125,8977.4423828125,2782.09130859375,12929.3017578125
2021-06-16,438.8485412597656,1179.05029296875,3490.3583984375,5470.9248046875,2414.114501953125,7324.50830078125,1310.9625244140625,8977.4423828125,2757.828857421875,13281.119140625
2021-06-17,426.2651672363281,1188.6361083984375,3456.471435546875,5423.7978515625,2385.26025390625,7279.70947265625,1292.5631103515625,8713.400390625,2709.303955078125,12899.9853515625
2021-06-18,412.1086730957031,1193.428955078125,3388.69775390625,5419.5146484375,2385.26025390625,6943.72314453125,1251.1641845703125,8713.400390625,2709.303955078125,13354.4140625
2021-06-21,404.2440185546875,1155.0859375,3334.478271484375,5355.25146484375,2317.934814453125,7100.51708984375,1361.5611572265625,8801.4150390625,2668.866455078125,12665.4365234375
2021-06-22,405.8170166015625,1198.2218017578125,3334.478271484375,5432.3671875,2375.642578125,7212.51318359375,1306.3626708984375,8537.373046875,2668.866455078125,12680.0986328125
2021-06-23,396.3793640136719,1231.7720947265625,3341.255615234375,5338.1142578125,2317.934814453125,7145.31494140625,1251.1641845703125,8537.373046875,2725.478759765625,12372.2568359375
2021-06-24,391.6605529785156,1212.600341796875,3348.033203125,5320.97802734375,2298.69873046875,7190.11328125,1260.364013671875,8559.3759765625,2628.42919921875,12489.5302734375
2021-06-25,404.2440185546875,1226.97900390625,3334.478271484375,5303.8408203125,2269.8447265625,7190.11328125,1246.5643310546875,8559.3759765625,2628.42919921875,12518.8486328125
2021-06-28,388.5146789550781,1188.6361083984375,3192.152587890625,5188.16796875,2192.900634765625,7145.31494140625,1264.9639892578125,8207.3193359375,2563.7294921875,11961.8017578125
2021-06-29,382.2229919433594,1193.428955078125,3280.259033203125,5179.59912109375,2221.754638671875,7391.70556640625,1264.9639892578125,8427.3544921875,2555.64208984375,11873.8486328125
2021-06-30,379.0770568847656,1198.2218017578125,3348.033203125,5162.46240234375,2269.8447265625,7302.10888671875,1287.963134765625,8361.3447265625,2547.554443359375,11873.8486328125
2021-07-01,379.0770568847656,1193.428955078125,3405.640869140625,5162.46240234375,2298.69873046875,7615.6962890625,1287.963134765625,8273.3291015625,2515.20458984375,11917.8251953125
2021-07-02,396.3793640136719,1193.428955078125,3388.69775390625,5226.72509765625,2289.08056640625,7548.4990234375,1287.963134765625,8185.31591796875,2482.854736328125,11961.8017578125
2021-07-05,388.5146789550781,1198.2218017578125,3348.033203125,5235.29443359375,2250.608642578125,7369.3056640625,1278.763427734375,8097.3017578125,2458.59228515625,11859.1904296875
2021-07-06,405.8170166015625,1289.28662109375,3320.92333984375,5188.16796875,2221.754638671875,7526.099609375,1260.364013671875,8185.31591796875,2434.329833984375,12167.03125
2021-07-07,393.23358154296875,1284.493896484375,3320.92333984375,5196.736328125,2212.13671875,7570.8984375,1246.5643310546875,7877.265625,2450.5048828125,11947.146484375
2021-07-08,383.7958679199219,1279.700927734375,3307.3681640625,5153.89404296875,2269.8447265625,7593.29736328125,1218.9652099609375,7789.251953125,2434.329833984375,11756.5771484375
2021-07-09,393.23358154296875,1298.8724365234375,3327.700439453125,5158.177734375,2221.754638671875,7660.4951171875,1214.365234375,7833.2587890625,2555.64208984375,11434.076171875
2021-07-12,388.5146789550781,1308.4581298828125,3334.478271484375,5286.7041015625,2231.37255859375,7906.8837890625,1228.1649169921875,7745.24462890625,2531.379638671875,11419.4169921875
2021-07-13,386.9417419433594,1260.5294189453125,3320.92333984375,5179.59912109375,2221.754638671875,8018.880859375,1223.5650634765625,7569.216796875,2482.854736328125,11155.5537109375
2021-07-14,383.7958679199219,1241.35791015625,3205.70751953125,5132.47314453125,2192.900634765625,7794.88916015625,1255.76416015625,7503.2060546875,2474.767333984375,10906.349609375
2021-07-15,385.36883544921875,1250.943603515625,3259.927001953125,5239.578125,2260.226806640625,7772.490234375,1255.76416015625,7459.19921875,2531.379638671875,11272.826171875
2021-07-16,390.087646484375,1236.56494140625,3307.3681640625,5235.29443359375,2260.226806640625,7682.8935546875,1278.763427734375,7789.251953125,2563.7294921875,11316.802734375
2021-07-19,393.23358154296875,1203.0146484375,3239.5947265625,5145.326171875,2212.13671875,7615.6962890625,1278.763427734375,7569.216796875,2604.166748046875,11199.53125
2021-07-21,390.087646484375,1179.05029296875,3300.59130859375,5149.6103515625,2279.462158203125,7615.6962890625,1241.96435546875,7789.251953125,2596.0791015625,11170.212890625
2021-07-22,419.9733581542969,1203.0146484375,3375.142822265625,5273.85205078125,2327.55224609375,7906.8837890625,1246.5643310546875,7811.2548828125,2636.5166015625,11800.5537109375
2021-07-23,410.5357360839844,1188.6361083984375,3354.810302734375,5171.03125,2298.69873046875,7750.09033203125,1237.36474609375,7657.23046875,2563.7294921875,11580.6669921875
2021-07-26,402.671142578125,1203.0146484375,3232.817138671875,5145.326171875,2231.37255859375,7817.2880859375,1237.36474609375,7525.2099609375,2579.904541015625,11844.53125
2021-07-27,401.0981750488281,1203.0146484375,3226.03955078125,5145.326171875,2240.99072265625,7615.6962890625,1232.7647705078125,7371.1845703125,2644.60400390625,11727.2568359375
2021-07-28,399.5252380371094,1327.6297607421875,3192.152587890625,5123.90478515625,2269.8447265625,7615.6962890625,1209.7655029296875,7217.15966796875,2579.904541015625,11595.326171875
2021-07-29,416.8274841308594,1322.8369140625,3151.488525390625,5175.3154296875,2212.13671875,7481.3017578125,1191.365966796875,7063.13525390625,2612.254150390625,11580.6669921875
2021-07-30,419.9733581542969,1294.07958984375,3198.9306640625,5115.33642578125,2192.900634765625,7279.70947265625,1159.166748046875,6777.0888671875,2620.341552734375,11463.39453125
2021-08-02,430.98394775390625,1365.9727783203125,3266.70458984375,5106.76806640625,2183.28271484375,7279.70947265625,1200.565673828125,6865.10302734375,2676.9541015625,11316.802734375
2021-08-03,424.69219970703125,1327.6297607421875,3348.033203125,5265.28369140625,2221.754638671875,7369.3056640625,1209.7655029296875,7305.17431640625,2693.12890625,11228.8486328125
2021-08-04,427.83807373046875,1318.0439453125,3320.92333984375,5243.8623046875,2240.99072265625,7324.50830078125,1200.565673828125,7437.1953125,2725.478759765625,11096.91796875
2021-08-05,408.96282958984375,1294.07958984375,3314.146240234375,5398.09375,2327.55224609375,7302.10888671875,1191.365966796875,7393.1884765625,2701.21630859375,11082.2587890625
2021-08-06,405.8170166015625,1308.4581298828125,3348.033203125,5278.13623046875,2298.69873046875,7414.1044921875,1168.3665771484375,7437.1953125,2685.04150390625,11082.2587890625
2021-08-09,408.96282958984375,1380.3515625,3293.81396484375,5312.41015625,2231.37255859375,7302.10888671875,1140.7674560546875,7349.18115234375,2628.42919921875,10964.984375
2021-08-10,421.5462951660156,1380.3515625,3327.700439453125,5398.09375,2231.37255859375,7212.51318359375,1200.565673828125,7459.19921875,2612.254150390625,11140.8935546875
2021-08-12,443.5673828125,1342.0084228515625,3348.033203125,5398.09375,2279.462158203125,7234.912109375,1186.7659912109375,7723.2412109375,2709.303955078125,12137.7109375
2021-08-13,435.70269775390625,1346.8013916015625,3405.640869140625,5492.34619140625,2308.31640625,7346.9072265625,1195.9658203125,7811.2548828125,2668.866455078125,12108.39453125
2021-08-16,429.4110412597656,1346.8013916015625,3439.527587890625,5500.91552734375,2298.69873046875,7391.70556640625,1195.9658203125,7965.27978515625,2701.21630859375,11829.87109375
2021-08-18,421.5462951660156,1255.7364501953125,3541.189453125,5655.146484375,2327.55224609375,7481.3017578125,1205.16552734375,8295.3330078125,2765.916259765625,11566.0078125
2021-08-19,407.3899230957031,1179.05029296875,3490.3583984375,5655.146484375,2250.608642578125,7302.10888671875,1149.9671630859375,8009.287109375,2741.65380859375,11316.802734375
2021-08-20,397.9522399902344,1236.56494140625,3456.471435546875,5655.146484375,2269.8447265625,7302.10888671875,1191.365966796875,8251.3271484375,2749.7412109375,11140.8935546875
2021-08-23,413.681640625,1150.29296875,3456.471435546875,5646.5771484375,2298.69873046875,7369.3056640625,1195.9658203125,8405.3515625,2782.09130859375,11155.5537109375
2021-08-24,396.3793640136719,1241.35791015625,3439.527587890625,5655.146484375,2240.99072265625,7346.9072265625,1191.365966796875,8251.3271484375,2749.7412109375,11038.2802734375
2021-08-25,394.8064880371094,1217.393310546875,3490.3583984375,5655.146484375,2289.08056640625,7369.3056640625,1232.7647705078125,8295.3330078125,2725.478759765625,11214.1904296875
2021-08-26,402.671142578125,1226.97900390625,3456.471435546875,5620.8720703125,2240.99072265625,7369.3056640625,1237.36474609375,7723.2412109375,2717.391357421875,11302.1435546875
2021-08-27,391.6605529785156,1236.56494140625,3422.58447265625,5578.0302734375,2231.37255859375,7436.50341796875,1255.76416015625,7789.251953125,2685.04150390625,11419.4169921875
2021-08-30,408.96282958984375,1274.907958984375,3575.0751953125,5625.15576171875,2289.08056640625,7705.29248046875,1283.36328125,8031.2900390625,2749.7412109375,11727.2568359375
2021-08-31,396.3793640136719,1294.07958984375,3541.189453125,5612.3037109375,2346.78857421875,7548.4990234375,1237.36474609375,8141.30859375,2749.7412109375,11771.234375
2021-09-01,415.254638671875,1246.1507568359375,3507.3017578125,5625.15576171875,2308.31640625,7526.099609375,1255.76416015625,7943.27685546875,2701.21630859375,11756.5771484375
2021-09-02,415.254638671875,1250.943603515625,3558.132568359375,5603.7353515625,2327.55224609375,7570.8984375,1274.16357421875,8053.29443359375,2725.478759765625,11917.8251953125
2021-09-03,426.2651672363281,1294.07958984375,3625.906005859375,5655.146484375,2356.406494140625,7593.29736328125,1324.76220703125,8097.3017578125,2741.65380859375,12533.5078125
2021-09-06,429.4110412597656,1289.28662109375,3676.736083984375,5633.724609375,2385.26025390625,7638.09521484375,1361.5611572265625,8097.3017578125,2741.65380859375,12753.392578125
2021-09-07,423.1192321777344,1294.07958984375,3625.906005859375,5629.44091796875,2404.49658203125,7743.796875,1343.1617431640625,7855.26220703125,2733.56640625,12636.12109375
2021-09-08,418.4004211425781,1294.07958984375,3558.132568359375,5518.0517578125,2404.49658203125,7743.796875,1343.1617431640625,7525.2099609375,2693.12890625,12254.984375
2021-09-09,429.4110412597656,1303.665283203125,3693.68017578125,5629.44091796875,2442.96826171875,7835.71142578125,1370.760986328125,7701.23828125,2741.65380859375,12782.7109375
2021-09-10,424.69219970703125,1308.4581298828125,3676.736083984375,5586.59912109375,2385.26025390625,7812.73291015625,1352.3614501953125,7833.2587890625,2693.12890625,12445.552734375
2021-09-13,421.5462951660156,1322.8369140625,3693.68017578125,5616.587890625,2366.024658203125,7743.796875,1352.3614501953125,7833.2587890625,2709.303955078125,12240.3251953125
2021-09-14,435.70269775390625,1322.8369140625,3744.51025390625,5608.01953125,2346.78857421875,7766.77587890625,1361.5611572265625,7833.2587890625,2782.09130859375,12548.1640625
2021-09-15,437.27569580078125,1327.6297607421875,3659.793212890625,5565.177734375,2356.406494140625,7697.83984375,1370.760986328125,7833.2587890625,2790.1787109375,12694.7568359375
2021-09-16,437.27569580078125,1318.0439453125,3642.85009765625,5569.46142578125,2366.024658203125,7559.9677734375,1324.76220703125,7679.23486328125,2782.09130859375,12694.7568359375
2021-09-17,419.9733581542969,1375.5587158203125,3676.736083984375,5586.59912109375,2327.55224609375,7491.03173828125,1333.9620361328125,7635.2275390625,2854.878662109375,12020.4404296875
2021-09-20,415.254638671875,1313.2509765625,3592.01904296875,5642.29296875,2317.934814453125,7468.05322265625,1315.5625,7481.20263671875,2846.791015625,12064.41796875
2021-09-21,423.1192321777344,1327.6297607421875,3541.189453125,5560.89306640625,2298.69873046875,7628.90380859375,1292.5631103515625,7415.19189453125,2854.878662109375,12079.0751953125
2021-09-22,440.4215393066406,1327.6297607421875,3575.0751953125,5616.587890625,2337.17041015625,7536.9892578125,1306.3626708984375,7525.2099609375,2903.403076171875,12240.3251953125
2021-09-23,445.1403503417969,1322.8369140625,3490.3583984375,5638.0087890625,2337.17041015625,7582.94677734375,1283.36328125,7481.20263671875,2879.14111328125,12357.599609375
2021-09-24,471.8802185058594,1274.907958984375,3490.3583984375,5642.29296875,2298.69873046875,7628.90380859375,1287.963134765625,7305.17431640625,2879.14111328125,12943.9619140625
2021-09-27,475.0260009765625,1337.2156982421875,3507.3017578125,5638.0087890625,2269.8447265625,7674.86083984375,1287.963134765625,7217.15966796875,2846.791015625,13413.052734375
2021-09-28,547.3810424804688,1337.2156982421875,3439.527587890625,5586.59912109375,2289.08056640625,7559.9677734375,1269.5635986328125,6909.11083984375,2854.878662109375,14072.708984375
2021-09-29,541.0892333984375,1346.8013916015625,3608.962890625,5638.0087890625,2308.31640625,7559.9677734375,1297.162841796875,7459.19921875,2854.878662109375,14952.2548828125
2021-09-30,553.6727905273438,1322.8369140625,3727.566650390625,5997.8818359375,2366.024658203125,7674.86083984375,1315.5625,7217.15966796875,2984.278076171875,15245.4365234375
2021-10-01,559.9644775390625,1284.493896484375,3693.68017578125,5792.23974609375,2346.78857421875,7651.8828125,1287.963134765625,7129.1455078125,2960.015625,15245.4365234375
2021-10-04,585.1314086914062,1274.907958984375,3778.39697265625,5963.60791015625,2491.058349609375,7950.60400390625,1269.5635986328125,7283.17041015625,2968.10302734375,15890.435546875
2021-10-05,575.6937866210938,1270.1151123046875,3761.453857421875,5950.755859375,2471.822265625,8111.4541015625,1260.364013671875,7019.1279296875,2968.10302734375,15304.0712890625
2021-10-06,586.7044677734375,1250.943603515625,4049.49267578125,6152.11328125,2539.14794921875,8134.43408203125,1260.364013671875,7019.1279296875,3040.890380859375,15553.2744140625
2021-10-07,545.80810546875,1241.35791015625,3863.115234375,6134.97607421875,2577.6201171875,8134.43408203125,1260.364013671875,7107.142578125,3008.54052734375,15381.0546875
2021-10-08,570.9749755859375,1236.56494140625,4030.482666015625,6246.36474609375,2654.56396484375,8180.390625,1269.5635986328125,7107.142578125,3073.240234375,15514.673828125
2021-10-11,602.4336547851562,1222.186279296875,3945.09130859375,6216.37548828125,2654.56396484375,8134.43408203125,1251.1641845703125,6931.11376953125,3081.327880859375,15648.2919921875
2021-10-12,592.99609375,1207.8076171875,4013.404296875,6272.0712890625,2693.0361328125,8157.41259765625,1260.364013671875,6975.12109375,3057.0654296875,15603.7529296875
2021-10-13,585.1314086914062,1126.3284912109375,4286.6572265625,6447.72265625,2731.5078125,8226.3486328125,1274.16357421875,7305.17431640625,3048.977783203125,15574.060546875
2021-10-14,583.5584716796875,1193.428955078125,4252.50048828125,6640.51220703125,2760.36181640625,8571.02734375,1320.1622314453125,7855.26220703125,3097.502685546875,15262.283203125
2021-10-15,585.1314086914062,1212.600341796875,4269.5791015625,6554.828125,2750.743896484375,8525.0712890625,1329.362060546875,7723.2412109375,3081.327880859375,15143.5107421875
2021-10-18,589.8502197265625,1183.843017578125,4252.50048828125,6447.72265625,2760.36181640625,8548.0478515625,1324.76220703125,7833.2587890625,3065.15283203125,15618.599609375
2021-10-19,583.5584716796875,1169.464599609375,4337.892578125,6426.302734375,2769.97998046875,8548.0478515625,1333.9620361328125,7723.2412109375,3024.71533203125,15232.58984375
2021-10-21,552.0999145507812,1236.56494140625,4201.26513671875,6340.6181640625,2760.36181640625,8479.1123046875,1370.760986328125,7745.24462890625,3113.677734375,14668.41796875
2021-10-22,545.80810546875,1193.428955078125,4218.34423828125,6447.72265625,2769.97998046875,8364.220703125,1338.5618896484375,7789.251953125,3129.8525390625,14074.5556640625
2021-10-25,548.9539794921875,1193.428955078125,4132.95166015625,6447.72265625,2741.125732421875,8364.220703125,1347.761474609375,7547.21337890625,3057.0654296875,14252.71484375
2021-10-26,555.2456665039062,1207.8076171875,4201.26513671875,6447.72265625,2760.36181640625,8364.220703125,1416.7596435546875,7371.1845703125,3073.240234375,14549.6455078125
2021-10-27,544.2351684570312,1188.6361083984375,4098.79541015625,6383.46044921875,2750.743896484375,8134.43408203125,1471.9580078125,7613.22412109375,3065.15283203125,14549.6455078125
2021-10-28,512.7764282226562,1135.914306640625,4098.79541015625,6319.197265625,2702.654052734375,8088.47705078125,1462.75830078125,7767.248046875,3032.802978515625,13658.8515625
2021-10-29,528.505859375,1145.5001220703125,4115.87451171875,6404.8818359375,2760.36181640625,8088.47705078125,1471.9580078125,8009.287109375,3073.240234375,13985.4755859375
2021-11-01,530.0787353515625,1155.0859375,4115.87451171875,6340.6181640625,2760.36181640625,8088.47705078125,1462.75830078125,8119.3046875,2992.36572265625,14015.1689453125
2021-11-02,517.4952392578125,1107.1568603515625,4030.482666015625,6254.93408203125,2702.654052734375,8134.43408203125,1490.3575439453125,7899.26953125,2960.015625,13658.8515625
2021-11-03,526.932861328125,1126.3284912109375,4081.717529296875,6297.77490234375,2741.125732421875,8065.498046875,1504.1571044921875,8339.3408203125,3008.54052734375,13257.9931640625
2021-11-04,526.932861328125,1150.29296875,4081.717529296875,6319.197265625,2760.36181640625,8088.47705078125,1499.5572509765625,8713.400390625,3048.977783203125,13302.5341796875
2021-11-05,517.4952392578125,1145.5001220703125,4047.56103515625,6383.46044921875,2731.5078125,8088.47705078125,1499.5572509765625,8713.400390625,3048.977783203125,13302.5341796875
2021-11-08,533.2247314453125,1150.29296875,4047.56103515625,6490.564453125,2693.0361328125,8180.390625,1490.3575439453125,8427.3544921875,3032.802978515625,13747.9326171875
2021-11-09,536.3704833984375,1140.7071533203125,3996.325927734375,6576.2490234375,2644.94580078125,8203.369140625,1490.3575439453125,8493.3662109375,3000.452880859375,13688.544921875
2021-11-10,531.6516723632812,1145.5001220703125,4218.34423828125,6554.828125,2750.743896484375,8180.390625,1494.957275390625,8427.3544921875,2992.36572265625,13391.61328125
2021-11-11,530.0787353515625,1155.0859375,4218.34423828125,6576.2490234375,2779.597900390625,8134.43408203125,1462.75830078125,8295.3330078125,2951.927978515625,13287.6865234375
2021-11-12,530.0787353515625,1150.29296875,4201.26513671875,6447.72265625,2731.5078125,8226.3486328125,1481.1575927734375,8295.3330078125,2911.49072265625,13540.080078125
2021-11-15,506.4847717285156,1150.29296875,4184.18701171875,6426.302734375,2712.27197265625,8203.369140625,1467.3580322265625,8097.3017578125,2911.49072265625,13228.30078125
2021-11-16,508.05767822265625,1140.7071533203125,4218.34423828125,6404.8818359375,2779.597900390625,8111.4541015625,1490.3575439453125,8075.29833984375,2968.10302734375,13317.3818359375
2021-11-17,515.92236328125,1131.121337890625,4269.5791015625,6512.3447265625,2779.597900390625,8134.43408203125,1485.757568359375,7965.27978515625,2935.753173828125,13644.0048828125
2021-11-18,511.20361328125,1150.29296875,4235.42236328125,6361.8955078125,2760.36181640625,8341.2412109375,1485.757568359375,7899.26953125,2935.753173828125,13525.232421875
2021-11-19,517.4952392578125,1212.600341796875,4252.50048828125,6383.3876953125,2789.2158203125,8295.283203125,1467.3580322265625,7877.265625,3154.114990234375,13465.845703125
2021-11-22,515.92236328125,1250.943603515625,4235.42236328125,6426.375,2827.6875,8341.2412109375,1471.9580078125,7855.26220703125,3073.240234375,13658.8515625
2021-11-23,536.3704833984375,1198.2218017578125,4269.5791015625,6426.375,2750.743896484375,8226.3486328125,1481.1575927734375,7525.2099609375,3073.240234375,13451.0009765625
2021-11-24,533.2247314453125,1217.393310546875,4252.50048828125,6426.375,2750.743896484375,8272.3056640625,1481.1575927734375,7547.21337890625,3073.240234375,13332.2255859375
2021-11-25,548.9539794921875,1174.25732421875,4252.50048828125,6383.3876953125,2827.6875,8226.3486328125,1490.3575439453125,7503.2060546875,3234.98974609375,13569.7724609375
2021-11-26,520.64111328125,1116.7427978515625,4030.482666015625,6254.43115234375,2731.5078125,8157.41259765625,1462.75830078125,7283.17041015625,3243.0771484375,12946.216796875
2021-11-29,531.6516723632812,1155.0859375,4081.717529296875,6361.8955078125,2760.36181640625,8157.41259765625,1476.557861328125,7217.15966796875,3348.214599609375,12961.0625
2021-11-30,534.7975463867188,1131.121337890625,3945.09130859375,6254.43115234375,2693.0361328125,7766.77587890625,1471.9580078125,7041.1318359375,3226.902099609375,12678.9775390625
2021-12-01,552.0999145507812,1145.5001220703125,3859.698486328125,6275.923828125,2721.889892578125,8203.369140625,1462.75830078125,7129.1455078125,3299.689453125,13079.8349609375
2021-12-02,569.402099609375,1135.914306640625,3996.325927734375,6447.8671875,2769.97998046875,8134.43408203125,1485.757568359375,7107.142578125,3364.389404296875,13792.470703125
2021-12-03,570.9749755859375,1121.5355224609375,3928.012451171875,6340.40234375,2750.743896484375,7996.5615234375,1481.1575927734375,6953.1181640625,3291.60205078125,13480.6923828125
2021-12-06,600.8607177734375,1121.5355224609375,3859.698486328125,6318.90869140625,2760.36181640625,8042.51904296875,1453.5584716796875,7151.14892578125,3372.476806640625,13332.2255859375
2021-12-07,599.287841796875,1121.5355224609375,4047.56103515625,6318.90869140625,2808.451904296875,8042.51904296875,1485.757568359375,7107.142578125,3356.3017578125,13658.8515625
2021-12-08,605.57958984375,1121.5355224609375,3962.16943359375,6383.3876953125,2750.743896484375,8065.498046875,1467.3580322265625,7063.13525390625,3307.777099609375,13272.841796875
2021-12-09,608.7254638671875,1131.121337890625,4098.79541015625,6318.90869140625,2827.6875,8226.3486328125,1481.1575927734375,7063.13525390625,3356.3017578125,13257.9931640625
2021-12-10,604.0067138671875,1116.7427978515625,4047.56103515625,6340.40234375,2769.97998046875,8134.43408203125,1481.1575927734375,6931.11376953125,3356.3017578125,13658.8515625
2021-12-13,604.0067138671875,1126.3284912109375,4030.482666015625,6275.923828125,2741.125732421875,8042.51904296875,1476.557861328125,6953.1181640625,3299.689453125,13079.8349609375
2021-12-14,604.0067138671875,1116.7427978515625,4013.404296875,6275.923828125,2760.36181640625,7996.5615234375,1481.1575927734375,6821.09619140625,3315.864501953125,13064.990234375
2021-12-15,635.46533203125,1116.7427978515625,4098.79541015625,6275.923828125,2798.833740234375,8088.47705078125,1485.757568359375,6777.0888671875,3299.689453125,12886.830078125
2021-12-16,641.757080078125,1102.3641357421875,3962.16943359375,6254.43115234375,2789.2158203125,8042.51904296875,1494.957275390625,6667.07177734375,3315.864501953125,12961.0625
2021-12-17,644.90283203125,1102.3641357421875,3962.16943359375,6447.8671875,2750.743896484375,8088.47705078125,1481.1575927734375,6535.05029296875,3315.864501953125,12901.6767578125
2021-12-20,644.90283203125,1116.7427978515625,3876.777587890625,6340.40234375,2721.889892578125,8111.4541015625,1485.757568359375,6447.03564453125,3299.689453125,12649.28515625
2021-12-21,666.9240112304688,1145.5001220703125,3859.698486328125,6340.40234375,2750.743896484375,8042.51904296875,1476.557861328125,6535.05029296875,3364.389404296875,13079.8349609375
2021-12-22,676.3616333007812,1164.671630859375,3842.62109375,6297.41650390625,2712.27197265625,7973.5830078125,1444.3587646484375,6381.025390625,3323.951904296875,12946.216796875
2021-12-23,676.3616333007812,1155.0859375,3910.93408203125,6275.923828125,2721.889892578125,8065.498046875,1462.75830078125,6425.0322265625,3364.389404296875,13198.6083984375
2021-12-24,698.3826904296875,1159.878662109375,3876.777587890625,6275.923828125,2712.27197265625,8019.54052734375,1448.958740234375,6403.029296875,3323.951904296875,13154.0693359375
2021-12-27,685.79931640625,1159.878662109375,3876.777587890625,6318.90869140625,2693.0361328125,7950.60400390625,1481.1575927734375,6513.046875,3299.689453125,13079.8349609375
2021-12-28,723.5496826171875,1169.464599609375,3910.93408203125,6318.90869140625,2712.27197265625,7996.5615234375,1476.557861328125,6469.03955078125,3307.777099609375,13629.158203125
2021-12-29,726.695556640625,1188.6361083984375,3928.012451171875,6275.923828125,2731.5078125,7973.5830078125,1485.757568359375,6359.02197265625,3299.689453125,13540.080078125
2021-12-30,760.5518188476562,1164.671630859375,3893.856689453125,6275.923828125,2702.654052734375,7996.5615234375,1485.757568359375,6381.025390625,3267.339599609375,13154.0693359375
2022-01-03,801.1146850585938,1179.05029296875,3910.93408203125,6297.41650390625,2712.27197265625,7927.62646484375,1490.3575439453125,6403.029296875,3380.564208984375,12961.0625
2022-01-04,777.453125,1145.5001220703125,3945.09130859375,6361.8955078125,2760.36181640625,8065.498046875,1490.3575439453125,6491.04296875,3372.476806640625,13020.44921875
2022-01-05,757.1717529296875,1150.29296875,3808.46484375,6404.880859375,2702.654052734375,8111.4541015625,1494.957275390625,6359.02197265625,3275.427001953125,13035.294921875
2022-01-06,777.453125,1107.1568603515625,3876.777587890625,6426.375,2702.654052734375,8134.43408203125,1490.3575439453125,6315.01513671875,3332.039306640625,12901.6767578125
2022-01-07,821.3960571289062,1107.1568603515625,3893.856689453125,6576.82373046875,2712.27197265625,8157.41259765625,1522.5565185546875,6293.01123046875,3372.476806640625,13168.9150390625
2022-01-10,811.2554321289062,1083.1925048828125,3859.698486328125,6533.83837890625,2712.27197265625,8134.43408203125,1559.35546875,6249.00439453125,3315.864501953125,12946.216796875
2022-01-11,790.9739379882812,1049.642333984375,3893.856689453125,6619.81005859375,2712.27197265625,7996.5615234375,1540.9559326171875,6116.9833984375,3307.777099609375,12916.5224609375
2022-01-12,780.8334350585938,1049.642333984375,3910.93408203125,6619.81005859375,2750.743896484375,8042.51904296875,1563.955322265625,6138.98681640625,3323.951904296875,13124.375
2022-01-13,770.6925048828125,1049.642333984375,3945.09130859375,6619.81005859375,2741.125732421875,8065.498046875,1563.955322265625,6227.00048828125,3380.564208984375,13465.845703125
2022-01-14,767.3123168945312,1044.849365234375,3910.93408203125,6748.767578125,2760.36181640625,8042.51904296875,1559.35546875,6160.99072265625,3388.65185546875,13970.62890625
2022-01-17,763.93212890625,1049.642333984375,3876.777587890625,6662.7958984375,2769.97998046875,8065.498046875,1568.55517578125,6006.9658203125,3380.564208984375,13955.7841796875
2022-01-18,750.4112548828125,1049.642333984375,3859.698486328125,6598.3173828125,2789.2158203125,8065.498046875,1577.7548828125,5918.951171875,3437.1767578125,14044.86328125
2022-01-19,753.79150390625,1073.6068115234375,3825.542236328125,6598.3173828125,2702.654052734375,8042.51904296875,1563.955322265625,5874.9443359375,3437.1767578125,13807.3173828125
2022-01-20,780.8334350585938,1054.4351806640625,3774.3076171875,6684.2880859375,2760.36181640625,7835.71142578125,1563.955322265625,5830.9375,3412.914306640625,13569.7724609375
2022-01-21,780.8334350585938,1049.642333984375,3825.542236328125,6834.73876953125,2808.451904296875,7973.5830078125,1568.55517578125,6094.97998046875,3501.87646484375,13955.7841796875
2022-01-24,767.3123168945312,1011.2992553710938,3774.3076171875,6705.78076171875,2798.833740234375,7904.6474609375,1563.955322265625,6138.98681640625,3477.614013671875,13896.3955078125
2022-01-25,747.0309448242188,977.7490234375,3723.072509765625,6684.2880859375,2779.597900390625,8042.51904296875,1563.955322265625,5984.9619140625,3469.5263671875,13747.9326171875
2022-01-26,747.0309448242188,1107.1568603515625,3723.072509765625,6619.81005859375,2875.777587890625,8042.51904296875,1563.955322265625,6050.97314453125,3550.4013671875,13525.232421875
2022-01-27,780.8334350585938,1164.671630859375,3740.1513671875,6705.78076171875,2904.631591796875,7996.5615234375,1554.755615234375,5940.95458984375,3453.351806640625,13807.3173828125
2022-01-28,770.6925048828125,1155.0859375,3740.1513671875,6684.2880859375,2943.103515625,7973.5830078125,1536.3560791015625,6006.9658203125,3445.26416015625,13807.3173828125
2022-01-31,757.1717529296875,1116.7427978515625,3740.1513671875,6555.33056640625,2875.777587890625,8019.54052734375,1508.7568359375,5918.951171875,3388.65185546875,13733.083984375
2022-02-02,747.0309448242188,1212.600341796875,3757.22900390625,6705.78076171875,2875.777587890625,7973.5830078125,1554.755615234375,6050.97314453125,3372.476806640625,13614.3134765625
2022-02-03,750.4112548828125,1198.2218017578125,3757.22900390625,6641.302734375,2875.777587890625,7812.73291015625,1527.156494140625,6072.97607421875,3396.739501953125,13554.9267578125
2022-02-04,736.8902587890625,1179.05029296875,3757.22900390625,6641.302734375,2875.777587890625,7927.62646484375,1554.755615234375,6182.994140625,3421.001708984375,13361.919921875
2022-02-07,743.6506958007812,1193.428955078125,3740.1513671875,6705.78076171875,2885.3955078125,7950.60400390625,1550.1556396484375,6359.02197265625,3469.5263671875,13421.306640625
2022-02-08,743.6506958007812,1174.25732421875,3791.3857421875,6641.302734375,2933.485595703125,7927.62646484375,1508.7568359375,6293.01123046875,3421.001708984375,13168.9150390625
2022-02-09,747.0309448242188,1217.393310546875,3791.3857421875,6834.73876953125,2952.7216796875,7973.5830078125,1517.9566650390625,6447.03564453125,3461.439208984375,13465.845703125
2022-02-10,730.1299438476562,1222.186279296875,3723.072509765625,6662.7958984375,2971.95751953125,7927.62646484375,1508.7568359375,6403.029296875,3607.013427734375,13540.080078125
2022-02-11,733.5099487304688,1183.843017578125,3723.072509765625,6727.27392578125,2971.95751953125,7950.60400390625,1504.1571044921875,6491.04296875,3598.926025390625,13688.544921875
2022-02-14,753.79150390625,1174.25732421875,3620.6025390625,6619.81005859375,3000.8115234375,7858.69091796875,1471.9580078125,6337.01806640625,3558.48828125,13926.0908203125
2022-02-15,774.0728759765625,1164.671630859375,3757.22900390625,6770.25927734375,3039.283203125,7858.69091796875,1508.7568359375,6403.029296875,3566.576171875,14356.6416015625
2022-02-16,757.1717529296875,1140.7071533203125,3740.1513671875,6856.2314453125,3020.047607421875,7812.73291015625,1490.3575439453125,6513.046875,3558.48828125,14133.943359375
2022-02-17,750.4112548828125,1116.7427978515625,3740.1513671875,6791.7529296875,3020.047607421875,7835.71142578125,1471.9580078125,6447.03564453125,3566.576171875,14089.4033203125
2022-02-18,757.1717529296875,1150.29296875,3825.542236328125,6813.24658203125,3020.047607421875,7835.71142578125,1471.9580078125,6469.03955078125,3558.48828125,14208.173828125
2022-02-21,750.4112548828125,1111.9498291015625,3808.46484375,6834.73876953125,3020.047607421875,7812.73291015625,1462.75830078125,6403.029296875,3534.226318359375,13955.7841796875
2022-02-22,753.79150390625,1102.3641357421875,3808.46484375,6791.7529296875,3029.66552734375,7835.71142578125,1490.3575439453125,6381.025390625,3477.614013671875,13940.935546875
2022-02-23,784.2135620117188,1083.1925048828125,3859.698486328125,6920.71044921875,3029.66552734375,7996.5615234375,1517.9566650390625,6337.01806640625,3518.05126953125,14252.71484375
2022-02-24,838.2971801757812,1068.8138427734375,3893.856689453125,6877.724609375,2962.33984375,7835.71142578125,1499.5572509765625,6072.97607421875,3429.089111328125,14965.349609375
2022-02-25,828.1565551757812,1044.849365234375,3962.16943359375,6920.71044921875,2962.33984375,7812.73291015625,1513.356689453125,6337.01806640625,3509.9638671875,14787.1904296875
2022-03-01,872.0994873046875,1044.849365234375,3893.856689453125,6920.71044921875,2943.103515625,7582.94677734375,1453.5584716796875,6249.00439453125,3518.05126953125,14757.5
2022-03-02,882.239990234375,1044.849365234375,3774.3076171875,6856.2314453125,2933.485595703125,7284.224609375,1471.9580078125,5918.951171875,3469.5263671875,15158.35546875
2022-03-04,1027.590087890625,1040.056640625,3842.62109375,6791.7529296875,2943.103515625,7192.3095703125,1508.7568359375,5830.9375,3558.48828125,16078.84375
2022-03-07,1095.194580078125,1097.571044921875,3962.16943359375,6619.81005859375,2904.631591796875,6801.673828125,1476.557861328125,5544.89111328125,3647.45068359375,16242.15625
2022-03-08,1054.6318359375,1025.6778564453125,4269.5791015625,6576.82373046875,2904.631591796875,6985.50244140625,1462.75830078125,5610.90234375,3736.412841796875,15262.283203125
2022-03-09,1041.1109619140625,1011.2992553710938,4303.73583984375,6748.767578125,2933.485595703125,7008.48095703125,1458.1583251953125,5654.9091796875,3590.838623046875,15677.9892578125
2022-03-10,1007.3087158203125,1121.5355224609375,4269.5791015625,6813.24658203125,2952.7216796875,7123.3740234375,1476.557861328125,6116.9833984375,3566.576171875,15410.74609375
2022-03-11,1014.0692749023438,1145.5001220703125,4286.6572265625,6834.73876953125,2943.103515625,6939.54541015625,1485.757568359375,6028.96923828125,3712.15087890625,15856.146484375
2022-03-14,943.0844116210938,1226.97900390625,4354.97021484375,6942.20263671875,2981.575439453125,6916.56689453125,1499.5572509765625,5962.958984375,3704.0634765625,14757.5
2022-03-15,916.04248046875,1241.35791015625,4303.73583984375,7006.6826171875,2991.193359375,6824.65185546875,1490.3575439453125,5830.9375,3736.412841796875,14534.7978515625
2022-03-16,953.2249755859375,1250.943603515625,4372.048828125,7049.66796875,3058.51953125,7008.48095703125,1490.3575439453125,5874.9443359375,3744.50048828125,14846.578125
2022-03-17,926.1832885742188,1289.28662109375,4389.12744140625,6877.724609375,3058.51953125,6962.5234375,1481.1575927734375,5940.95458984375,3623.188720703125,14995.0439453125
2022-03-18,919.4227294921875,1303.665283203125,4372.048828125,6791.7529296875,3048.901611328125,6962.5234375,1499.5572509765625,5852.94140625,3671.71337890625,15098.9697265625
2022-03-21,919.4227294921875,1332.4227294921875,4508.67529296875,6791.7529296875,3083.417724609375,6847.630859375,1517.9566650390625,5786.93017578125,3679.80078125,15054.4306640625
2022-03-22,946.4647216796875,1342.0084228515625,4491.5966796875,6813.24658203125,3093.494384765625,6870.609375,1522.5565185546875,5852.94140625,3679.80078125,15173.203125
2022-03-23,946.4647216796875,1337.2156982421875,4423.2841796875,6791.7529296875,3133.80029296875,6893.587890625,1527.156494140625,5786.93017578125,3679.80078125,15277.126953125
2022-03-24,973.50634765625,1361.179931640625,4491.5966796875,6813.24658203125,3194.259765625,6939.54541015625,1554.755615234375,5786.93017578125,3687.88818359375,15796.7578125
2022-03-25,953.2249755859375,1332.4227294921875,4372.048828125,6834.73876953125,3164.030029296875,6663.8017578125,1536.3560791015625,5720.91943359375,3655.538330078125,15633.447265625
2022-03-28,966.7460327148438,1342.0084228515625,4576.98828125,6895.84130859375,3174.106689453125,6686.7802734375,1499.5572509765625,5962.958984375,3720.238525390625,15796.7578125
2022-03-29,936.3239135742188,1361.179931640625,4474.51904296875,6852.19677734375,3194.259765625,6709.7587890625,1499.5572509765625,5874.9443359375,3687.88818359375,15455.2861328125
2022-03-30,905.9017944335938,1399.5230712890625,4542.8310546875,6874.01806640625,3174.106689453125,6778.6943359375,1527.156494140625,5940.95458984375,3704.0634765625,15366.20703125
2022-03-31,909.281982421875,1457.0377197265625,4491.5966796875,6961.3076171875,3184.182861328125,6755.71630859375,1481.1575927734375,5852.94140625,3704.0634765625,15173.203125
2022-04-01,949.8446044921875,1423.487548828125,4576.98828125,6917.6640625,3174.106689453125,6916.56689453125,1485.757568359375,5962.958984375,3704.0634765625,15395.9013671875
2022-04-04,949.8446044921875,1466.62353515625,4662.3798828125,6895.84130859375,3153.953369140625,6939.54541015625,1550.1556396484375,6028.96923828125,3671.71337890625,15900.685546875
2022-04-05,1014.0692749023438,1509.7593994140625,4713.6142578125,6895.84130859375,3153.953369140625,6962.5234375,1481.1575927734375,6006.9658203125,3655.538330078125,16153.07421875
2022-04-06,1037.730712890625,1634.3746337890625,4781.9287109375,6764.90771484375,3093.494384765625,6801.673828125,1467.3580322265625,5896.9482421875,3582.7509765625,16301.5439453125
2022-04-07,1030.9703369140625,1548.1026611328125,4713.6142578125,6764.90771484375,3103.571044921875,6962.5234375,1453.5584716796875,5808.93408203125,3671.71337890625,16123.3837890625
2022-04-08,1068.15283203125,1624.788818359375,4781.9287109375,6852.19677734375,3103.571044921875,6847.630859375,1453.5584716796875,5874.9443359375,3704.0634765625,16984.486328125
2022-04-11,1061.392333984375,1605.6171875,4679.458984375,6743.0849609375,3093.494384765625,6916.56689453125,1458.1583251953125,5737.28515625,3712.15087890625,16895.40625
2022-04-12,1061.392333984375,1682.303466796875,4747.77197265625,6808.55126953125,3103.571044921875,6801.673828125,1458.1583251953125,5692.10986328125,3744.50048828125,16598.474609375
2022-04-13,1132.377197265625,1629.5816650390625,4764.8505859375,6808.55126953125,3113.647216796875,6732.73681640625,1467.3580322265625,5601.759765625,3793.025634765625,17385.341796875
2022-04-14,1118.8564453125,1648.7532958984375,4696.537109375,6721.26318359375,3093.494384765625,6594.865234375,1458.1583251953125,5443.64501953125,3784.938232421875,17697.125
2022-04-18,1112.095947265625,1634.3746337890625,4781.9287109375,6721.26318359375,3073.34130859375,6525.9296875,1471.9580078125,5556.583984375,3809.200439453125,17815.892578125
2022-04-19,1105.33544921875,1619.995849609375,4713.6142578125,6655.79541015625,3053.188232421875,6594.865234375,1448.958740234375,5466.23291015625,3784.938232421875,17578.349609375
2022-04-20,1091.8145751953125,1667.9246826171875,4713.6142578125,6677.6181640625,3164.030029296875,6732.73681640625,1435.1590576171875,5375.88134765625,3744.50048828125,17367.00390625
2022-04-21,1105.33544921875,1634.3746337890625,4781.9287109375,6917.6640625,3345.407470703125,6824.65185546875,1471.9580078125,5488.8203125,3736.412841796875,17229.169921875
2022-04-22,1085.0540771484375,1639.16748046875,4816.08447265625,6874.01806640625,3335.3310546875,6709.7587890625,1448.958740234375,5421.05712890625,3736.412841796875,17336.376953125
2022-04-25,1085.0540771484375,1624.788818359375,4833.1640625,6983.13037109375,3315.17822265625,6824.65185546875,1476.557861328125,5398.4697265625,3809.200439453125,16922.875
2022-04-26,1068.15283203125,1615.202880859375,4918.5556640625,7092.24169921875,3365.560546875,6962.5234375,1494.957275390625,5782.4609375,3849.637451171875,17612.041015625
2022-04-27,1071.5330810546875,1634.3746337890625,4867.3203125,7157.708984375,3315.17822265625,6985.50244140625,1485.757568359375,5850.224609375,3857.725341796875,17703.9296875
2022-04-28,1128.9969482421875,1639.16748046875,5174.7294921875,7092.24169921875,3607.397216796875,7008.48095703125,1508.7568359375,5782.4609375,3736.412841796875,18546.24609375
2022-05-09,1068.15283203125,1600.8243408203125,4942.6689453125,6633.9736328125,3355.48388671875,6801.673828125,1407.5599365234375,5533.99609375,3485.701416015625,17903.021484375
2022-05-10,1044.4913330078125,1490.587890625,4907.61572265625,6568.5068359375,3264.795166015625,7330.181640625,1485.757568359375,5511.408203125,3509.9638671875,18148.060546875
2022-05-11,1064.7725830078125,1548.1026611328125,4837.50537109375,6677.6181640625,3224.4892578125,7628.90380859375,1504.1571044921875,5850.224609375,3501.87646484375,18515.61328125
2022-05-12,1064.7725830078125,1442.6590576171875,4802.45263671875,6350.28466796875,3174.106689453125,7376.13916015625,1453.5584716796875,5669.52197265625,3477.614013671875,17948.96875
2022-05-13,1085.0540771484375,1509.7593994140625,4995.25146484375,6393.9287109375,3143.876953125,7514.0107421875,1471.9580078125,5692.10986328125,3445.26416015625,18515.61328125
2022-05-17,1138.585205078125,1581.65283203125,4907.61572265625,6459.39599609375,3164.030029296875,7192.3095703125,1494.957275390625,5737.28515625,3380.564208984375,18423.7265625
2022-05-18,1127.977294921875,1634.3746337890625,4977.7236328125,6612.15087890625,3184.182861328125,7445.07470703125,1494.957275390625,5850.224609375,3437.1767578125,18561.55859375
2022-05-19,1099.6895751953125,1629.5816650390625,4907.61572265625,6503.0400390625,3184.182861328125,7330.181640625,1476.557861328125,5624.34716796875,3404.82666015625,18362.466796875
2022-05-20,1170.4090576171875,1701.474853515625,4995.25146484375,6459.39599609375,3224.4892578125,7399.1181640625,1494.957275390625,5737.28515625,3372.476806640625,18316.521484375
2022-05-23,1113.8333740234375,1667.9246826171875,4872.56103515625,6437.5732421875,3174.106689453125,7330.181640625,1499.5572509765625,5872.81201171875,3323.951904296875,18163.373046875
2022-05-24,1131.513427734375,1624.788818359375,5012.7783203125,6415.75,3194.259765625,7491.03173828125,1485.757568359375,6053.51416015625,3356.3017578125,18561.55859375
2022-05-25,1096.1534423828125,1682.303466796875,4977.7236328125,6437.5732421875,3164.030029296875,7582.94677734375,1499.5572509765625,5895.39990234375,3396.739501953125,18484.982421875
2022-05-27,1117.369384765625,1619.995849609375,5065.35986328125,6612.15087890625,3264.795166015625,7927.62646484375,1481.1575927734375,6053.51416015625,3477.614013671875,18622.8203125
2022-05-30,1082.009765625,1619.995849609375,5082.88720703125,6612.15087890625,3305.101318359375,7858.69091796875,1499.5572509765625,6482.6806640625,3437.1767578125,18530.931640625
2022-05-31,1156.2650146484375,1744.6109619140625,5152.99609375,6764.90771484375,3426.019775390625,7881.66845703125,1574.77001953125,6595.619140625,3485.701416015625,19174.15234375
2022-06-02,1177.48095703125,1725.439453125,5135.46875,6612.15087890625,3305.101318359375,7858.69091796875,1508.9588623046875,6482.6806640625,3469.5263671875,19373.24609375
2022-06-03,1244.66455078125,1739.818115234375,5117.94140625,6633.9736328125,3305.101318359375,7881.66845703125,1504.258056640625,6414.91748046875,3485.701416015625,19970.521484375
2022-06-06,1223.4488525390625,1744.6109619140625,5065.35986328125,6503.0400390625,3284.948486328125,7950.60400390625,1541.8643798828125,6505.26806640625,3509.9638671875,19710.169921875
2022-06-07,1290.63232421875,1753.1151123046875,5047.8330078125,6437.5732421875,3345.407470703125,7881.66845703125,1499.55712890625,6460.0927734375,3437.1767578125,20108.35546875
2022-06-08,1283.560302734375,1791.85791015625,5030.3056640625,6633.9736328125,3385.713623046875,7881.66845703125,1527.761962890625,6527.85595703125,3437.147705078125,20246.19140625
2022-06-09,1272.952392578125,1796.7008056640625,5047.8330078125,6546.68505859375,3395.7900390625,7927.62646484375,1537.1636962890625,6324.56689453125,3395.231201171875,19848.00390625
2022-06-10,1212.8409423828125,1738.5863037109375,4855.03369140625,6415.75,3295.02490234375,7812.73291015625,1527.761962890625,6234.2158203125,3370.081298828125,19725.486328125
2022-06-13,1127.977294921875,1714.3721923828125,4925.1416015625,6415.75,3264.795166015625,7904.6474609375,1527.761962890625,5917.98779296875,3420.381103515625,18791.28125
2022-06-14,1152.7291259765625,1777.329345703125,4890.087890625,6459.39599609375,3305.101318359375,7950.60400390625,1527.761962890625,6166.45263671875,3445.531005859375,19327.298828125
2022-06-15,1074.9378662109375,1738.5863037109375,4697.28857421875,6393.9287109375,3345.407470703125,7904.6474609375,1518.3603515625,6234.2158203125,3403.614501953125,18224.6328125
2022-06-16,1082.009765625,1772.4864501953125,4802.45263671875,6612.15087890625,3375.636962890625,7973.5830078125,1527.761962890625,6234.2158203125,3386.847900390625,18377.783203125
2022-06-17,1032.505859375,1748.2723388671875,4872.56103515625,6546.68505859375,3254.71875,7858.69091796875,1527.761962890625,6166.45263671875,3453.914306640625,17642.673828125
2022-06-20,1036.0419921875,1743.4293212890625,4855.03369140625,6655.79541015625,3325.25439453125,8249.3271484375,1523.061279296875,6414.91748046875,3386.847900390625,17765.19140625
2022-06-21,1071.401611328125,1772.4864501953125,4802.45263671875,6677.6181640625,3325.25439453125,8410.1767578125,1527.761962890625,6460.0927734375,3445.531005859375,17857.076171875
2022-06-22,1071.401611328125,1898.40087890625,4767.39697265625,6546.68505859375,3284.948486328125,8479.1123046875,1527.761962890625,6460.0927734375,3395.231201171875,17887.70703125
2022-06-23,1039.5777587890625,1927.4580078125,4819.9794921875,6568.5068359375,3284.948486328125,8571.02734375,1598.2740478515625,6595.619140625,3487.447509765625,17933.65234375
2022-06-24,1050.1859130859375,1927.4580078125,4679.76171875,6524.86328125,3345.407470703125,8662.9423828125,1607.67578125,6889.26025390625,3479.064208984375,17933.65234375
2022-06-27,1046.6497802734375,1922.614990234375,4662.234375,6415.75,3315.17822265625,8731.8779296875,1593.5732421875,6618.20654296875,3411.997802734375,17887.70703125
2022-06-28,1043.11376953125,1922.614990234375,4697.28857421875,6372.1064453125,3274.87158203125,8731.8779296875,1598.2740478515625,6414.91748046875,3378.46484375,18255.263671875
2022-06-29,1014.8259887695312,1927.4580078125,4557.07080078125,6350.28466796875,3204.336181640625,8685.9208984375,1588.87255859375,6595.619140625,3386.847900390625,17474.20703125
2022-06-30,1011.2899169921875,1975.8865966796875,4644.7080078125,6328.46142578125,3194.259765625,8777.8349609375,1560.667724609375,6437.50537109375,3353.31494140625,17397.6328125
2022-07-01,961.7861938476562,1946.8294677734375,4574.5986328125,6328.46142578125,3063.2646484375,8594.005859375,1584.171630859375,6211.62841796875,3370.081298828125,16233.70703125
2022-07-04,979.4661865234375,1859.657958984375,4557.07080078125,6153.8837890625,2982.65283203125,8479.1123046875,1537.1636962890625,6143.86474609375,3344.931640625,16249.0224609375
2022-07-05,1018.36181640625,1917.772216796875,4434.38134765625,6328.46142578125,3083.417724609375,8433.15625,1588.87255859375,6053.51416015625,3344.931640625,17137.283203125
2022-07-06,979.4661865234375,1966.2008056640625,4259.109375,6372.1064453125,3033.03515625,8685.9208984375,1584.171630859375,6076.1015625,3370.081298828125,16417.486328125
2022-07-07,979.4661865234375,1840.2864990234375,4171.47314453125,6197.52783203125,2992.728759765625,8708.8994140625,1579.470947265625,5985.7509765625,3386.847900390625,16402.171875
2022-07-08,1000.6820068359375,1840.2864990234375,4189.0,6241.1728515625,3012.882080078125,8662.9423828125,1570.0692138671875,6030.92626953125,3361.697998046875,16815.669921875
2022-07-11,1000.6820068359375,1859.657958984375,4241.58154296875,6219.3505859375,3012.882080078125,8685.9208984375,1598.2740478515625,5872.81201171875,3386.847900390625,16677.8359375
2022-07-12,1032.505859375,1869.3436279296875,4276.63623046875,6262.9951171875,2992.728759765625,8571.02734375,1579.470947265625,5782.4609375,3361.697998046875,16494.056640625
2022-07-13,1036.0419921875,1874.1865234375,4083.8369140625,6110.23876953125,2932.269775390625,8548.0478515625,1588.87255859375,5782.4609375,3303.01513671875,17321.05859375
2022-07-14,1036.0419921875,1883.872314453125,4276.63623046875,6132.0615234375,2932.269775390625,8502.091796875,1617.077392578125,5895.39990234375,3370.081298828125,18255.263671875
2022-07-15,975.93017578125,1801.543701171875,4171.47314453125,6110.23876953125,2891.963623046875,8594.005859375,1579.470947265625,5759.87353515625,3479.064208984375,17780.50390625
2022-07-18,986.5382080078125,1791.85791015625,4224.0546875,6241.1728515625,2962.499267578125,8731.8779296875,1555.966796875,5872.81201171875,3512.59716796875,17673.298828125
2022-07-19,1043.11376953125,1801.543701171875,4259.109375,6262.9951171875,2992.728759765625,8685.9208984375,1598.2740478515625,5917.98779296875,3487.447509765625,17826.4453125
2022-07-20,1067.8656005859375,1791.85791015625,4399.32666015625,6459.39599609375,3184.182861328125,8685.9208984375,1626.4788818359375,5872.81201171875,3529.36376953125,18484.982421875
2022-07-21,1067.8656005859375,1777.329345703125,4329.2177734375,6459.39599609375,3184.182861328125,8731.8779296875,1579.470947265625,5895.39990234375,3571.2802734375,18377.783203125
2022-07-22,1071.401611328125,1816.0721435546875,4259.109375,6393.9287109375,3164.030029296875,8639.962890625,1612.37646484375,5895.39990234375,3546.13037109375,18423.7265625
2022-07-25,1096.1534423828125,1825.7578125,4259.109375,6372.1064453125,3133.80029296875,8685.9208984375,1588.87255859375,5872.81201171875,3554.513671875,18730.0234375
2022-07-26,1117.369384765625,1830.6007080078125,4276.63623046875,6372.1064453125,3224.4892578125,8616.9853515625,1593.5732421875,5940.5751953125,3562.897216796875,18745.337890625
2022-07-27,1159.8011474609375,1849.9722900390625,4276.63623046875,6393.9287109375,3264.795166015625,8525.0712890625,1588.87255859375,5805.048828125,3604.8134765625,19051.634765625
2022-07-28,1159.8011474609375,1825.7578125,4241.58154296875,6415.75,3244.64208984375,8249.3271484375,1570.0692138671875,5805.048828125,3554.513671875,19174.15234375
2022-07-29,1149.193115234375,1816.0721435546875,4434.38134765625,6415.75,3335.3310546875,8111.4541015625,1523.061279296875,5895.39990234375,3546.13037109375,19786.74609375
2022-08-01,1184.552978515625,1820.9150390625,4539.5439453125,6546.68505859375,3214.41259765625,8180.390625,1490.155517578125,5827.63671875,3604.8134765625,19710.169921875
2022-08-02,1124.44140625,1859.657958984375,4539.5439453125,6633.9736328125,3295.02490234375,8453.541015625,1494.8564453125,5827.63671875,3730.562744140625,20138.986328125
2022-08-03,1170.4090576171875,1888.715087890625,4627.18017578125,6655.79541015625,3325.25439453125,8288.708984375,1494.8564453125,5850.224609375,3772.4794921875,20797.521484375
2022-08-04,1127.977294921875,1816.0721435546875,4627.18017578125,6808.55126953125,3325.25439453125,8406.4462890625,1499.55712890625,6098.68896484375,3814.3955078125,20338.078125
2022-08-05,1106.7613525390625,1791.85791015625,4644.7080078125,6874.01806640625,3325.25439453125,8288.708984375,1494.8564453125,6143.86474609375,3898.228271484375,19909.265625
2022-08-08,1089.0816650390625,1791.85791015625,4697.28857421875,6874.01806640625,3365.560546875,8288.708984375,1518.3603515625,6324.56689453125,3940.14501953125,19848.00390625
2022-08-09,1106.7613525390625,1767.6436767578125,4732.34326171875,6895.84130859375,3415.943359375,8218.06640625,1490.155517578125,6279.3916015625,3889.844970703125,19832.689453125
2022-08-10,1110.29736328125,1782.172119140625,4802.45263671875,6895.84130859375,3466.325927734375,8218.06640625,1504.258056640625,6324.56689453125,3822.77880859375,19817.376953125
2022-08-11,1113.8333740234375,1782.172119140625,4872.56103515625,6939.48583984375,3436.096435546875,8359.3515625,1490.155517578125,6256.8037109375,3831.162109375,19541.708984375
2022-08-12,1127.977294921875,1791.85791015625,4872.56103515625,6917.6640625,3415.943359375,8170.9716796875,1518.3603515625,6347.15478515625,3814.3955078125,19357.9296875
2022-08-15,1117.369384765625,1772.4864501953125,4819.9794921875,6939.48583984375,3405.86669921875,8359.3515625,1499.55712890625,6256.8037109375,3730.562744140625,19909.265625
2022-08-16,1113.8333740234375,1888.715087890625,4890.087890625,6961.3076171875,3436.096435546875,8241.6142578125,1537.1636962890625,6211.62841796875,3697.029541015625,19848.00390625
2022-08-18,1149.193115234375,1927.4580078125,4890.087890625,6983.13037109375,3466.325927734375,8265.162109375,1537.1636962890625,6166.45263671875,3814.3955078125,19602.96484375
2022-08-19,1149.193115234375,2024.3150634765625,4890.087890625,6895.84130859375,3426.019775390625,8194.51953125,1513.6595458984375,5940.5751953125,3856.312255859375,19388.5625
2022-08-22,1113.8333740234375,2024.3150634765625,4855.03369140625,6983.13037109375,3436.096435546875,8218.06640625,1513.6595458984375,5963.1630859375,3898.228271484375,19480.44921875
2022-08-23,1184.552978515625,2034.000732421875,4890.087890625,6895.84130859375,3476.40234375,8288.708984375,1527.761962890625,6030.92626953125,3906.612060546875,19679.5390625
2022-08-24,1205.7689208984375,1946.8294677734375,4942.6689453125,6939.48583984375,3476.40234375,8265.162109375,1518.3603515625,5940.5751953125,3982.06103515625,19985.8359375
2022-08-25,1205.7689208984375,1937.1436767578125,4890.087890625,7048.5966796875,3456.249267578125,8265.162109375,1513.6595458984375,5917.98779296875,3831.162109375,20184.9296875
2022-08-26,1205.7689208984375,1956.51513671875,4819.9794921875,6983.13037109375,3426.019775390625,8218.06640625,1523.061279296875,5917.98779296875,3764.09619140625,20276.818359375
2022-08-29,1223.4488525390625,1956.51513671875,4784.9248046875,7114.06494140625,3446.1728515625,8335.8046875,1532.462890625,5895.39990234375,3789.24560546875,20215.55859375
2022-08-30,1251.736572265625,1966.2008056640625,4837.50537109375,7135.88671875,3486.47900390625,8218.06640625,1532.462890625,5917.98779296875,3755.712890625,20414.650390625
2022-08-31,1251.736572265625,2111.486572265625,4890.087890625,7157.708984375,3567.0908203125,7817.75927734375,1579.470947265625,5963.1630859375,3822.77880859375,20736.263671875
2022-09-01,1308.312255859375,2014.62939453125,4855.03369140625,7114.06494140625,3597.32080078125,8194.51953125,1555.966796875,5827.63671875,3839.545654296875,20384.025390625
2022-09-02,1336.5999755859375,1995.2579345703125,4855.03369140625,7179.53125,3567.0908203125,8218.06640625,1574.77001953125,5805.048828125,3856.312255859375,20766.892578125
2022-09-05,1424.99951171875,2034.000732421875,4819.9794921875,7223.17578125,3607.397216796875,8194.51953125,1541.8643798828125,5895.39990234375,3873.078369140625,21042.560546875
2022-09-06,1428.5355224609375,2014.62939453125,4837.50537109375,7223.17578125,3557.014892578125,8147.42431640625,1560.667724609375,5895.39990234375,3780.8623046875,21747.044921875
2022-09-07,1421.463623046875,2034.000732421875,4662.234375,7310.46435546875,3577.167724609375,8053.23486328125,1565.368408203125,5917.98779296875,3764.09619140625,21486.689453125
2022-09-08,1393.1756591796875,2024.3150634765625,4662.234375,7288.6416015625,3607.397216796875,8029.68701171875,1565.368408203125,5917.98779296875,3822.77880859375,21073.1875
2022-09-09,1396.711669921875,2043.6866455078125,4749.87060546875,7310.46435546875,3657.77978515625,7959.044921875,1598.2740478515625,5963.1630859375,3856.312255859375,21011.931640625
2022-09-12,1403.78369140625,2072.74365234375,4890.087890625,7310.46435546875,3698.0859375,8100.3291015625,1645.2822265625,5985.7509765625,3806.01220703125,21134.44921875
2022-09-13,1417.9276123046875,2150.2294921875,5047.8330078125,7441.3974609375,3808.927734375,8029.68701171875,1687.58935546875,6076.1015625,3789.24560546875,21042.560546875
2022-09-14,1417.9276123046875,2179.28662109375,5012.7783203125,7419.57568359375,3748.468994140625,8029.68701171875,1687.58935546875,6008.3388671875,3755.712890625,20828.154296875
2022-09-15,1435.607421875,2256.7724609375,4942.6689453125,7637.7978515625,3768.6220703125,8100.3291015625,1725.1959228515625,5985.7509765625,3772.4794921875,21379.486328125
2022-09-16,1389.639892578125,2159.915283203125,4837.50537109375,7375.9306640625,3667.8564453125,8147.42431640625,1786.3062744140625,6211.62841796875,3697.029541015625,21027.24609375
2022-09-19,1382.5677490234375,2179.28662109375,4995.25146484375,7550.509765625,3718.239013671875,8194.51953125,1762.80224609375,6324.56689453125,3772.4794921875,21011.931640625
2022-09-20,1375.4957275390625,2169.60107421875,5030.3056640625,7463.22021484375,3708.16259765625,8359.3515625,1739.29833984375,6505.26806640625,3755.712890625,20920.041015625
2022-09-21,1382.5677490234375,2227.71533203125,5012.7783203125,7397.75390625,3738.39208984375,8194.51953125,1729.8966064453125,6505.26806640625,3713.796142578125,21027.24609375
2022-09-22,1449.7513427734375,2237.40087890625,5030.3056640625,7397.75390625,3708.16259765625,8312.255859375,1743.9990234375,6573.03173828125,3713.796142578125,21502.005859375
2022-09-23,1432.071533203125,2314.886962890625,5012.7783203125,7310.46435546875,3708.16259765625,8477.0888671875,1734.597412109375,6708.55810546875,3671.8798828125,20828.154296875
2022-09-26,1364.8880615234375,2285.829345703125,4890.087890625,7354.109375,3728.315673828125,8547.7314453125,1739.29833984375,6708.55810546875,3738.946044921875,20399.33984375
2022-09-27,1382.5677490234375,2285.829345703125,4872.56103515625,7244.99755859375,3768.6220703125,8335.8046875,1739.29833984375,6776.3212890625,3722.179443359375,20460.599609375
2022-09-28,1368.423828125,2305.200927734375,4767.39697265625,7266.8203125,3748.468994140625,8288.708984375,1711.093505859375,6685.97021484375,3747.32958984375,20215.55859375
2022-09-29,1396.711669921875,2324.572509765625,4749.87060546875,7310.46435546875,3728.315673828125,8335.8046875,1720.4951171875,6776.3212890625,3722.179443359375,20292.1328125
2022-09-30,1400.247802734375,2314.886962890625,4644.7080078125,7463.22021484375,3798.8515625,8147.42431640625,1720.4951171875,6753.7333984375,3738.946044921875,20108.35546875
2022-10-03,1400.247802734375,2305.200927734375,4644.7080078125,7419.57568359375,3738.39208984375,8218.06640625,1701.6917724609375,6731.14599609375,3738.946044921875,20215.55859375
2022-10-04,1456.8233642578125,2324.572509765625,4714.81640625,7463.22021484375,3718.239013671875,8029.68701171875,1706.392578125,6731.14599609375,3722.179443359375,20705.634765625
2022-10-05,1442.6795654296875,2314.886962890625,4679.76171875,7375.9306640625,3738.39208984375,8147.42431640625,1734.597412109375,6618.20654296875,3738.946044921875,20764.017578125
2022-10-06,1449.7513427734375,2314.886962890625,4627.18017578125,7354.109375,3758.544921875,8312.255859375,1739.29833984375,6618.20654296875,3713.796142578125,20622.765625
2022-10-07,1463.8951416015625,2256.7724609375,4539.5439453125,7157.708984375,3798.8515625,8382.8984375,1734.597412109375,6527.85595703125,3646.729736328125,20716.93359375
2022-10-10,1386.1036376953125,2314.886962890625,4557.07080078125,7244.99755859375,3748.468994140625,8429.994140625,1781.6055908203125,6640.794921875,3705.412841796875,20277.484375
2022-10-11,1389.639892578125,2266.4580078125,4574.5986328125,7201.35302734375,3748.468994140625,8477.0888671875,1725.1959228515625,6798.9091796875,3613.19677734375,20214.705078125
2022-10-12,1414.3916015625,2314.886962890625,4512.77001953125,7266.8203125,3798.8515625,8429.994140625,1786.3062744140625,6776.3212890625,3638.3466796875,20308.875
2022-10-13,1421.463623046875,2411.743896484375,4512.77001953125,7223.17578125,3819.00439453125,8335.8046875,1748.699951171875,6640.794921875,3604.8134765625,20214.705078125
2022-10-14,1396.711669921875,2431.115234375,4512.77001953125,7201.35302734375,3788.7744140625,8194.51953125,1734.597412109375,6505.26806640625,3596.429931640625,21187.775390625
2022-10-17,1400.247802734375,2421.4296875,4566.06982421875,7201.35302734375,3808.927734375,8312.255859375,1814.5111083984375,6776.3212890625,3629.96337890625,20654.154296875
2022-10-18,1364.8880615234375,2615.14404296875,4512.77001953125,7244.99755859375,3829.080810546875,8429.994140625,1786.3062744140625,6798.9091796875,3562.897216796875,20089.146484375
2022-10-19,1357.81591796875,2508.601318359375,4637.1376953125,7223.17578125,3819.00439453125,8594.826171875,1861.519287109375,7002.19873046875,3520.980712890625,19963.591796875
2022-10-20,1414.3916015625,2547.343994140625,4566.06982421875,7419.57568359375,3990.305908203125,8948.0390625,1908.52734375,7047.3740234375,3646.729736328125,19979.283203125
2022-10-21,1400.247802734375,2547.343994140625,4672.6708984375,7550.509765625,4171.6826171875,8877.396484375,1856.8184814453125,6866.67236328125,3655.11328125,20089.146484375
2022-10-24,1386.1036376953125,2547.343994140625,4725.970703125,7768.732421875,4131.376953125,8877.396484375,1875.6217041015625,6844.0849609375,3697.029541015625,20324.568359375
2022-10-25,1371.959716796875,2615.14404296875,4761.50537109375,7594.154296875,4121.30029296875,8971.5859375,1880.322509765625,6753.7333984375,3680.26318359375,20089.146484375
2022-10-26,1389.639892578125,2576.401123046875,4672.6708984375,7463.22021484375,4111.22314453125,9230.607421875,1917.928955078125,6753.7333984375,3663.49658203125,20842.4921875
2022-10-27,1407.319580078125,2634.515380859375,4725.970703125,7594.154296875,4111.22314453125,9254.1552734375,1889.72412109375,6934.435546875,3663.49658203125,20559.98828125
2022-10-28,1382.5677490234375,2673.25830078125,4654.904296875,7637.7978515625,4111.22314453125,9230.607421875,1899.1256103515625,7002.19873046875,3730.562744140625,20246.095703125
2022-10-31,1407.319580078125,2731.37255859375,4725.970703125,7681.443359375,4252.29541015625,9159.9658203125,1927.3304443359375,7182.900390625,3680.26318359375,20277.484375
2022-11-01,1325.9920654296875,2673.25830078125,4672.6708984375,7681.443359375,4191.83642578125,8948.0390625,1866.2200927734375,7250.6640625,3705.412841796875,19743.865234375
2022-11-02,1322.4561767578125,2566.71533203125,4566.06982421875,7637.7978515625,4060.8408203125,9042.228515625,1852.11767578125,7318.4267578125,3537.7470703125,19273.025390625
2022-11-03,1325.9920654296875,2547.343994140625,4530.537109375,7681.443359375,4101.1474609375,8995.1328125,1852.11767578125,7250.6640625,3462.297607421875,19461.36328125
2022-11-04,1325.9920654296875,2547.343994140625,4566.06982421875,7659.62060546875,4091.07080078125,9089.3232421875,1847.4168701171875,7453.95361328125,3529.36376953125,19634.001953125
2022-11-07,1354.2799072265625,2576.401123046875,4619.37060546875,7725.08837890625,4131.376953125,9183.5126953125,1899.1256103515625,7453.95361328125,3588.047119140625,19634.001953125
2022-11-08,1329.5281982421875,2605.458251953125,4637.1376953125,7637.7978515625,4091.07080078125,9183.5126953125,1861.519287109375,7182.900390625,3537.7470703125,19571.224609375
2022-11-09,1287.0963134765625,2595.772705078125,4654.904296875,7746.91015625,4091.07080078125,9183.5126953125,1842.7159423828125,7115.13720703125,3512.59716796875,19461.36328125
2022-11-10,1230.5206298828125,2518.286865234375,4637.1376953125,7681.443359375,4070.91748046875,9159.9658203125,1861.519287109375,7205.48828125,3495.830810546875,18456.90625
2022-11-11,1234.0567626953125,2518.286865234375,4583.83740234375,7725.08837890625,4201.912109375,9277.703125,1880.322509765625,7341.01416015625,3479.064208984375,18205.791015625
2022-11-14,1237.5926513671875,2557.029541015625,4477.236328125,7637.7978515625,4131.376953125,9183.5126953125,1889.72412109375,7228.076171875,3395.231201171875,18017.455078125
2022-11-15,1241.128662109375,2673.25830078125,4423.93603515625,7681.443359375,4131.376953125,9230.607421875,1908.52734375,7182.900390625,3395.231201171875,17986.0625
2022-11-16,1262.3443603515625,2750.743896484375,4388.40234375,7506.86474609375,4030.611328125,9207.060546875,1908.52734375,6889.26025390625,3395.231201171875,18048.84375
2022-11-17,1269.4163818359375,2731.37255859375,4477.236328125,7615.9765625,3990.305908203125,9112.8701171875,1908.52734375,6889.26025390625,3386.847900390625,17970.369140625
2022-11-18,1269.4163818359375,2741.058349609375,4423.93603515625,7703.265625,4101.1474609375,9089.3232421875,1936.732177734375,6979.6103515625,3361.697998046875,18080.234375
2022-11-21,1304.7762451171875,2673.25830078125,4495.00341796875,7615.9765625,4070.91748046875,9230.607421875,1983.740234375,6934.435546875,3378.46484375,18080.234375
2022-11-22,1308.312255859375,2663.572509765625,4423.93603515625,7768.732421875,4080.994384765625,9089.3232421875,1899.1256103515625,6957.02294921875,3353.31494140625,18174.400390625
2022-11-23,1325.9920654296875,2692.6298828125,4406.16845703125,7746.91015625,4111.22314453125,9324.7978515625,1927.3304443359375,6911.84716796875,3328.1650390625,18598.15625
2022-11-24,1325.9920654296875,2741.058349609375,4406.16845703125,7856.021484375,4121.30029296875,9230.607421875,1946.1337890625,6866.67236328125,3378.46484375,18817.8828125
2022-11-25,1318.9202880859375,2682.944091796875,4388.40234375,7834.1982421875,4101.1474609375,9324.7978515625,1974.3385009765625,6957.02294921875,3378.46484375,18739.408203125
2022-11-28,1322.4561767578125,2770.11572265625,4423.93603515625,7877.84521484375,4080.994384765625,9395.4404296875,1993.1417236328125,6957.02294921875,3336.54833984375,18676.62890625
2022-11-29,1371.959716796875,2750.743896484375,4299.56787109375,7834.1982421875,4161.60595703125,9395.4404296875,1974.3385009765625,6866.67236328125,3336.54833984375,19273.025390625
2022-11-30,1368.423828125,2992.886962890625,4299.56787109375,8117.88916015625,4242.21875,9513.177734375,1946.1337890625,6866.67236328125,3386.847900390625,19335.8046875
2022-12-01,1379.03173828125,2847.60107421875,4388.40234375,7856.021484375,4191.83642578125,9560.2724609375,1927.3304443359375,6957.02294921875,3319.78173828125,19257.33203125
2022-12-02,1361.3519287109375,2857.286865234375,4352.86865234375,7799.06201171875,4242.21875,9607.3671875,1936.732177734375,6934.435546875,3353.31494140625,18347.041015625
2022-12-05,1336.5999755859375,2828.229736328125,4281.80126953125,7689.5244140625,4383.28955078125,9748.65234375,1936.732177734375,6957.02294921875,3219.18212890625,17891.896484375
2022-12-06,1347.2080078125,2818.5439453125,4175.20068359375,7601.89501953125,4393.3662109375,9748.65234375,1908.52734375,6482.6806640625,3017.9833984375,17640.783203125
2022-12-07,1354.2799072265625,2789.487060546875,4068.599365234375,7404.72705078125,4181.75927734375,9725.1044921875,1908.52734375,6324.56689453125,3085.049560546875,17609.39453125
2022-12-08,1322.4561767578125,2595.772705078125,4033.066162109375,7448.54248046875,4050.764404296875,9607.3671875,2011.945068359375,6279.3916015625,3135.349365234375,17138.556640625
2022-12-09,1301.2403564453125,2421.4296875,4033.066162109375,7514.26513671875,4000.3818359375,9560.2724609375,2002.5433349609375,6279.3916015625,3059.89990234375,16400.904296875
2022-12-12,1343.672119140625,2469.858154296875,4033.066162109375,7623.802734375,4010.45849609375,9795.7470703125,2021.3465576171875,6098.68896484375,3101.81640625,16871.7421875
2022-12-13,1322.4561767578125,2518.286865234375,4139.66650390625,7623.802734375,3990.305908203125,9701.5576171875,1983.740234375,6342.1630859375,3143.732666015625,16840.35546875
2022-12-14,1371.959716796875,2508.601318359375,4139.66650390625,7558.080078125,4010.45849609375,9725.1044921875,1993.1417236328125,6342.1630859375,3143.732666015625,16856.05078125
2022-12-15,1379.03173828125,2489.229736328125,4121.900390625,7448.54248046875,3990.305908203125,9701.5576171875,1927.3304443359375,6546.01806640625,3076.666259765625,16652.021484375
2022-12-16,1375.4957275390625,2479.543701171875,4104.13330078125,7536.17236328125,4070.91748046875,9819.294921875,1993.1417236328125,6364.81396484375,3085.049560546875,16667.71484375
2022-12-19,1403.78369140625,2469.858154296875,4050.83251953125,7579.98779296875,4030.611328125,9560.2724609375,2040.1500244140625,6296.86181640625,3118.582763671875,16856.05078125
2022-12-20,1386.1036376953125,2489.229736328125,4050.83251953125,7514.26513671875,4050.764404296875,9701.5576171875,1974.3385009765625,6138.3076171875,3118.582763671875,16730.494140625
2022-12-21,1386.1036376953125,2518.286865234375,4050.83251953125,7601.89501953125,4030.611328125,9630.9140625,1974.3385009765625,6093.00634765625,3177.265869140625,16714.798828125
2022-12-22,1389.639892578125,2518.286865234375,4104.13330078125,7514.26513671875,4010.45849609375,9536.724609375,1936.732177734375,6093.00634765625,3143.732666015625,16950.21875
2022-12-23,1347.2080078125,2537.658203125,4033.066162109375,7448.54248046875,4000.3818359375,9442.53515625,1917.928955078125,6115.6572265625,3168.882568359375,16871.7421875
2022-12-26,1343.672119140625,2566.71533203125,4015.299072265625,7514.26513671875,4050.764404296875,9560.2724609375,1946.1337890625,6160.95849609375,3143.732666015625,16573.548828125
2022-12-27,1325.9920654296875,2731.37255859375,4033.066162109375,7536.17236328125,4010.45849609375,9489.6298828125,1908.52734375,6047.70556640625,3194.03271484375,16714.798828125
2022-12-28,1325.9920654296875,2595.772705078125,3997.532958984375,7579.98779296875,4020.534912109375,9583.8203125,1908.52734375,6047.70556640625,3126.966064453125,16432.29296875
2022-12-29,1343.672119140625,2653.88671875,4015.299072265625,7514.26513671875,4020.534912109375,9583.8203125,1964.93701171875,6047.70556640625,3168.882568359375,16495.07421875
2022-12-30,1361.3519287109375,2566.71533203125,4050.83251953125,7492.357421875,4000.3818359375,9418.9873046875,1964.93701171875,5957.1025390625,3143.732666015625,16369.515625
2023-01-02,1358.05322265625,2653.88671875,4050.83251953125,7492.357421875,3980.22900390625,9560.2724609375,1936.732177734375,6002.404296875,3185.649169921875,16196.8779296875
2023-01-03,1331.5732421875,2682.944091796875,4015.299072265625,7492.357421875,4010.45849609375,9583.8203125,1993.1417236328125,6070.3564453125,3235.94873046875,16259.6533203125
2023-01-04,1248.3497314453125,2653.88671875,4033.066162109375,7317.09716796875,4040.688232421875,9513.177734375,1964.93701171875,6138.3076171875,3202.415771484375,15161.029296875
2023-01-05,1172.6922607421875,2721.68701171875,3819.864501953125,7229.4677734375,3960.075439453125,9630.9140625,1946.1337890625,6070.3564453125,3160.499267578125,15490.6181640625
2023-01-06,1187.82373046875,2712.001220703125,3873.164306640625,7273.28271484375,3949.99951171875,9583.8203125,1927.3304443359375,6410.11474609375,3110.199462890625,15678.9521484375
2023-01-09,1146.212158203125,2653.88671875,3802.097900390625,7404.72705078125,3919.76953125,9607.3671875,1974.3385009765625,6500.71728515625,3177.265869140625,15506.3115234375
2023-01-10,1187.82373046875,2634.515380859375,3784.330810546875,7163.74560546875,3738.39208984375,9607.3671875,1927.3304443359375,6387.46435546875,3210.799072265625,15663.2568359375
2023-01-11,1202.955322265625,2586.0869140625,3713.263671875,7119.9306640625,3607.397216796875,9913.484375,1917.928955078125,6342.1630859375,3244.33203125,15741.73046875
2023-01-12,1168.9093017578125,2624.82958984375,3802.097900390625,7163.74560546875,3708.16259765625,9842.841796875,1899.1256103515625,6704.572265625,3235.94873046875,15663.2568359375
2023-01-13,1187.82373046875,2673.25830078125,3873.164306640625,7054.2080078125,3698.0859375,9842.841796875,1927.3304443359375,6523.3671875,3168.882568359375,15161.029296875
2023-01-16,1172.6922607421875,2595.772705078125,3979.76513671875,7141.8388671875,3748.468994140625,9795.7470703125,1936.732177734375,6704.572265625,3227.5654296875,15208.11328125
2023-01-17,1187.82373046875,2634.515380859375,3944.23193359375,7295.1904296875,3929.846435546875,9748.65234375,1946.1337890625,6546.01806640625,3311.3984375,15270.8916015625
2023-01-18,1199.1722412109375,2644.200927734375,4015.299072265625,7273.28271484375,3849.23388671875,9866.3896484375,1964.93701171875,6342.1630859375,3294.6318359375,15537.701171875
2023-01-19,1221.86962890625,2663.572509765625,4157.43408203125,7295.1904296875,3929.846435546875,9889.9375,1974.3385009765625,6455.41552734375,3261.0986328125,16479.37890625
2023-01-20,1225.6524658203125,2673.25830078125,4192.96728515625,7273.28271484375,4020.534912109375,9889.9375,1936.732177734375,6387.46435546875,3244.33203125,16808.966796875
2023-01-24,1210.52099609375,2586.0869140625,4210.734375,7207.560546875,3990.305908203125,9795.7470703125,1936.732177734375,6432.765625,3227.5654296875,16400.904296875
2023-01-25,1184.0408935546875,2576.401123046875,4228.50146484375,7185.6533203125,3909.69287109375,9819.294921875,1927.3304443359375,6387.46435546875,3219.18212890625,16353.822265625
2023-01-26,1138.6463623046875,2663.572509765625,4192.96728515625,7426.63525390625,3960.075439453125,9489.6298828125,1917.928955078125,6636.62060546875,3328.1650390625,15851.5947265625
2023-01-27,1157.5609130859375,2702.315673828125,4175.20068359375,7623.802734375,4040.688232421875,9418.9873046875,1927.3304443359375,6591.31884765625,3319.78173828125,16055.6240234375
2023-01-30,1138.6463623046875,2760.4296875,4175.20068359375,7623.802734375,4010.45849609375,9513.177734375,2021.3465576171875,6546.01806640625,3319.78173828125,15851.5947265625
2023-01-31,1119.73193359375,2741.058349609375,4264.03466796875,7426.63525390625,4010.45849609375,9513.177734375,1936.732177734375,6704.572265625,3227.5654296875,15412.14453125
2023-02-01,1115.948974609375,2876.658447265625,4264.03466796875,7448.54248046875,3909.69287109375,9772.2001953125,1955.535400390625,6636.62060546875,3244.33203125,15522.0048828125
2023-02-02,1085.68603515625,2857.286865234375,4210.734375,7404.72705078125,3919.76953125,9654.462890625,2068.354736328125,6636.62060546875,3261.0986328125,15129.6416015625
2023-02-03,1044.0743408203125,2896.030029296875,4175.20068359375,7623.802734375,4000.3818359375,9866.3896484375,2049.55126953125,6591.31884765625,3252.71533203125,15066.859375
2023-02-06,1051.64013671875,2828.229736328125,4157.43408203125,7645.7099609375,3980.22900390625,9678.009765625,2040.1500244140625,6568.6689453125,3252.71533203125,15019.775390625
2023-02-07,1093.251708984375,2847.60107421875,4175.20068359375,7755.24755859375,4101.1474609375,9678.009765625,2077.75634765625,6568.6689453125,3185.649169921875,15631.8681640625
2023-02-08,1104.6004638671875,2857.286865234375,4121.900390625,7733.33984375,4111.22314453125,9725.1044921875,2115.36279296875,6546.01806640625,3219.18212890625,15569.087890625
2023-02-09,1074.3375244140625,2857.286865234375,4033.066162109375,7799.06201171875,4131.376953125,9701.5576171875,2115.36279296875,6636.62060546875,3160.499267578125,15380.7548828125
2023-02-10,1036.5086669921875,2857.286865234375,4050.83251953125,7733.33984375,4151.52978515625,9701.5576171875,2218.780517578125,7021.68017578125,3185.649169921875,15380.7548828125
2023-02-13,1051.64013671875,2876.658447265625,4068.599365234375,7777.15478515625,4171.6826171875,9678.009765625,2096.5595703125,6885.77685546875,3177.265869140625,15459.2265625
2023-02-14,1070.5545654296875,2915.4013671875,4068.599365234375,7842.87744140625,4181.75927734375,9701.5576171875,2190.575927734375,6931.078125,3185.649169921875,15537.701171875
2023-02-15,1115.948974609375,2973.515625,4033.066162109375,7777.15478515625,4121.30029296875,9701.5576171875,2171.7724609375,6908.42724609375,3177.265869140625,15616.1748046875
2023-02-16,1104.6004638671875,2886.34423828125,4050.83251953125,7623.802734375,4101.1474609375,9607.3671875,2152.96923828125,6817.8251953125,3160.499267578125,15474.9228515625
2023-02-17,1089.4688720703125,2886.34423828125,4033.066162109375,7645.7099609375,4151.52978515625,9748.65234375,2115.36279296875,6727.22265625,3152.115966796875,15459.2265625
2023-02-20,1097.0345458984375,2944.45849609375,3979.76513671875,7667.61669921875,4141.453125,9748.65234375,2162.370849609375,6817.8251953125,3202.415771484375,15255.1982421875
2023-02-21,1066.771728515625,2963.829833984375,3961.99853515625,7623.802734375,4111.22314453125,9701.5576171875,2152.96923828125,6863.12646484375,3219.18212890625,15066.859375
2023-02-22,1078.1202392578125,2934.772705078125,3997.532958984375,7601.89501953125,4030.611328125,9630.9140625,2030.748291015625,6727.22265625,3235.94873046875,15270.8916015625
2023-02-23,1097.0345458984375,2886.34423828125,4015.299072265625,7645.7099609375,4060.8408203125,9630.9140625,2049.55126953125,6908.42724609375,3328.1650390625,15506.3115234375
2023-02-24,1093.251708984375,2818.5439453125,4086.3662109375,7601.89501953125,4080.994384765625,9583.8203125,2134.166259765625,6704.572265625,3386.847900390625,15663.2568359375
2023-02-27,1115.948974609375,2857.286865234375,4121.900390625,7689.5244140625,4091.07080078125,9466.0830078125,2040.1500244140625,6681.921875,3319.78173828125,15804.5068359375
2023-02-28,1131.08056640625,2808.8583984375,4335.10205078125,7667.61669921875,4030.611328125,9536.724609375,1983.740234375,6546.01806640625,3252.71533203125,17515.2265625
2023-03-01,1131.08056640625,2799.172607421875,4370.634765625,7536.17236328125,4070.91748046875,9324.7978515625,1983.740234375,6568.6689453125,3294.6318359375,17311.1953125
2023-03-02,1131.08056640625,2866.97265625,4370.634765625,7558.080078125,4121.30029296875,9277.703125,1974.3385009765625,6478.06640625,3252.71533203125,17782.033203125
2023-03-03,1142.42919921875,2682.944091796875,4299.56787109375,7426.63525390625,4050.764404296875,9159.9658203125,1936.732177734375,6500.71728515625,3269.48193359375,17656.478515625
2023-03-06,1100.817626953125,2731.37255859375,4317.33544921875,7360.9130859375,4080.994384765625,9183.5126953125,1983.740234375,6455.41552734375,3252.71533203125,17358.28125
2023-03-07,1081.9031982421875,2721.68701171875,4228.50146484375,7382.8203125,4101.1474609375,9395.4404296875,1955.535400390625,6410.11474609375,3252.71533203125,16840.35546875
2023-03-08,1104.6004638671875,2779.80126953125,4210.734375,7514.26513671875,4141.453125,9230.607421875,1974.3385009765625,6251.560546875,3303.01513671875,16573.548828125
2023-03-09,1097.0345458984375,2741.058349609375,4281.80126953125,7514.26513671875,4211.9892578125,9230.607421875,1955.535400390625,6274.2109375,3328.1650390625,16965.9140625
2023-03-10,1081.9031982421875,2721.68701171875,4246.267578125,7404.72705078125,4181.75927734375,9183.5126953125,1936.732177734375,6138.3076171875,3361.697998046875,16840.35546875
2023-03-13,1097.0345458984375,2779.80126953125,4210.734375,7492.357421875,4171.6826171875,9089.3232421875,1983.740234375,6002.404296875,3411.997802734375,17625.087890625
2023-03-14,1047.857177734375,2750.743896484375,4104.13330078125,7295.1904296875,4000.3818359375,9089.3232421875,1964.93701171875,5957.1025390625,3370.081298828125,17012.998046875
2023-03-15,1040.2913818359375,2760.4296875,4104.13330078125,7295.1904296875,4050.764404296875,8783.2060546875,1946.1337890625,5594.69384765625,3361.697998046875,17107.166015625
2023-03-16,998.679931640625,2712.001220703125,4157.43408203125,7273.28271484375,3970.15234375,8853.8486328125,2002.5433349609375,5436.14013671875,3395.231201171875,16903.1328125
2023-03-17,1051.64013671875,2770.11572265625,4157.43408203125,7339.0048828125,4070.91748046875,8995.1328125,2087.157958984375,5526.7421875,3395.231201171875,17860.5078125
2023-03-20,1028.94287109375,2760.4296875,4175.20068359375,7360.9130859375,4030.611328125,9065.775390625,2040.1500244140625,5504.091796875,3344.931640625,17389.669921875
2023-03-21,1032.7255859375,2808.8583984375,4175.20068359375,7448.54248046875,4232.14208984375,9136.41796875,2077.75634765625,5662.6455078125,3453.914306640625,17248.416015625
2023-03-24,1013.8114013671875,2837.915283203125,4228.50146484375,7733.33984375,4393.3662109375,9395.4404296875,2002.5433349609375,5707.9462890625,3411.997802734375,17373.974609375
2023-03-27,1013.8114013671875,2808.8583984375,4175.20068359375,7623.802734375,4321.0673828125,9395.4404296875,1974.3385009765625,5662.6455078125,3395.231201171875,17452.447265625
2023-03-28,1047.857177734375,2886.34423828125,4157.43408203125,7601.89501953125,4289.29541015625,9513.177734375,2021.3465576171875,5775.8984375,3395.231201171875,17938.98046875
2023-03-29,1089.4688720703125,2857.286865234375,4228.50146484375,7865.57080078125,4384.61279296875,9395.4404296875,2068.354736328125,5775.8984375,3437.147705078125,18284.26171875
2023-03-30,1085.68603515625,2779.80126953125,4192.96728515625,7887.91552734375,4331.65869140625,9301.25,2040.1500244140625,5775.8984375,3428.7646484375,18190.09375
2023-03-31,1097.0345458984375,2789.487060546875,4264.03466796875,7820.87890625,4374.021484375,9395.4404296875,1974.3385009765625,5707.9462890625,3403.614501953125,18268.56640625
2023-04-03,1112.166259765625,2828.229736328125,4264.03466796875,7865.57080078125,4458.7490234375,9395.4404296875,1955.535400390625,5753.248046875,3420.381103515625,18111.62109375
2023-04-04,1153.77783203125,2779.80126953125,4281.80126953125,7843.22412109375,4405.794921875,9607.3671875,1974.3385009765625,5775.8984375,3403.614501953125,18598.15625
2023-04-05,1157.5609130859375,2712.001220703125,4264.03466796875,7798.5341796875,4426.9765625,9536.724609375,1964.93701171875,5458.7900390625,3479.064208984375,18708.01953125
2023-04-06,1142.42919921875,2615.14404296875,4210.734375,7820.87890625,4384.61279296875,9489.6298828125,1927.3304443359375,5458.7900390625,3562.897216796875,18708.01953125
2023-04-10,1131.08056640625,2721.68701171875,4246.267578125,7865.57080078125,4321.0673828125,9489.6298828125,1946.1337890625,5481.44091796875,3604.8134765625,18959.134765625
2023-04-11,1153.77783203125,2721.68701171875,4317.33544921875,7887.91552734375,4321.0673828125,9607.3671875,1946.1337890625,5572.04296875,3604.8134765625,19084.69140625
2023-04-12,1119.73193359375,2712.001220703125,4441.703125,7954.95166015625,4363.43115234375,9466.0830078125,1917.928955078125,5617.34423828125,3613.19677734375,19618.30859375
2023-04-13,1119.73193359375,2653.88671875,4441.703125,7977.29638671875,4342.24951171875,9654.462890625,1908.52734375,5526.7421875,3638.3466796875,19492.75390625
2023-04-14,1104.6004638671875,2663.572509765625,4406.16845703125,8044.3330078125,4426.9765625,9654.462890625,1936.732177734375,5549.392578125,3638.3466796875,18974.826171875
2023-04-17,1081.9031982421875,2634.515380859375,4423.93603515625,8066.6796875,4342.24951171875,9630.9140625,1917.928955078125,5481.44091796875,3579.663818359375,19147.470703125
2023-04-18,1134.8634033203125,2634.515380859375,4566.06982421875,8156.0595703125,4384.61279296875,9607.3671875,1936.732177734375,5458.7900390625,3579.663818359375,19508.4453125
2023-04-26,1172.6922607421875,2818.5439453125,4761.50537109375,8223.095703125,4405.794921875,9607.3671875,1955.535400390625,5458.7900390625,3688.64599609375,19712.474609375
2023-04-27,1165.1265869140625,2750.743896484375,4761.50537109375,8178.4052734375,4405.794921875,9654.462890625,1993.1417236328125,5458.7900390625,3621.580078125,19508.4453125
2023-04-28,1184.0408935546875,2808.8583984375,4797.0390625,8089.02392578125,4384.61279296875,9960.580078125,1993.1417236328125,5390.837890625,3562.897216796875,22651.4296875
2023-05-02,1127.2977294921875,2818.5439453125,4743.73828125,8089.02392578125,4448.158203125,9795.7470703125,1946.1337890625,5322.88623046875,3512.59716796875,21083.85546875
2023-05-03,1112.166259765625,2905.715576171875,4708.205078125,7977.29638671875,4426.9765625,10125.412109375,1936.732177734375,5300.236328125,3479.064208984375,19614.255859375
2023-05-04,1104.6004638671875,2925.0869140625,4690.43798828125,8044.3330078125,4384.61279296875,10172.5068359375,1964.93701171875,5484.8193359375,3479.064208984375,19202.76953125
2023-05-05,1055.4229736328125,2876.658447265625,4769.54248046875,8044.3330078125,4384.61279296875,10243.1484375,2021.3465576171875,5390.25341796875,3495.830810546875,18928.4453125
2023-05-08,1085.68603515625,2866.97265625,4750.15380859375,8044.3330078125,4342.24951171875,10384.43359375,1974.3385009765625,5508.46044921875,3403.614501953125,19594.662109375
2023-05-09,1093.251708984375,2857.286865234375,4905.26123046875,7977.29638671875,4278.7041015625,10360.88671875,1936.732177734375,5792.158203125,3411.997802734375,19810.201171875
2023-05-10,1112.166259765625,2828.229736328125,4905.26123046875,7977.29638671875,4299.88623046875,10266.697265625,1936.732177734375,5721.23388671875,3462.297607421875,19810.201171875
2023-05-11,1059.2059326171875,2789.487060546875,4847.095703125,7887.91552734375,4321.0673828125,10337.3388671875,2002.5433349609375,5555.7431640625,3428.7646484375,19457.498046875
2023-05-12,1044.0743408203125,2847.60107421875,4827.70751953125,7865.57080078125,4236.3408203125,10243.1484375,2019.7738037109375,5579.384765625,3336.54833984375,19437.90625
2023-05-15,1006.2457275390625,2847.60107421875,4924.6494140625,7843.22412109375,4278.7041015625,10360.88671875,2048.490966796875,5532.10205078125,3336.54833984375,19202.76953125
2023-05-16,1010.0284423828125,2847.60107421875,4866.484375,7776.18896484375,4227.8681640625,10360.88671875,2105.92529296875,5579.384765625,3336.54833984375,19163.580078125
2023-05-17,960.85107421875,2837.915283203125,4905.26123046875,7843.22412109375,4236.3408203125,10360.88671875,2067.6357421875,5603.0263671875,3344.931640625,18830.470703125
2023-05-19,911.6736450195312,2808.8583984375,5021.591796875,8044.3330078125,4299.88623046875,10313.791015625,2077.208251953125,5603.0263671875,3370.081298828125,18262.2265625
2023-05-22,930.5880737304688,2789.487060546875,5118.533203125,8044.3330078125,4426.9765625,10360.88671875,2038.91845703125,5721.23388671875,3386.847900390625,18712.900390625
2023-05-23,960.2683715820312,2770.11572265625,5118.533203125,8156.0595703125,4342.24951171875,10525.71875,2029.3460693359375,5626.66748046875,3386.847900390625,19202.76953125
2023-05-24,943.4949951171875,2721.68701171875,5176.6982421875,8066.6796875,4299.88623046875,10549.265625,1952.76708984375,5603.0263671875,3487.447509765625,19281.1484375
2023-05-25,888.98193359375,2634.515380859375,5118.533203125,8089.02392578125,4384.61279296875,10549.265625,1962.33935546875,5579.384765625,3453.914306640625,18418.982421875
2023-05-26,876.4019775390625,2653.88671875,5118.533203125,8178.4052734375,4342.24951171875,10549.265625,1962.33935546875,5579.384765625,3462.297607421875,18085.873046875
2023-05-29,868.0154418945312,2677.39697265625,5118.533203125,8178.4052734375,4363.43115234375,10525.71875,2019.7738037109375,5579.384765625,3520.980712890625,17929.1171875
2023-05-30,884.7886962890625,2608.99658203125,5040.9794921875,8267.7861328125,4363.43115234375,10549.265625,1981.4842529296875,5579.384765625,3453.914306640625,17635.1953125
2023-05-31,855.4354858398438,2579.681884765625,5002.203125,8089.02392578125,4278.7041015625,11020.2158203125,1943.1947021484375,5484.8193359375,3386.847900390625,17419.65625
2023-06-05,880.5953369140625,2657.85400390625,5293.02880859375,8223.095703125,4299.88623046875,10878.931640625,1962.33935546875,5508.46044921875,3420.381103515625,17909.521484375
2023-06-06,930.9151611328125,2618.76806640625,5273.64013671875,8178.4052734375,4278.7041015625,10643.4560546875,1952.76708984375,5532.10205078125,3428.7646484375,18183.84765625
2023-06-07,909.9485473632812,2618.76806640625,5273.64013671875,8133.71435546875,4257.5224609375,10643.4560546875,1962.33935546875,5532.10205078125,3479.064208984375,17909.521484375
2023-06-08,922.5285034179688,2677.39697265625,5254.251953125,8156.0595703125,4257.5224609375,10643.4560546875,1952.76708984375,5555.7431640625,3495.830810546875,18281.8203125
2023-06-09,918.3351440429688,2638.31103515625,5273.64013671875,8133.71435546875,4342.24951171875,10714.0986328125,1962.33935546875,5603.0263671875,3479.064208984375,18085.873046875
2023-06-12,926.7218017578125,2667.62548828125,5254.251953125,8178.4052734375,4321.0673828125,10643.4560546875,1971.911865234375,5721.23388671875,3538.119140625,18438.578125
2023-06-13,926.7218017578125,2677.39697265625,5234.86328125,8178.4052734375,4321.0673828125,10596.361328125,1991.056640625,5673.951171875,3520.64697265625,18007.494140625
2023-06-14,943.4949951171875,2638.31103515625,5351.19384765625,8111.36962890625,4278.7041015625,10643.4560546875,1962.33935546875,5650.3095703125,3494.438720703125,18007.494140625
2023-06-15,964.4616088867188,2589.453369140625,5331.8056640625,8089.02392578125,4342.24951171875,10667.00390625,1991.056640625,5744.87548828125,3511.910888671875,18144.658203125
2023-06-16,972.8482055664062,2521.052978515625,5312.41748046875,8089.02392578125,4363.43115234375,10549.265625,2010.2012939453125,5673.951171875,3468.230224609375,17948.7109375
2023-06-19,947.6882934570312,2540.595947265625,5331.8056640625,8044.3330078125,4342.24951171875,10596.361328125,1981.4842529296875,5673.951171875,3459.494140625,18144.658203125
2023-06-20,951.881591796875,2521.052978515625,5273.64013671875,8089.02392578125,4321.0673828125,10549.265625,1981.4842529296875,5697.59228515625,3485.702392578125,18125.060546875
2023-06-21,947.6882934570312,2530.824462890625,5370.58251953125,8156.0595703125,4321.0673828125,10667.00390625,1962.33935546875,5697.59228515625,3476.966552734375,18301.4140625
2023-06-22,947.6882934570312,2530.824462890625,5254.251953125,8089.02392578125,4299.88623046875,10525.71875,1933.6221923828125,5697.59228515625,3442.02197265625,18438.578125
2023-06-23,935.1084594726562,2550.367431640625,5254.251953125,8089.02392578125,4299.88623046875,10525.71875,1962.33935546875,5792.158203125,3450.75830078125,18321.0078125
2023-06-26,926.7218017578125,2540.595947265625,5273.64013671875,8111.36962890625,4342.24951171875,10667.00390625,1981.4842529296875,5815.79931640625,3485.702392578125,18242.630859375
2023-06-27,935.1084594726562,2521.052978515625,5254.251953125,8178.4052734375,4405.794921875,10667.00390625,1962.33935546875,5744.87548828125,3494.438720703125,18242.630859375
2023-07-03,977.04150390625,2530.824462890625,5293.02880859375,8111.36962890625,4532.884765625,10902.4775390625,1933.6221923828125,5744.87548828125,3494.438720703125,18066.27734375
2023-07-04,981.2347412109375,2540.595947265625,5254.251953125,8089.02392578125,4448.158203125,10808.2890625,1900.118896484375,5744.87548828125,3468.230224609375,18105.470703125
2023-07-05,1014.7813720703125,2560.138916015625,5254.251953125,8089.02392578125,4469.33984375,10784.7412109375,1924.0499267578125,5839.44091796875,3476.966552734375,18575.73828125
2023-07-06,1027.361328125,2677.39697265625,5273.64013671875,8111.36962890625,4490.52099609375,10737.646484375,1904.905029296875,5910.365234375,3459.494140625,18850.06640625
2023-07-07,998.0079956054688,2618.76806640625,5293.02880859375,8066.6796875,4363.43115234375,10797.98046875,1904.905029296875,6075.85595703125,3459.494140625,18614.927734375
2023-07-10,1014.7813720703125,2648.08251953125,5254.251953125,8089.02392578125,4384.61279296875,10845.865234375,1914.4775390625,6075.85595703125,3450.75830078125,18889.251953125
2023-07-11,1018.9747314453125,2706.711669921875,5273.64013671875,8066.6796875,4469.33984375,11037.4033203125,1943.1947021484375,6194.06298828125,3476.966552734375,19183.17578125
2023-07-12,993.8147583007812,2716.4833984375,5254.251953125,8200.7509765625,4490.52099609375,11157.115234375,1914.4775390625,6146.77978515625,3476.966552734375,18810.875
2023-07-13,972.8482055664062,2716.4833984375,5273.64013671875,8156.0595703125,4532.884765625,11205.0,1933.6221923828125,6359.55322265625,3424.5498046875,18928.4453125
2023-07-14,989.6213989257812,2706.711669921875,5234.86328125,8223.095703125,4575.248046875,11276.8271484375,1981.4842529296875,6501.40185546875,3433.285888671875,18928.4453125
2023-07-17,998.0079956054688,2706.711669921875,5176.6982421875,8200.7509765625,4554.06640625,11157.115234375,1933.6221923828125,6406.8359375,3415.813720703125,18987.2265625
2023-07-18,977.04150390625,2687.16845703125,5099.14404296875,8178.4052734375,4532.884765625,11252.8837890625,1914.4775390625,6406.8359375,3363.397216796875,19006.82421875
2023-07-20,993.8147583007812,2736.0263671875,5060.3681640625,8178.4052734375,4681.15673828125,10989.51953125,1866.6156005859375,6335.912109375,3363.397216796875,19104.796875
2023-07-21,1014.7813720703125,2804.427001953125,5002.203125,8178.4052734375,4702.3388671875,11013.4609375,1885.7603759765625,6572.326171875,3372.13330078125,19202.76953125
2023-07-24,1035.7479248046875,2775.1123046875,5079.75634765625,8133.71435546875,4659.97509765625,11037.4033203125,1885.7603759765625,6572.326171875,3407.07763671875,19908.17578125
2023-07-25,1018.9747314453125,2745.7978515625,5040.9794921875,8178.4052734375,4702.3388671875,10750.0966796875,1880.97412109375,6619.609375,3389.60546875,19908.17578125
2023-07-26,1048.327880859375,2765.3408203125,5118.533203125,8357.1689453125,4723.52001953125,10702.2109375,1852.2569580078125,6454.119140625,3389.60546875,20691.962890625
2023-07-27,1027.361328125,2687.16845703125,5060.3681640625,8245.4404296875,4765.88330078125,10702.2109375,1823.539794921875,6312.2705078125,3249.827880859375,20672.369140625
2023-07-28,1035.7479248046875,2667.62548828125,5137.921875,8156.0595703125,4829.4287109375,10726.1533203125,1828.3260498046875,6383.19482421875,3249.827880859375,20887.91015625
2023-07-31,1010.5879516601562,2638.31103515625,5312.41748046875,8156.0595703125,4850.6103515625,10726.1533203125,1833.1121826171875,6595.9677734375,3249.827880859375,21573.72265625
2023-08-01,1002.2013549804688,2794.655517578125,5331.8056640625,8156.0595703125,4787.06494140625,10606.4423828125,1727.8160400390625,6359.55322265625,3276.036376953125,21573.72265625
2023-08-02,993.8147583007812,2814.198486328125,5312.41748046875,8223.095703125,4829.4287109375,10702.2109375,1718.2435302734375,6454.119140625,3223.61962890625,20946.693359375
2023-08-03,989.6213989257812,2814.198486328125,5293.02880859375,8267.7861328125,4914.1552734375,10726.1533203125,1804.39501953125,6832.38232421875,3249.827880859375,21279.802734375
2023-08-04,1006.3947143554688,2755.5693359375,5273.64013671875,8178.4052734375,4892.9736328125,10774.0380859375,1794.8226318359375,6690.53369140625,3223.61962890625,21416.96484375
2023-08-07,998.0079956054688,2716.4833984375,5331.8056640625,8290.130859375,4977.70068359375,10654.3271484375,1770.8917236328125,6572.326171875,3214.883544921875,21495.34375
2023-08-08,993.8147583007812,2716.4833984375,5312.41748046875,8223.095703125,4998.88232421875,10678.26953125,1775.6778564453125,6477.76025390625,3258.564208984375,21573.72265625
2023-08-09,1006.3947143554688,2784.8837890625,5331.8056640625,8401.859375,4998.88232421875,10630.3837890625,1794.8226318359375,6312.2705078125,3293.50830078125,21750.07421875
2023-08-10,1010.5879516601562,2716.4833984375,5234.86328125,8401.859375,5062.427734375,10965.5771484375,1766.10546875,6288.62890625,3319.716796875,21632.5078125
2023-08-11,985.4281005859375,2765.3408203125,5234.86328125,8401.859375,5020.0634765625,10989.51953125,1770.8917236328125,6359.55322265625,3328.452880859375,21240.61328125
2023-08-14,1002.2013549804688,2823.969970703125,5273.64013671875,8357.1689453125,5041.24560546875,10917.6923828125,1770.8917236328125,6477.76025390625,3345.925048828125,21514.939453125
2023-08-15,1052.521240234375,2843.512939453125,5215.47509765625,8312.4775390625,4914.1552734375,10989.51953125,1770.8917236328125,6477.76025390625,3337.188720703125,21456.154296875
2023-08-16,1056.7144775390625,2872.827392578125,5234.86328125,8312.4775390625,4914.1552734375,11181.0576171875,1790.036376953125,6548.6845703125,3345.925048828125,21554.126953125
2023-08-18,1065.1009521484375,2833.741455078125,5060.3681640625,8267.7861328125,4892.9736328125,11205.0,1766.10546875,6359.55322265625,3284.772216796875,21005.478515625
2023-08-21,1098.6475830078125,2921.685302734375,5021.591796875,8200.7509765625,4935.33740234375,11181.0576171875,1766.10546875,6335.912109375,3267.300048828125,21221.01953125
2023-08-22,1132.1942138671875,2843.512939453125,5079.75634765625,8312.4775390625,5041.24560546875,11037.4033203125,1775.6778564453125,6383.19482421875,3276.036376953125,21632.5078125
2023-08-23,1132.1942138671875,2863.055908203125,5079.75634765625,8312.4775390625,4956.51904296875,11013.4609375,1732.60205078125,6359.55322265625,3267.300048828125,21848.048828125
2023-08-24,1119.614013671875,2823.969970703125,5021.591796875,8223.095703125,5041.24560546875,10869.8076171875,1732.60205078125,6501.40185546875,3249.827880859375,20927.1015625
2023-08-25,1086.067626953125,2823.969970703125,5002.203125,8290.130859375,4998.88232421875,10941.6337890625,1732.60205078125,6501.40185546875,3249.827880859375,20417.638671875
2023-08-28,1123.807373046875,2804.427001953125,4982.81396484375,8223.095703125,5083.60888671875,10821.9228515625,1727.8160400390625,6477.76025390625,3232.355712890625,20691.962890625
2023-08-29,1123.807373046875,2833.741455078125,4963.42626953125,8267.7861328125,5041.24560546875,10893.75,1780.464111328125,6501.40185546875,3249.827880859375,20652.7734375
2023-08-30,1128.0006103515625,2833.741455078125,5002.203125,8223.095703125,5062.427734375,10774.0380859375,1766.10546875,6501.40185546875,3328.452880859375,20496.015625
2023-08-31,1119.614013671875,2833.741455078125,5002.203125,8200.7509765625,5104.791015625,10726.1533203125,1737.3883056640625,6430.4775390625,3258.564208984375,20378.44921875
2023-09-01,1123.807373046875,2814.198486328125,5079.75634765625,8245.4404296875,5147.154296875,10726.1533203125,1699.098876953125,6430.4775390625,3249.827880859375,20652.7734375
2023-09-04,1148.96728515625,2784.8837890625,5118.533203125,8245.4404296875,5168.3359375,10726.1533203125,1708.671142578125,6406.8359375,3258.564208984375,21025.072265625
2023-09-05,1148.96728515625,2775.1123046875,5118.533203125,8245.4404296875,5168.3359375,10702.2109375,1694.3126220703125,6595.9677734375,3267.300048828125,21318.9921875
2023-09-06,1203.4803466796875,2745.7978515625,5060.3681640625,8178.4052734375,5125.97216796875,10582.5,1665.595458984375,6501.40185546875,3310.98046875,21475.751953125
2023-09-07,1207.6737060546875,2833.741455078125,4963.42626953125,8200.7509765625,4977.70068359375,10726.1533203125,1632.092041015625,6501.40185546875,3284.772216796875,21279.802734375
2023-09-08,1211.8668212890625,2804.427001953125,4963.42626953125,8156.0595703125,4998.88232421875,10654.3271484375,1646.45068359375,6548.6845703125,3223.61962890625,21397.369140625
2023-09-11,1174.127197265625,2882.59912109375,4944.03759765625,8156.0595703125,5020.0634765625,10702.2109375,1780.464111328125,6714.17529296875,3232.355712890625,21083.85546875
2023-09-12,1178.3204345703125,2911.913818359375,4885.87255859375,8133.71435546875,4977.70068359375,10726.1533203125,1742.174560546875,6643.2509765625,3241.091796875,21221.01953125
2023-09-13,1199.2869873046875,2892.37060546875,4885.87255859375,8111.36962890625,4956.51904296875,10726.1533203125,1708.671142578125,6595.9677734375,3241.091796875,21299.3984375
2023-09-14,1220.253662109375,2775.1123046875,4905.26123046875,8133.71435546875,4935.33740234375,10534.615234375,1708.671142578125,6619.609375,3214.883544921875,21475.751953125
2023-09-15,1190.9005126953125,2833.741455078125,4885.87255859375,8044.3330078125,5020.0634765625,10510.6728515625,1689.5263671875,6619.609375,3249.827880859375,22279.130859375
2023-09-18,1190.9005126953125,2833.741455078125,4885.87255859375,8044.3330078125,4998.88232421875,10390.9609375,1737.3883056640625,6501.40185546875,3214.883544921875,22024.400390625
2023-09-19,1216.060302734375,2833.741455078125,4924.6494140625,8111.36962890625,5083.60888671875,10367.01953125,1713.4573974609375,6477.76025390625,3258.564208984375,22200.75
2023-09-20,1241.2200927734375,2833.741455078125,4885.87255859375,8178.4052734375,5147.154296875,10390.9609375,1675.1678466796875,6501.40185546875,3328.452880859375,22337.9140625
2023-09-21,1237.0267333984375,2814.198486328125,4808.3193359375,8156.0595703125,5083.60888671875,10726.1533203125,1737.3883056640625,6525.04345703125,3328.452880859375,22200.75
2023-09-22,1237.0267333984375,2833.741455078125,4808.3193359375,8111.36962890625,5083.60888671875,10869.8076171875,1703.885009765625,6477.76025390625,3372.13330078125,22220.345703125
2023-09-25,1237.0267333984375,2843.512939453125,4847.095703125,8044.3330078125,5083.60888671875,10774.0380859375,1699.098876953125,6288.62890625,3293.50830078125,22141.96875
2023-09-26,1161.5472412109375,2892.37060546875,4808.3193359375,7999.642578125,5020.0634765625,10702.2109375,1727.8160400390625,6194.06298828125,3284.772216796875,21750.07421875
2023-09-27,1203.4803466796875,2863.055908203125,4769.54248046875,7932.60595703125,5083.60888671875,10534.615234375,1679.9539794921875,6194.06298828125,3249.827880859375,22181.158203125
2023-09-29,1195.09375,2892.37060546875,4827.70751953125,7887.91552734375,5104.791015625,10606.4423828125,1679.9539794921875,6075.85595703125,3276.036376953125,22141.96875
2023-10-02,1178.3204345703125,2882.59912109375,4866.484375,8111.36962890625,5125.97216796875,10630.3837890625,1708.671142578125,6123.138671875,3276.036376953125,21887.23828125
2023-10-03,1128.0006103515625,2882.59912109375,4808.3193359375,8223.095703125,5147.154296875,10486.73046875,1718.2435302734375,6052.21435546875,3293.50830078125,21162.234375
2023-10-04,1115.4207763671875,2804.427001953125,4711.37744140625,8223.095703125,5189.517578125,10726.1533203125,1689.5263671875,5957.64794921875,3302.24462890625,20829.125
2023-10-05,1094.4542236328125,2833.741455078125,4672.6005859375,8111.36962890625,5189.517578125,11133.1728515625,1756.533203125,5910.365234375,3249.827880859375,20496.015625
2023-10-06,1111.2275390625,2667.62548828125,4711.37744140625,8066.6796875,5104.791015625,11013.4609375,1756.533203125,6004.931640625,3302.24462890625,20691.962890625
2023-10-09,1161.5472412109375,2755.5693359375,4750.15380859375,8089.02392578125,4998.88232421875,10630.3837890625,1703.885009765625,6241.345703125,3284.772216796875,20927.1015625
2023-10-10,1165.74072265625,2833.741455078125,4691.98876953125,7977.29638671875,5083.60888671875,10390.9609375,1679.9539794921875,6217.7041015625,3328.452880859375,21064.26171875
2023-10-11,1157.3538818359375,2814.198486328125,4691.98876953125,7977.29638671875,5125.97216796875,10247.3076171875,1675.1678466796875,6170.42138671875,3302.24462890625,21145.54296875
2023-10-12,1128.0006103515625,2784.8837890625,4690.41259765625,8089.02392578125,5147.154296875,10510.6728515625,1665.595458984375,6194.06298828125,3345.925048828125,20823.6328125
2023-10-13,1136.3873291015625,2745.7978515625,4710.11962890625,8111.36962890625,5147.154296875,10414.9033203125,1675.1678466796875,6217.7041015625,3363.397216796875,20984.587890625
2023-10-16,1165.74072265625,2736.0263671875,4611.58203125,8133.71435546875,5104.791015625,10438.8466796875,1684.7401123046875,6099.4970703125,3284.772216796875,21286.380859375
2023-10-17,1161.5472412109375,2726.2548828125,4611.58203125,7999.642578125,5083.60888671875,10438.8466796875,1746.960693359375,6217.7041015625,3310.98046875,21226.021484375
2023-10-18,1190.9005126953125,2745.7978515625,4591.87451171875,7910.26123046875,4956.51904296875,10175.48046875,1727.8160400390625,6052.21435546875,3276.036376953125,21165.6640625
2023-10-19,1182.513671875,2745.7978515625,4513.04345703125,7820.87890625,4850.6103515625,9983.9423828125,1723.02978515625,6123.138671875,3258.564208984375,20944.349609375
2023-10-20,1174.127197265625,2736.0263671875,4493.3359375,8021.98681640625,4871.7919921875,10151.5380859375,1694.3126220703125,6052.21435546875,3232.355712890625,20783.39453125
2023-10-23,1115.4207763671875,2696.940185546875,4414.50537109375,7910.26123046875,4808.2470703125,10055.76953125,1694.3126220703125,5934.0068359375,3153.73095703125,20119.453125
2023-10-24,1115.4207763671875,2755.5693359375,4572.16650390625,7843.22412109375,4871.7919921875,10343.0771484375,1746.960693359375,5981.2900390625,3188.675048828125,20320.6484375
2023-10-25,1119.614013671875,2853.284423828125,4552.45947265625,7932.60595703125,4956.51904296875,10007.8837890625,1684.7401123046875,6052.21435546875,3144.99462890625,21185.783203125
2023-10-26,1111.2275390625,2784.8837890625,4513.04345703125,7798.5341796875,4829.4287109375,9840.2880859375,1675.1678466796875,5910.365234375,3040.16162109375,21065.06640625
2023-10-27,1107.0343017578125,2755.5693359375,4513.04345703125,7776.18896484375,4829.4287109375,10079.7109375,1679.9539794921875,5839.44091796875,3057.6337890625,20541.958984375
2023-10-30,1065.1009521484375,2823.969970703125,4572.16650390625,7910.26123046875,4850.6103515625,10079.7109375,1632.092041015625,5768.5166015625,2987.7451171875,19636.583984375
2023-10-31,1073.487548828125,2823.969970703125,4552.45947265625,7820.87890625,4808.2470703125,9912.115234375,1617.7335205078125,5768.5166015625,3048.897705078125,20220.048828125
2023-11-01,1010.5879516601562,2784.8837890625,4572.16650390625,7686.806640625,4787.06494140625,9936.0576171875,1536.3682861328125,5721.23388671875,3162.466796875,19395.15234375
2023-11-02,1002.2013549804688,2784.8837890625,4572.16650390625,7910.26123046875,4998.88232421875,9912.115234375,1526.7957763671875,5910.365234375,3162.466796875,19093.359375
2023-11-03,1044.134521484375,2833.741455078125,4650.99658203125,7954.95166015625,4935.33740234375,10007.8837890625,1522.0096435546875,5863.08251953125,3118.786376953125,19133.6015625
2023-11-06,1060.90771484375,2745.7978515625,4670.705078125,8089.02392578125,5020.0634765625,10031.8271484375,1545.9405517578125,6123.138671875,3188.675048828125,19113.4765625
2023-11-07,1035.7479248046875,2823.969970703125,4591.87451171875,8021.98681640625,4977.70068359375,10031.8271484375,1536.3682861328125,6099.4970703125,3118.786376953125,18811.6875
2023-11-08,1023.1678466796875,2833.741455078125,4513.04345703125,8044.3330078125,4956.51904296875,10031.8271484375,1545.9405517578125,6004.931640625,3075.10595703125,18348.94140625
2023-11-09,1027.361328125,2833.741455078125,4532.751953125,8044.3330078125,4977.70068359375,10007.8837890625,1550.726806640625,6028.57275390625,3083.84228515625,18409.296875
2023-11-10,1039.941162109375,2833.741455078125,4552.45947265625,7887.91552734375,4892.9736328125,10127.5966796875,1522.0096435546875,5934.0068359375,3101.314208984375,18590.373046875
2023-11-13,1039.941162109375,2843.512939453125,4453.9208984375,7932.60595703125,4935.33740234375,9936.0576171875,1531.58203125,6004.931640625,3075.10595703125,18711.08984375
2023-11-14,1039.941162109375,2814.198486328125,4473.62841796875,7977.29638671875,4935.33740234375,10007.8837890625,1536.3682861328125,5886.7236328125,3057.6337890625,18711.08984375
2023-11-15,1052.521240234375,2833.741455078125,4532.751953125,8089.02392578125,5020.0634765625,10127.5966796875,1541.154296875,5934.0068359375,3101.314208984375,18831.806640625
2023-11-16,1060.90771484375,2833.741455078125,4591.87451171875,8111.36962890625,5020.0634765625,10127.5966796875,1545.9405517578125,5934.0068359375,3092.578125,18872.046875
2023-11-17,1065.1009521484375,2823.969970703125,4493.3359375,8111.36962890625,4998.88232421875,10031.8271484375,1550.726806640625,6264.9873046875,3101.314208984375,18409.296875
2023-11-20,1069.2943115234375,2833.741455078125,4572.16650390625,7932.60595703125,4977.70068359375,10079.7109375,1555.512939453125,6335.912109375,3136.258544921875,18469.654296875
2023-11-21,1094.4542236328125,2833.741455078125,4552.45947265625,7843.22412109375,4977.70068359375,10055.76953125,1536.3682861328125,6264.9873046875,3162.466796875,18328.8203125
2023-11-22,1086.067626953125,2814.198486328125,4473.62841796875,7932.60595703125,4977.70068359375,10055.76953125,1574.65771484375,6099.4970703125,3153.73095703125,17966.671875
2023-11-23,1069.2943115234375,2823.969970703125,4493.3359375,7977.29638671875,4998.88232421875,10103.6533203125,1569.8714599609375,6099.4970703125,3144.99462890625,18127.625
2023-11-24,1065.1009521484375,2804.427001953125,4513.04345703125,7977.29638671875,4977.70068359375,9983.9423828125,1526.7957763671875,6075.85595703125,3162.466796875,18208.1015625
2023-11-27,1069.2943115234375,2794.655517578125,4434.21337890625,7932.60595703125,4998.88232421875,10199.4228515625,1555.512939453125,6146.77978515625,3214.883544921875,18067.26953125
2023-11-28,1081.8743896484375,2804.427001953125,4375.09033203125,7932.60595703125,4998.88232421875,10199.4228515625,1536.3682861328125,6052.21435546875,3293.50830078125,18107.5078125
2023-11-29,1081.8743896484375,2745.7978515625,4355.3828125,7954.95166015625,4956.51904296875,10055.76953125,1536.3682861328125,6052.21435546875,3249.827880859375,18067.26953125
2023-11-30,1098.6475830078125,2804.427001953125,4256.84521484375,8021.98681640625,4956.51904296875,11061.3466796875,1545.9405517578125,6146.77978515625,3284.772216796875,17624.640625
2023-12-01,1073.487548828125,2833.741455078125,4532.751953125,7999.642578125,4998.88232421875,10079.7109375,1593.802490234375,6194.06298828125,3345.925048828125,17825.833984375
2023-12-04,1073.487548828125,2804.427001953125,4532.751953125,8015.35791015625,5083.60888671875,10055.76953125,1569.8714599609375,6099.4970703125,3328.452880859375,18047.1484375
2023-12-05,1052.521240234375,2804.427001953125,4513.04345703125,7992.90625,5062.427734375,10223.365234375,1589.016357421875,6028.57275390625,3363.397216796875,17745.357421875
2023-12-06,1060.90771484375,2823.969970703125,4513.04345703125,7903.09912109375,4914.1552734375,10199.4228515625,1627.3057861328125,6075.85595703125,3424.5498046875,17403.326171875
2023-12-07,1060.90771484375,2833.741455078125,4473.62841796875,7925.55029296875,4871.7919921875,10199.4228515625,1598.588623046875,5957.64794921875,3415.813720703125,17463.68359375
2023-12-08,1073.487548828125,2784.8837890625,4473.62841796875,7858.19384765625,4829.4287109375,10510.6728515625,1574.65771484375,5957.64794921875,3442.02197265625,17946.55078125
2023-12-11,1073.487548828125,2736.0263671875,4414.50537109375,7858.19384765625,4892.9736328125,10079.7109375,1560.2991943359375,5792.158203125,3476.966552734375,17564.28125
2023-12-12,1069.2943115234375,2784.8837890625,4394.7978515625,7813.291015625,4914.1552734375,10175.48046875,1541.154296875,5839.44091796875,3415.813720703125,17584.400390625
2023-12-13,1027.361328125,2814.198486328125,4355.3828125,7790.8388671875,4850.6103515625,10103.6533203125,1541.154296875,5886.7236328125,3424.5498046875,16839.98046875
2023-12-14,1044.134521484375,2833.741455078125,4434.21337890625,8127.61767578125,5041.24560546875,10127.5966796875,1531.58203125,5839.44091796875,3442.02197265625,17262.490234375
2023-12-15,1056.7144775390625,2736.0263671875,4453.9208984375,8284.7822265625,4998.88232421875,9983.9423828125,1531.58203125,5863.08251953125,3476.966552734375,17121.654296875
2023-12-18,1052.521240234375,2667.62548828125,4414.50537109375,8262.3291015625,5020.0634765625,10151.5380859375,1545.9405517578125,5792.158203125,3468.230224609375,17544.162109375
2023-12-19,1090.260986328125,2755.5693359375,4434.21337890625,8307.234375,5062.427734375,10127.5966796875,1589.016357421875,5839.44091796875,3468.230224609375,17564.28125
2023-12-20,1081.8743896484375,2755.5693359375,4434.21337890625,8352.1376953125,5020.0634765625,10127.5966796875,1545.9405517578125,5886.7236328125,3459.494140625,17544.162109375
2023-12-21,1090.260986328125,2814.198486328125,4375.09033203125,8374.5908203125,5062.427734375,10103.6533203125,1531.58203125,5815.79931640625,3450.75830078125,17705.1171875
2023-12-22,1086.067626953125,2804.427001953125,4375.09033203125,8374.5908203125,5062.427734375,10079.7109375,1517.223388671875,5934.0068359375,3459.494140625,17725.23828125
2023-12-27,1086.067626953125,2804.427001953125,4375.09033203125,8419.4931640625,5083.60888671875,10127.5966796875,1550.726806640625,5934.0068359375,3442.02197265625,18047.1484375
2023-12-28,1081.8743896484375,2843.512939453125,4414.50537109375,8441.9462890625,5189.517578125,10199.4228515625,1550.726806640625,5934.0068359375,3459.494140625,18268.4609375
2023-12-29,1081.8651123046875,2863.055908203125,4453.9208984375,8441.9462890625,5125.97216796875,10127.5966796875,1541.154296875,6052.21435546875,3450.75830078125,18208.1015625
