Depth,Iteration,Energy,Entropy,Grad_Var,Penalty_Scale
1,10,0.6905813868217172,7.431812443209741e-05,0.00017489757354829228,0.6795790545596742
1,20,0.7529889817184545,0.00010034947126446361,0.00014351732056671753,0.7419893758967872
1,30,0.8153970220407218,0.00012600497133567052,0.00014818224031659915,0.8043996972339
1,40,0.8778060014120395,0.00013607514516421996,9.687263002954473e-05,0.8668100185710129
1,50,0.9402134004939432,0.0001625517431531617,0.0001373028690385976,0.9292203399081259
1,60,1.0026220786882936,0.00017102563379836882,8.264264460823293e-05,0.991630661245239
1,70,1.0650232376767212,0.00023770466862470949,0.00019538408066644347,1.054040982582352
1,80,1.1274323594002011,0.00023839387469715048,4.3544731746872956e-05,1.1164513039194648
1,90,1.1898384356930682,0.0002482603108293747,0.0001773988503033264,1.1788616252565778
1,100,1.2522432743955847,0.0002689607192062422,0.00015524239291076104,1.2412719465936908
1,110,1.3146498225286636,0.000252552948357843,0.0001870605335857257,1.3036822679308036
1,120,1.3770550517985582,0.0002833870512588825,0.00012159121457054175,1.3660925892679165
1,130,1.439458499073711,0.00031637401946866346,0.00018113854857014462,1.4285029106050295
1,140,1.5018620594008236,0.00033846360857623525,0.0002767839043306009,1.4909132319421423
1,150,1.5642699888213734,0.0003509760374037723,9.060281308277012e-05,1.5533235532792553
1,160,1.6266598053204964,0.00045516473236360946,0.0005220815886758842,1.6157338746163685
1,170,1.6890593676494516,0.0005069839005154195,0.00033824349489502915,1.678144195953481
1,180,1.7514590583569176,0.0005253267328125482,0.0002751882461546094,1.7405545172905945
1,190,1.8138512424078002,0.0005557598441789912,0.0005911531983222546,1.802964838627707
1,200,1.8762459460224579,0.0006088069661208802,0.0003454749629198905,1.8653751599648198
1,210,1.938641315192715,0.0006371179846538039,0.0002630765579059273,1.9277854813019333
1,220,2.0010322498517668,0.0006487447041189999,0.0003959153157781526,1.9901958026390458
1,230,2.063417027163607,0.0007440072722380463,0.0004913715346100064,2.052606123976159
1,240,2.125807708242358,0.0008080481768187101,0.0006238493246794799,2.115016445313272
1,250,2.188196356618802,0.0007812249245036841,0.0004703777067647691,2.177426766650385
1,260,2.250583602537853,0.0008374555502167646,0.0005030073796649701,2.2398370879874974
1,270,2.3129217022750845,0.0009991988098793877,0.0017526694564376575,2.3022474093246106
1,280,2.375297395149383,0.0010844971779753801,0.0010056005514575,2.364657730661724
1,290,2.437647701408449,0.0011761251037407253,0.001220866969462766,2.4270680519988366
1,300,2.499992372741426,0.0013036927736898329,0.0015853082842842568,2.4894783733359493
1,310,2.5623434235738523,0.001410257366344305,0.00161290955668594,2.5518886946730626
1,320,2.624699201922439,0.0014820507256106765,0.0012061379529164885,2.6142990160101753
1,330,2.687035641199429,0.0016553402845927822,0.0020197597355597753,2.676709337347288
1,340,2.7493899404060738,0.0017907142303055235,0.0012189497011684336,2.7391196586844013
1,350,2.8116674242093347,0.002086957996388147,0.0036177700042186746,2.801529980021514
1,360,2.874026548219564,0.0021366427907928576,0.00103383431398302,2.8639403013586273
1,370,2.9363524686334075,0.0022148765851277108,0.002500805245683241,2.92635062269574
1,380,2.998558016080287,0.0026116597055174575,0.005602522176771159,2.988760944032853
1,390,3.060884527293109,0.0027554626341629953,0.002213000953624529,3.051171265369966
1,400,3.123041352239204,0.0032905292978110934,0.00635611502484337,3.113581586707079
1,410,3.185164186070745,0.0038059144686369895,0.007761007273904688,3.1759919080441916
1,420,3.247320306366612,0.004265020721283662,0.00656149839841646,3.238402229381305
1,430,3.3092684751903105,0.005021351784701773,0.012909548321743685,3.3008125507184176
1,440,3.371250276985949,0.005725803199179115,0.011335897354744615,3.3632228720555304
1,450,3.4332397970526602,0.006591157067633851,0.011377392681764404,3.4256331933926436
1,460,3.4950494849411347,0.007088509184904306,0.017117214688506806,3.4880435147297564
1,470,3.556570264223674,0.008509058654871678,0.025764746387039572,3.550453836066869
1,480,3.617713586517848,0.01013581415695561,0.03355590938202704,3.6128641574039824
1,490,3.6785814648564967,0.011665148729934707,0.0451788542440324,3.675274478741095
1,500,3.7393442658656566,0.013952526909352695,0.04517309830758748,3.737684800078209
1,510,3.8005971138436894,0.014847388558897785,0.030071216588868556,3.800095121415321
1,520,3.8615069849883654,0.015936206209330894,0.04284501785710977,3.862505442752434
1,530,3.9226193211551377,0.017183773088157925,0.03482769819251779,3.9249157640895467
1,540,3.983218532808446,0.019192558961026014,0.051739208955054614,3.98732608542666
1,550,4.042768469268171,0.0217409077541582,0.0867872754622056,4.049736406763772
1,560,4.1033416677623435,0.024724002934239413,0.053587116367611765,4.112146728100885
1,570,4.16048213360566,0.02926226804538436,0.16613005033564604,4.174557049437999
1,580,4.219526055269689,0.0333521806396153,0.09600633035065802,4.236967370775112
1,590,4.278070134888363,0.036812302585690064,0.11758686576925584,4.299377692112224
1,600,4.334292022498255,0.04132143721803163,0.1968462582220188,4.361788013449338
1,610,4.3937755918525445,0.04401037168186659,0.08457882020955079,4.424198334786451
1,620,4.450721360357508,0.04696724411418967,0.17188382773108968,4.486608656123563
1,630,4.506733128153163,0.05281336245389735,0.2071496044930837,4.549018977460676
1,640,4.561144606837733,0.05912601921300373,0.26006934777003515,4.611429298797789
1,650,4.61785313734815,0.06281071722561248,0.17971848205392799,4.673839620134902
1,660,4.670461481082214,0.06937455190531298,0.2885603695087763,4.736249941472015
1,670,4.720808189559887,0.07885642654569427,0.3579084358325575,4.798660262809128
1,680,4.772110756129453,0.08813455243999854,0.32909002012454014,4.8610705841462405
1,690,4.81982299910533,0.10132539009117245,0.42166272599238175,4.923480905483355
1,700,4.8711631807859845,0.10755058399760915,0.2872895493960626,4.985891226820467
1,710,4.920265527334092,0.1180275410890084,0.4226713507692283,5.04830154815758
1,720,4.964248126843699,0.12648491082958513,0.5421859505023534,5.110711869494693
1,730,5.010510218078913,0.14093617167100367,0.46797778587961536,5.173122190831806
1,740,5.055086605116164,0.14745149527462736,0.42182439600500665,5.235532512168918
1,750,5.102344343377804,0.15894740530374152,0.4593544564896418,5.297942833506031
1,760,5.148171912623572,0.16803134324188226,0.4236451903185278,5.3603531548431445
1,770,5.192477016738269,0.17861346873709782,0.41061181894910587,5.422763476180257
1,780,5.237310431161699,0.18745429173368106,0.5020406358037907,5.485173797517371
1,790,5.261915230228665,0.2102456531684366,0.7538804378358115,5.547584118854483
1,800,5.301783467512964,0.2235942755105655,0.504692473518357,5.609994440191596
1,810,5.335654339703061,0.23671346204182428,0.7058413193371988,5.67240476152871
1,820,5.369983405816954,0.2528754230940113,0.6720070086994673,5.734815082865822
1,830,5.39275039033631,0.2734065856479576,0.9014318551303347,5.797225404202935
1,840,5.415344167883086,0.28742232140359736,0.7622159770092047,5.8596357255400475
1,850,5.445970784653387,0.29599289934227396,0.6021187918498476,5.922046046877161
1,860,5.4880037389387235,0.3074728867727605,0.4560499828009766,5.984456368214273
1,870,5.501679744038586,0.32936775130000323,0.840750766023622,6.046866689551387
1,880,5.533763389626856,0.34356903242977554,0.7087834044740201,6.1092770108884995
1,890,5.556618197088437,0.3599483092488134,0.8427899031600157,6.171687332225613
1,900,5.565869369896921,0.3804857632912736,0.948418208350984,6.234097653562726
1,910,5.58585593264016,0.3938697505982649,0.6495100928493001,6.296507974899838
1,920,5.617857249418385,0.40106099591683925,0.6383165155496374,6.3589182962369515
1,930,5.649963762238636,0.4117488872699473,0.5737365129771054,6.421328617574065
1,940,5.666599036467248,0.4325754594773458,0.8089013054079983,6.483738938911177
1,950,5.678450827190916,0.44814611367979074,0.7082819221972625,6.546149260248289
1,960,5.710189361382858,0.4597798401886102,0.644109949657998,6.6085595815854035
1,970,5.720697868265079,0.47467590456244835,0.8755267478404622,6.670969902922517
1,980,5.738096425959137,0.48467422073400807,0.6606320015778635,6.733380224259629
1,990,5.743622452393919,0.5013489757557822,0.8734675691813181,6.795790545596741
1,1000,5.681041118720761,0.5193585680776491,0.8897450672927281,6.795790545596741
1,1010,5.64020947128285,0.5325820359747501,0.8263399876777061,6.795790545596741
1,1020,5.598379921400833,0.5489153564760938,0.784509731642167,6.795790545596741
1,1030,5.562854858562396,0.5552231733303121,0.8643031310028212,6.795790545596741
1,1040,5.539841997605566,0.5648925809616022,0.43000478741687403,6.795790545596741
1,1050,5.517665668447222,0.5731927429774877,0.6716104459871393,6.795790545596741
1,1060,5.488844825066727,0.5827557747211264,0.6830584612357122,6.795790545596741
1,1070,5.451430540657284,0.5956627958519067,0.816569787602333,6.795790545596741
1,1080,5.4106878755803685,0.6072807635283866,0.8092815891756517,6.795790545596741
1,1090,5.379059699591813,0.6210254882702012,0.7237328752565163,6.795790545596741
1,1100,5.334492195688433,0.6337458940451934,0.7313660735630056,6.795790545596741
1,1110,5.3014247299483905,0.6465646285873073,0.7812947553196986,6.795790545596741
1,1120,5.277331505053833,0.6567190144099087,0.8353582317092435,6.795790545596741
1,1130,5.246269899595307,0.6690254908581064,0.8644232058458368,6.795790545596741
1,1140,5.216288584073856,0.6791964814899072,0.5641992871748973,6.795790545596741
1,1150,5.175697943827523,0.6943603479940202,0.8512164620848812,6.795790545596741
1,1160,5.135665390541784,0.7039864122025977,0.8749485723536757,6.795790545596741
1,1170,5.10234619669374,0.7113998972388997,0.6293776363197104,6.795790545596741
1,1180,5.064283304857768,0.720049503812423,0.8563031284271995,6.795790545596741
1,1190,5.013614963407996,0.7351950526511075,0.8521752954648546,6.795790545596741
1,1200,4.972949267760677,0.745028277461184,0.7020192731824957,6.795790545596741
1,1210,4.9308594117240165,0.7550385332571935,0.8460956590838888,6.795790545596741
1,1220,4.900802736159773,0.7620996810769347,0.510763675492198,6.795790545596741
1,1230,4.860374719421193,0.7735552899606699,0.8413589254521441,6.795790545596741
1,1240,4.84120733613907,0.7772258023801573,0.5411652227998863,6.795790545596741
1,1250,4.814236129041848,0.785151052484371,0.754363320204466,6.795790545596741
1,1260,4.778114975058737,0.7921525719334592,0.6664719334808239,6.795790545596741
1,1270,4.746284980813925,0.7990622971646248,0.7170492782792559,6.795790545596741
1,1280,4.705556187884604,0.8070857810279464,0.8455541098383168,6.795790545596741
1,1290,4.669444044015348,0.8142190489560437,0.7603981725403683,6.795790545596741
1,1300,4.640583764463649,0.8194579670879905,0.8060366045518172,6.795790545596741
1,1310,4.6049068611372075,0.8276527821634152,0.8208608417371203,6.795790545596741
1,1320,4.575997141095213,0.83434294250435,0.750777192634499,6.795790545596741
1,1330,4.549715615023826,0.8389808976926496,0.8021631987546376,6.795790545596741
1,1340,4.517003425841613,0.8468290889558316,0.8283922171616703,6.795790545596741
1,1350,4.493112130360076,0.8538715999623893,0.7813958689850156,6.795790545596741
1,1360,4.454178862988033,0.8623155406865466,0.8086131447769329,6.795790545596741
1,1370,4.41941179545988,0.8683862831758655,0.7161969125009308,6.795790545596741
1,1380,4.378636099171127,0.8763614575495169,0.9530249528079946,6.795790545596741
1,1390,4.3334662481951725,0.8851730925857157,0.8898642748391381,6.795790545596741
1,1400,4.302977353441308,0.8906560274867111,0.7779202954578074,6.795790545596741
2,10,1.3797694148319255,0.09422729241892597,0.45881412654696974,0.6795790545596742
2,20,1.4808651111613442,0.10554458328860364,0.25486920243623284,0.7419893758967872
2,30,1.5423184275381567,0.11860985230844553,0.5414379267423199,0.8043996972339
2,40,1.5896505619820374,0.1220541551345256,0.6751120750395898,0.8668100185710129
2,50,1.6455768006293061,0.1332630663995787,0.5494383444945468,0.9292203399081259
2,60,1.6869574563772944,0.15168149744332027,0.7330786619998937,0.991630661245239
2,70,1.74632082545654,0.16167254483936747,0.528479213331557,1.054040982582352
2,80,1.7965866866429998,0.164317670468949,0.6776208302778701,1.1164513039194648
2,90,1.8359464920416708,0.1589156097152915,0.5481461074115226,1.1788616252565778
2,100,1.8763173327507388,0.14166049328412747,0.7179690758816478,1.2412719465936908
2,110,1.9012347713763234,0.1630293852500885,0.8845288027146131,1.3036822679308036
2,120,1.9533979947699684,0.18441975703899416,0.5945209042649793,1.3660925892679165
2,130,1.964881062473651,0.19002235109090046,0.7622873295755423,1.4285029106050295
2,140,2.0293982554248964,0.1966175561574524,0.3350014313169469,1.4909132319421423
2,150,2.0728288280134377,0.202809216680718,0.5760596718470286,1.5533235532792553
2,160,2.0993778222484782,0.22078790846465643,0.7216318757470178,1.6157338746163685
2,170,2.124073264676119,0.21850526119724437,0.7435281170251878,1.678144195953481
2,180,2.1389887228990774,0.23919735490199356,0.7623235512616284,1.7405545172905945
2,190,2.1863810704299635,0.2358465130185475,0.47694804574985117,1.802964838627707
2,200,2.2261408370977844,0.23363675535824893,0.6869282137426996,1.8653751599648198
2,210,2.24912240118021,0.23574835068543604,0.7391047368701085,1.9277854813019333
2,220,2.2748564971360703,0.2473022652532262,0.6572903002087787,1.9901958026390458
2,230,2.314859351590236,0.23821570244601784,0.7271222891071203,2.052606123976159
2,240,2.3514127103359113,0.24126120955699745,0.7502316723362076,2.115016445313272
2,250,2.379264609276847,0.24422743003179587,0.7116807921614157,2.177426766650385
2,260,2.4148843070614463,0.2602756105278652,0.6122862992976589,2.2398370879874974
2,270,2.464514881059393,0.2661237310477889,0.4224038895293781,2.3022474093246106
2,280,2.485917100356718,0.2727619665550675,0.702054143306492,2.364657730661724
2,290,2.521021866581745,0.2712849305878999,0.7676215584195752,2.4270680519988366
2,300,2.570984094778016,0.27401905897384865,0.36511680468323926,2.4894783733359493
2,310,2.60869424210981,0.28033194640306147,0.6870109950488736,2.5518886946730626
2,320,2.643997055034998,0.2946368725020705,0.6828012584987128,2.6142990160101753
2,330,2.6749923942213356,0.2985029490691211,0.7390301402183248,2.676709337347288
2,340,2.707032213854261,0.29908464768732823,0.6038900831536138,2.7391196586844013
2,350,2.7273254603942094,0.2984236760743918,0.8799921189233813,2.801529980021514
2,360,2.765483882784447,0.30778654970741204,0.40062255098823246,2.8639403013586273
2,370,2.793661364953161,0.30398140720644173,0.7312709863166018,2.92635062269574
2,380,2.826517741874295,0.3054239776750348,0.6126689345714181,2.988760944032853
2,390,2.8584087710678956,0.31580685892232685,0.49625092214239885,3.051171265369966
2,400,2.892346821314936,0.32149290999895697,0.5675108253567861,3.113581586707079
2,410,2.925565469600194,0.3227653932790377,0.7000020398851394,3.1759919080441916
2,420,2.9586197221435055,0.3285040436062813,0.7025735039703741,3.238402229381305
2,430,3.0029015946308903,0.32646610213795946,0.47565780703644134,3.3008125507184176
2,440,3.016303650200198,0.32708997927453815,0.7466633987370326,3.3632228720555304
2,450,3.03811271932917,0.3319007167364403,0.8413347531984943,3.4256331933926436
2,460,3.0766186682046737,0.32581137189822895,0.6545478195728278,3.4880435147297564
2,470,3.1105559570643164,0.33531920934714654,0.5484970580507996,3.550453836066869
2,480,3.13724732625484,0.3367325586900266,0.6696272172140249,3.6128641574039824
2,490,3.162923704362253,0.3360559089551448,0.7423758318645218,3.675274478741095
2,500,3.1984060428293524,0.33595874837787754,0.6368781880047689,3.737684800078209
2,510,3.232508724486464,0.3294910117835554,0.5916041462160945,3.800095121415321
2,520,3.2613125949456783,0.3319779526666977,0.8105765780234483,3.862505442752434
2,530,3.29323173214105,0.32984710391506966,0.6501882569051959,3.9249157640895467
2,540,3.322862213886253,0.3278252964693478,0.7119149420362346,3.98732608542666
2,550,3.352277366732184,0.33195399592891855,0.8294099144256843,4.049736406763772
2,560,3.382024068053354,0.3302100603278452,0.7624909197730666,4.112146728100885
2,570,3.4027940625847157,0.3345059036196329,0.8172689138234576,4.174557049437999
2,580,3.432853390872951,0.33499440283801246,0.738030131399484,4.236967370775112
2,590,3.4596883503002833,0.3321400688859749,0.7441085874642426,4.299377692112224
2,600,3.492702556348644,0.3278813664321145,0.4881147956077826,4.361788013449338
2,610,3.5188508621506327,0.32576202600718457,0.8059856564970431,4.424198334786451
2,620,3.5468813308062845,0.327485951391692,0.6405152976344247,4.486608656123563
2,630,3.571771256666621,0.32935876452404256,0.669068712877654,4.549018977460676
2,640,3.600398780613266,0.32906754538308913,0.6638734771087157,4.611429298797789
2,650,3.622376483788536,0.333157664573452,0.7412826419467264,4.673839620134902
2,660,3.636879344894866,0.3350185446797761,0.7960114998873122,4.736249941472015
2,670,3.663021836407732,0.33530130785317147,0.7308307378637053,4.798660262809128
2,680,3.686464765150091,0.33536638733911717,0.8647073656705727,4.8610705841462405
2,690,3.71141862389915,0.33546368254040726,0.7199137442594553,4.923480905483355
2,700,3.7247138363706767,0.33828719170575006,0.8067613758298993,4.985891226820467
2,710,3.74501705757992,0.3308787148220988,0.6411562018454243,5.04830154815758
2,720,3.771462228873762,0.3295280805376898,0.6746801707779304,5.110711869494693
2,730,3.790146493993512,0.3263740560949996,0.8020461050675622,5.173122190831806
2,740,3.8047284804356645,0.3199909596745296,0.7884950749375106,5.235532512168918
2,750,3.832955415545739,0.3193670221464193,0.5158370896660589,5.297942833506031
2,760,3.8548210438883643,0.31794435112459485,0.794096960229445,5.3603531548431445
2,770,3.8626728974551288,0.316938604740923,0.9117283489766331,5.422763476180257
2,780,3.8699261943473093,0.31799406101311256,0.9762222222222224,5.485173797517371
2,790,3.8834926539339,0.32258818716843446,0.7336111106757708,5.547584118854483
2,800,3.8918601888207522,0.3249678255484767,0.9533920312183145,5.609994440191596
2,810,3.904943377301274,0.3250977459150081,0.78683386198661,5.67240476152871
2,820,3.9171125686539416,0.31916956894064047,0.8831990579633267,5.734815082865822
2,830,3.9205367297006273,0.31624792051506423,0.8920495818012016,5.797225404202935
2,840,3.926122195314629,0.313643520738364,0.8992458868384224,5.8596357255400475
2,850,3.9369151752700127,0.3136160166789436,0.8508543351903846,5.922046046877161
2,860,3.9447255524049165,0.3164149042889978,0.8181845641790565,5.984456368214273
2,870,3.9480682451496305,0.31226099581289446,0.8881855289755579,6.046866689551387
2,880,3.9648820966544065,0.3240317619552126,0.7209070018311843,6.1092770108884995
2,890,3.9638631183646753,0.3243612706527494,0.8857283146560521,6.171687332225613
2,900,3.970704996587995,0.32713248125689876,0.857923193044328,6.234097653562726
2,910,3.972282568624434,0.325174063009801,0.965756948704233,6.296507974899838
2,920,3.966515716700533,0.3263931652834517,0.9692222222222224,6.3589182962369515
2,930,3.974553798174316,0.3263268805794375,0.8536722966695741,6.421328617574065
2,940,3.972334911538505,0.32802983039650807,0.9920000000000002,6.483738938911177
2,950,3.9780809480942456,0.33562526180544144,0.8416799693645395,6.546149260248289
2,960,3.9820503417925313,0.3394381142355951,0.8399681838913043,6.6085595815854035
2,970,3.9812126602503177,0.3362039358718541,0.9286949099594999,6.670969902922517
2,980,3.9799692773312696,0.3395911584583604,0.9884444444444445,6.733380224259629
2,990,3.972404900449548,0.3403252030013037,0.9125814609548945,6.795790545596741
2,1000,3.9423229841023955,0.3426515461143036,0.9637383569687652,6.795790545596741
2,1010,3.9074253882324084,0.3393166885358282,0.9816666666666668,6.795790545596741
2,1020,3.870107380727589,0.33864884779385745,0.8588860409112083,6.795790545596741
2,1030,3.832289757943257,0.3385451884457524,0.9718396706456625,6.795790545596741
2,1040,3.7940141658393087,0.34095066145006564,0.9764444444444447,6.795790545596741
2,1050,3.7637179513380263,0.3409207689272157,0.8124297084929145,6.795790545596741
2,1060,3.724771921172884,0.33939877865990503,0.7744644076153487,6.795790545596741
2,1070,3.6909560312779215,0.3392017767704772,0.8266937180992178,6.795790545596741
2,1080,3.6589022678292813,0.3429519137119761,0.9189665246605314,6.795790545596741
2,1090,3.616653828492834,0.3426557505494583,0.9824444444444446,6.795790545596741
2,1100,3.5897599891762644,0.3443865004363015,0.8087095543057788,6.795790545596741
2,1110,3.5426854480795993,0.3438509106546588,0.989777777777778,6.795790545596741
2,1120,3.5074167792866,0.3446253553493376,0.9105227671055965,6.795790545596741
2,1130,3.4737042016312936,0.3446271089993918,0.9086244694817365,6.795790545596741
2,1140,3.4523650983599383,0.3461949223569931,0.8087938537479777,6.795790545596741
2,1150,3.411050368571887,0.34783111382468446,0.9874444444444446,6.795790545596741
2,1160,3.3707217063053347,0.3463521270274397,0.9926666666666668,6.795790545596741
2,1170,3.3342909789751536,0.3367610708610847,0.9734214869781679,6.795790545596741
2,1180,3.2964452966996367,0.3346095435172164,0.8762859420761071,6.795790545596741
2,1190,3.2608761466287937,0.33317058124409593,0.8912498184860432,6.795790545596741
2,1200,3.231909362413929,0.3357303618749027,0.8112571613685338,6.795790545596741
2,1210,3.192660421148135,0.33639142355359863,0.9090616426970278,6.795790545596741
2,1220,3.1718090997807895,0.3387411898297587,0.6717746240014009,6.795790545596741
2,1230,3.142142096450255,0.3434541401272959,0.8273255086310229,6.795790545596741
2,1240,3.108562082726309,0.34740176116263755,0.8865867140699972,6.795790545596741
2,1250,3.0755381642577984,0.34564324688849013,0.823307892819094,6.795790545596741
2,1260,3.048138107071939,0.3468325512640712,0.7737974452344245,6.795790545596741
2,1270,3.0160413717124435,0.35068837759441074,0.8701778199178849,6.795790545596741
2,1280,2.9798854668010537,0.35122109614764807,0.9639754206784996,6.795790545596741
2,1290,2.9395356309850715,0.35099572530519363,0.9732414767162817,6.795790545596741
2,1300,2.900618204797051,0.3468389920851526,0.9805555555555557,6.795790545596741
2,1310,2.858799978425286,0.34465358159206894,0.7999423652060809,6.795790545596741
2,1320,2.8185990667614664,0.3430820431600132,0.9942222222222223,6.795790545596741
2,1330,2.7821665434785383,0.34265103885288595,0.953754378908217,6.795790545596741
2,1340,2.7556415705401784,0.3402412890192812,0.7468300490818882,6.795790545596741
2,1350,2.729445802334719,0.3374112559036506,0.8783836662709005,6.795790545596741
2,1360,2.683193485221872,0.3307155597503713,0.8730062573900369,6.795790545596741
2,1370,2.653573260643174,0.3302447767686736,0.879940589192507,6.795790545596741
2,1380,2.623087118805638,0.32776910743589893,0.8159670727134423,6.795790545596741
2,1390,2.592535166579854,0.3286072686376466,0.8807689137456407,6.795790545596741
2,1400,2.5603568657532625,0.3257570077747001,0.8844401241430994,6.795790545596741
3,10,1.180155612137549,0.1166446899164357,0.6647216931889933,0.6795790545596742
3,20,1.2391676902007847,0.1329117033736518,0.6090098548728606,0.7419893758967872
3,30,1.2854744646019398,0.14776990324702588,0.6774982682218236,0.8043996972339
3,40,1.337939235427512,0.1614751997436973,0.611582658115624,0.8668100185710129
3,50,1.3607461173078752,0.14912831908340277,0.8837522802291916,0.9292203399081259
3,60,1.4130632517590789,0.14425739993956962,0.6403004828146418,0.991630661245239
3,70,1.4536005925052946,0.13986577090803867,0.7142155828335095,1.054040982582352
3,80,1.495636456525593,0.13462318603485995,0.6873160946501808,1.1164513039194648
3,90,1.5288512134946604,0.12631756859797483,0.6854786413965969,1.1788616252565778
3,100,1.5779186479406802,0.1469643069548343,0.5735095269244146,1.2412719465936908
3,110,1.61266184017138,0.14409535141241245,0.6837806150453092,1.3036822679308036
3,120,1.6540706595532988,0.15157614810285802,0.5871782568177684,1.3660925892679165
3,130,1.6684539741741402,0.16544747921770636,0.8464308485296707,1.4285029106050295
3,140,1.7014918818621418,0.18976586789115257,0.7796483663365773,1.4909132319421423
3,150,1.7326176040275463,0.19495748633147064,0.7347236731610687,1.5533235532792553
3,160,1.756489842460294,0.19743639884126948,0.813564927619875,1.6157338746163685
3,170,1.7789667682538186,0.2016047266270891,0.8225383725767857,1.678144195953481
3,180,1.8211055471098712,0.2032214117162343,0.6534890705952927,1.7405545172905945
3,190,1.8678629854723068,0.20148611778791514,0.41310438622408324,1.802964838627707
3,200,1.9071603918835631,0.20958953374885492,0.5690361183997635,1.8653751599648198
3,210,1.9448575304712377,0.20015172186794886,0.5265238321095966,1.9277854813019333
3,220,1.9713518198781974,0.20641307007442006,0.795587826373457,1.9901958026390458
3,230,1.9948351933762942,0.20469676901218214,0.8927709045151975,2.052606123976159
3,240,2.028376339554931,0.20789550036936685,0.6425086750729381,2.115016445313272
3,250,2.0709173638649694,0.20803075228480222,0.3985348823755781,2.177426766650385
3,260,2.1073816640379426,0.20956038928958926,0.6611829505779715,2.2398370879874974
3,270,2.1419429554056273,0.20264564212710368,0.5129612765096053,2.3022474093246106
3,280,2.1707037669964886,0.2062931229028944,0.7242985196107814,2.364657730661724
3,290,2.2155373244894654,0.21087894414240602,0.43808205637169956,2.4270680519988366
3,300,2.2508342377446833,0.19936411923753844,0.638935898181001,2.4894783733359493
3,310,2.2936096534735384,0.20121230443547267,0.44456061333542857,2.5518886946730626
3,320,2.311912078281533,0.20634562584814276,0.8123278647095212,2.6142990160101753
3,330,2.3400650833762358,0.20115384884151066,0.719631390125164,2.676709337347288
3,340,2.3775023457426814,0.20635979877177515,0.47163568268334916,2.7391196586844013
3,350,2.4138248513533114,0.20725298528483635,0.7403612289773702,2.801529980021514
3,360,2.441255202358534,0.20506489042657772,0.7881483687558598,2.8639403013586273
3,370,2.479752183065149,0.19944946399724506,0.43209137846931756,2.92635062269574
3,380,2.519121071189026,0.19822746258626028,0.48226604654147803,2.988760944032853
3,390,2.549479920453355,0.1977142011928071,0.6298788661969628,3.051171265369966
3,400,2.58686828100476,0.19653330185179452,0.48715996478280327,3.113581586707079
3,410,2.6251096539234275,0.1954150503502465,0.5637482949142946,3.1759919080441916
3,420,2.664845163932537,0.19346587645602112,0.39880969453587645,3.238402229381305
3,430,2.696449769611101,0.19281639743351944,0.6894025167279362,3.3008125507184176
3,440,2.7333231993869234,0.1909350844092803,0.43573922907811635,3.3632228720555304
3,450,2.7738570565352405,0.19372463761372324,0.5115210294910709,3.4256331933926436
3,460,2.8133180327346956,0.19736135579042816,0.47635517465269483,3.4880435147297564
3,470,2.847181481106178,0.19711246303347885,0.583661216502159,3.550453836066869
3,480,2.8808798968466407,0.19843431801379086,0.5413318106479814,3.6128641574039824
3,490,2.9127161528799044,0.19863138431597677,0.7580019650433322,3.675274478741095
3,500,2.946218879121259,0.1985447751914669,0.676083398221649,3.737684800078209
3,510,2.9681494794930052,0.19696202484394532,0.8871317233599199,3.800095121415321
3,520,2.9994317986458645,0.19673271578035112,0.7067051373624015,3.862505442752434
3,530,3.0307862189644363,0.19239625735115054,0.6852005251235486,3.9249157640895467
3,540,3.0559910050472534,0.19817247090430368,0.7890315457085333,3.98732608542666
3,550,3.0904504860333573,0.19462220614174067,0.6730642080498301,4.049736406763772
3,560,3.1234429110803097,0.19241210084380578,0.5292751578071969,4.112146728100885
3,570,3.1530636969115435,0.1885085689728435,0.5761137183884462,4.174557049437999
3,580,3.183175016903742,0.18138620521319865,0.6358090215184753,4.236967370775112
3,590,3.217410975898284,0.18287407737364095,0.5690760345746838,4.299377692112224
3,600,3.2444957606185545,0.18700714890081555,0.7042158511998488,4.361788013449338
3,610,3.2816387725865757,0.18874224214341748,0.47600365476510414,4.424198334786451
3,620,3.3204302517358872,0.1911601174119124,0.334552833781693,4.486608656123563
3,630,3.3515150236258764,0.1885723483443598,0.5876195411748666,4.549018977460676
3,640,3.376608547880061,0.19216914391588108,0.7728543977301205,4.611429298797789
3,650,3.4080608254409905,0.18573844135427922,0.6229698923493081,4.673839620134902
3,660,3.434495359315079,0.18659457892023135,0.7349746580072087,4.736249941472015
3,670,3.470670561552551,0.18473751278560607,0.4868963354835939,4.798660262809128
3,680,3.501575747321185,0.1862638143094825,0.5819752756044044,4.8610705841462405
3,690,3.5350565300973056,0.18672757529193143,0.5429059691219249,4.923480905483355
3,700,3.560981788550172,0.18614190744611356,0.6795305908251197,4.985891226820467
3,710,3.5918288872928,0.18867210926448036,0.6868105974599346,5.04830154815758
3,720,3.622348943994987,0.1863212530476548,0.6208674659460831,5.110711869494693
3,730,3.6458344504042777,0.18488926508203574,0.8841553203078545,5.173122190831806
3,740,3.676405736652562,0.1815994960359199,0.6024814376027599,5.235532512168918
3,750,3.699675355526918,0.17840179207346196,0.7029750243658601,5.297942833506031
3,760,3.7276436076917525,0.179791773142323,0.6912747716635135,5.3603531548431445
3,770,3.758404936123838,0.1848278505376561,0.7003400948885088,5.422763476180257
3,780,3.7836388560753287,0.17864110957854396,0.9061705711707748,5.485173797517371
3,790,3.816101231071013,0.17428095098268834,0.4985386986879806,5.547584118854483
3,800,3.8410826187806997,0.17171491772070266,0.7990997664299727,5.609994440191596
3,810,3.8724021096029126,0.17514465888951697,0.547622459739382,5.67240476152871
3,820,3.8991553526543186,0.18139294148751403,0.7898605986021059,5.734815082865822
3,830,3.9274692798990762,0.1816325778883863,0.6470050487655744,5.797225404202935
3,840,3.9490267896841535,0.18355741720241447,0.74000798975382,5.8596357255400475
3,850,3.9797881637118904,0.18396719433109915,0.5273762340463838,5.922046046877161
3,860,4.011219823086243,0.18685064146758298,0.526694160126688,5.984456368214273
3,870,4.0464680033358,0.18389252139863296,0.35692821754748194,6.046866689551387
3,880,4.076020916645961,0.1887241329579504,0.5952567150540797,6.1092770108884995
3,890,4.1057979189161875,0.1909510586138383,0.5407534293778844,6.171687332225613
3,900,4.135537898274438,0.1922036582023281,0.7321203354000093,6.234097653562726
3,910,4.165563151737617,0.19361281413493048,0.5171802712852819,6.296507974899838
3,920,4.196220461840442,0.19422720927920045,0.6447569027462517,6.3589182962369515
3,930,4.222469350791566,0.19527674431619793,0.6650479278725026,6.421328617574065
3,940,4.25010094854136,0.1957496130883362,0.6079115521682328,6.483738938911177
3,950,4.270100363728115,0.19780703548777206,0.9367094568063068,6.546149260248289
3,960,4.291734849302945,0.1993202427545115,0.619914171180356,6.6085595815854035
3,970,4.322844744542162,0.19833605121553716,0.5131594112056177,6.670969902922517
3,980,4.348989605186084,0.1975758977281285,0.6520110157992994,6.733380224259629
3,990,4.3751397501284925,0.2017089685469621,0.7582109921959606,6.795790545596741
3,1000,4.367365541040509,0.20029129476480162,0.46324627656901685,6.795790545596741
3,1010,4.355796059644335,0.20050547914309472,0.711832185348573,6.795790545596741
3,1020,4.351125039338841,0.19715329844050153,0.3702470757554675,6.795790545596741
3,1030,4.336399144662935,0.19553921286443546,0.6647058669104327,6.795790545596741
3,1040,4.324925591869927,0.19559295726651021,0.5988612463027645,6.795790545596741
3,1050,4.316859260110777,0.1944789860353484,0.4842991254958319,6.795790545596741
3,1060,4.305284767272592,0.19821110993008506,0.6007503419864566,6.795790545596741
3,1070,4.289903506019177,0.19841955453267077,0.7140646655671073,6.795790545596741
3,1080,4.282399017711496,0.1991534944952399,0.5582652439300074,6.795790545596741
3,1090,4.271317113412941,0.20168819638867957,0.6163969070857618,6.795790545596741
3,1100,4.26462432233727,0.20470710635068193,0.438134761964308,6.795790545596741
3,1110,4.2528025605253985,0.2065220507424216,0.7267801436423131,6.795790545596741
3,1120,4.242347493137891,0.2043931985300324,0.6666684699391426,6.795790545596741
3,1130,4.232045575191716,0.20558274798256196,0.5832513551683023,6.795790545596741
3,1140,4.22148190641632,0.20546486599128785,0.6216346684276403,6.795790545596741
3,1150,4.214864072917427,0.20564516974647035,0.3906279745717142,6.795790545596741
3,1160,4.204586885136129,0.20685838872124343,0.4551475472255289,6.795790545596741
3,1170,4.196835755664745,0.21004773233897606,0.46116473386658496,6.795790545596741
3,1180,4.188614856262407,0.21086019200550166,0.5654699495079252,6.795790545596741
3,1190,4.181359868646487,0.21135364617553826,0.49317314042818755,6.795790545596741
3,1200,4.173466008030488,0.20924568291933204,0.6268364170025238,6.795790545596741
3,1210,4.162522445151187,0.21111903520739306,0.7090866794188128,6.795790545596741
3,1220,4.153096326257777,0.20983155883026294,0.6443958484805027,6.795790545596741
3,1230,4.147215042258468,0.20861926320670118,0.43540280459234315,6.795790545596741
3,1240,4.140841524283433,0.20934698825916254,0.5241119477801719,6.795790545596741
3,1250,4.1330919496209795,0.2092846221784082,0.6001385781413894,6.795790545596741
3,1260,4.12766256102439,0.20981539063028154,0.4570726979897102,6.795790545596741
3,1270,4.119093752805989,0.2087651523818252,0.5908893123145709,6.795790545596741
3,1280,4.1092286053950104,0.20678576691981437,0.7046600392317616,6.795790545596741
3,1290,4.0970233469603,0.20716924356657138,0.7276521745219927,6.795790545596741
3,1300,4.089812786566532,0.20825906449082027,0.6066341405345745,6.795790545596741
3,1310,4.083894354968757,0.21204877366324104,0.46320213288975154,6.795790545596741
3,1320,4.075211889109763,0.2127193995805706,0.5322282673825294,6.795790545596741
3,1330,4.067647527986235,0.2123068859735544,0.6101864905597828,6.795790545596741
3,1340,4.058357294094581,0.21276637144921362,0.7401355320371577,6.795790545596741
3,1350,4.047521844245768,0.2131378490629648,0.7759545044137611,6.795790545596741
3,1360,4.037986562270015,0.21761658098828493,0.7682929660015854,6.795790545596741
3,1370,4.027960248307723,0.21918565261000342,0.6937548015218641,6.795790545596741
3,1380,4.0222169032346615,0.21730846489534023,0.43353356268338894,6.795790545596741
3,1390,4.013251282765265,0.213607012437962,0.604837859931582,6.795790545596741
3,1400,4.00254960527578,0.21403172202425047,0.8031243197523221,6.795790545596741
4,10,1.027310236346483,0.9718746357932799,0.6691162837917813,0.6795790545596742
4,20,1.090041298931094,0.9649158020131545,0.43631510044765215,0.7419893758967872
4,30,1.1473711276739658,0.95746305763662,0.5232783929500133,0.8043996972339
4,40,1.1891617094127587,0.9437282385581645,0.6663167518005828,0.8668100185710129
4,50,1.2574895204652234,0.9411492048157466,0.38511037936465664,0.9292203399081259
4,60,1.3165147883699977,0.9354102788619423,0.5128647084620195,0.991630661245239
4,70,1.3557715085307,0.9257388295617193,0.7738127831026145,1.054040982582352
4,80,1.4050745751576632,0.9165622946752436,0.5398803599543214,1.1164513039194648
4,90,1.4696993131746452,0.9158625725975029,0.32694765560720107,1.1788616252565778
4,100,1.5255098436797563,0.9117529438025581,0.49343701100124626,1.2412719465936908
4,110,1.5850207352372891,0.9097569255303373,0.45268478501988846,1.3036822679308036
4,120,1.6435661458370538,0.9024677238796174,0.5440642561764732,1.3660925892679165
4,130,1.701154749769854,0.8963061609465224,0.43331971462473906,1.4285029106050295
4,140,1.7437396594218308,0.8871974573622478,0.692030962741365,1.4909132319421423
4,150,1.7884703972321474,0.8802150750011822,0.6648729425473509,1.5533235532792553
4,160,1.8409489870028777,0.8724934761687548,0.5048119396207046,1.6157338746163685
4,170,1.8830184157747496,0.8613372316615244,0.7872438772377344,1.678144195953481
4,180,1.9239027509333968,0.8540845843337053,0.7234757857258183,1.7405545172905945
4,190,1.9793911370139439,0.8460848103104082,0.4087014240497807,1.802964838627707
4,200,2.0335823258729,0.8456609517086506,0.5405868308282256,1.8653751599648198
4,210,2.080471581011139,0.8383144222877841,0.6528992756234302,1.9277854813019333
4,220,2.1277989889348747,0.8310119879743236,0.6819433440581516,1.9901958026390458
4,230,2.1773832255306553,0.8303555767919755,0.47356763849885475,2.052606123976159
4,240,2.219016577094141,0.825200858734171,0.5928915973844857,2.115016445313272
4,250,2.266594767457123,0.8259540582576336,0.5922432280277199,2.177426766650385
4,260,2.31412702528557,0.822608248988915,0.6135173750261813,2.2398370879874974
4,270,2.3635123714980018,0.8232596036614936,0.6729638893110922,2.3022474093246106
4,280,2.4131732938742996,0.8256856762084388,0.6664700073084916,2.364657730661724
4,290,2.4524908063412303,0.8209556284512007,0.6262705823102965,2.4270680519988366
4,300,2.4890082009494505,0.821299145336972,0.9754046614416382,2.4894783733359493
4,310,2.5282048441219036,0.8174501280280165,0.822954105735269,2.5518886946730626
4,320,2.5740185767856945,0.8135860123177578,0.7125701761099293,2.6142990160101753
4,330,2.615520057513007,0.810970842246393,0.8028488545056142,2.676709337347288
4,340,2.6493466835387487,0.8109473355362086,0.7743407023842146,2.7391196586844013
4,350,2.694826576080631,0.8051505485096733,0.6218850916988677,2.801529980021514
4,360,2.7299155253233423,0.8003457740822811,0.8241767510771408,2.8639403013586273
4,370,2.7651674538305664,0.7964677882346239,0.7421717135183412,2.92635062269574
4,380,2.8039332148648985,0.7991266438448246,0.781388006027015,2.988760944032853
4,390,2.8375069237546997,0.7942526834400001,0.7720499968614908,3.051171265369966
4,400,2.88113704502362,0.7926455884133476,0.6006876638954762,3.113581586707079
4,410,2.9185057462813133,0.7907856386040875,0.7319244668217515,3.1759919080441916
4,420,2.9521927255232208,0.7894153684891767,0.7028615986761259,3.238402229381305
4,430,2.993079868208699,0.7875672908718477,0.4541906736422804,3.3008125507184176
4,440,3.0193330287428104,0.7820709830322568,0.7867631001492148,3.3632228720555304
4,450,3.053681378899591,0.7836047349349957,0.8206426678948878,3.4256331933926436
4,460,3.084796949885122,0.7814173852482234,0.7827806163541113,3.4880435147297564
4,470,3.1233008323082068,0.7842716179103377,0.6736219698428166,3.550453836066869
4,480,3.1657230291091105,0.7836319816579449,0.5237687345857889,3.6128641574039824
4,490,3.1917496506118272,0.7748073807219822,0.9017386547563266,3.675274478741095
4,500,3.2244702829623773,0.7687066012104031,0.9127204785168599,3.737684800078209
4,510,3.262844471396493,0.7715074093260503,0.4254797705002621,3.800095121415321
4,520,3.2959548904894698,0.7729347253825712,0.8146011888673718,3.862505442752434
4,530,3.335702125924824,0.776165136474894,0.7058344205765937,3.9249157640895467
4,540,3.3669030612768944,0.7744591701823675,0.6700729286195701,3.98732608542666
4,550,3.402072377734725,0.7692842480470872,0.8293365172094542,4.049736406763772
4,560,3.426710404717627,0.7688579919225935,0.8478987131667479,4.112146728100885
4,570,3.4564349168084285,0.769757834269241,0.6786210691513027,4.174557049437999
4,580,3.4914814188020675,0.7656469151145844,0.7405393731286152,4.236967370775112
4,590,3.519650140661494,0.7665493368699783,0.7814223170737341,4.299377692112224
4,600,3.5442604111449585,0.7687682129935604,0.8101733033001086,4.361788013449338
4,610,3.581933037418542,0.7692691308829963,0.473143526833163,4.424198334786451
4,620,3.6140634482324243,0.771556764056572,0.8215307096244755,4.486608656123563
4,630,3.6471988627391663,0.7757889959221584,0.6871516445518763,4.549018977460676
4,640,3.6855456996208824,0.7778592130062673,0.4109278130562307,4.611429298797789
4,650,3.7105321822312405,0.7796669821869582,0.848188954641525,4.673839620134902
4,660,3.7379985224815666,0.7748259942811802,0.9808757994601184,4.736249941472015
4,670,3.760822514849549,0.7767774602665125,0.9500096722336264,4.798660262809128
4,680,3.787794207215594,0.7792894154122371,0.7131372566322962,4.8610705841462405
4,690,3.8265303338482357,0.7790164105176063,0.6018336071024931,4.923480905483355
4,700,3.8573234059796206,0.776356334910929,0.7786888243827557,4.985891226820467
4,710,3.8880762027516482,0.7793262044697522,0.6023500669388031,5.04830154815758
4,720,3.923370623040233,0.7781947072200844,0.6518538921263743,5.110711869494693
4,730,3.9508093537110547,0.7802182678533875,0.7163760247285429,5.173122190831806
4,740,3.969797472741937,0.7825637274941338,0.8616342113978096,5.235532512168918
4,750,4.0065428145245,0.78008378753852,0.6506537712045599,5.297942833506031
4,760,4.032972330563636,0.7762535840996497,0.6428399744875299,5.3603531548431445
4,770,4.065297159291281,0.7765962031955465,0.6438452203839058,5.422763476180257
4,780,4.094834009870896,0.7777145686398572,0.68285570328223,5.485173797517371
4,790,4.125571554243927,0.7786261290385039,0.6502814604521665,5.547584118854483
4,800,4.143666521235898,0.7786283146069461,0.9284661010280295,5.609994440191596
4,810,4.165541929069314,0.781031678419648,0.6918782235120557,5.67240476152871
4,820,4.192232260961395,0.7789227162912966,0.6478029099205498,5.734815082865822
4,830,4.208404774527681,0.7793407624212364,0.9163294673604392,5.797225404202935
4,840,4.225918546258051,0.7829074696579356,0.8920171771467877,5.8596357255400475
4,850,4.251707431775451,0.7794530485117086,0.9829999999999999,5.922046046877161
4,860,4.269428518517975,0.7860269202669958,0.8815734215042654,5.984456368214273
4,870,4.291807697184647,0.7848600169023223,0.8323811711679829,6.046866689551387
4,880,4.317619396693304,0.7856247171218962,0.7434404716830199,6.1092770108884995
4,890,4.346078318690033,0.7885759433268316,0.7676455885833052,6.171687332225613
4,900,4.365407146077077,0.7899766250280097,0.8907840497844699,6.234097653562726
4,910,4.383812100436407,0.7940390587385016,0.8963264408028959,6.296507974899838
4,920,4.41349360286283,0.7957800175948256,0.8013988352743044,6.3589182962369515
4,930,4.433532102660813,0.7988788088963491,0.8866195473292684,6.421328617574065
4,940,4.460032488012834,0.7991752254904287,0.6398625498053793,6.483738938911177
4,950,4.479667035628301,0.799245807105829,0.7559589097289345,6.546149260248289
4,960,4.504380973055967,0.8039569448047801,0.7553902674659349,6.6085595815854035
4,970,4.532938545994872,0.8017160637158784,0.7233962283835635,6.670969902922517
4,980,4.551576907958831,0.8026794564312802,0.9377149405571966,6.733380224259629
4,990,4.5751588897271125,0.8017592156785135,0.8296145336147152,6.795790545596741
4,1000,4.549393739470558,0.8047495025798278,0.8079875970451834,6.795790545596741
4,1010,4.5267708322597,0.8067372506126085,0.741739789374033,6.795790545596741
4,1020,4.510825862292457,0.8087527722599778,0.7670163459281844,6.795790545596741
4,1030,4.4866412680113585,0.806782587445342,0.9663571264062154,6.795790545596741
4,1040,4.461817449346503,0.8082206972393025,0.8576408263830008,6.795790545596741
4,1050,4.440506496475522,0.8077804478448387,0.9833559686233849,6.795790545596741
4,1060,4.400715021478682,0.8089205612996178,0.99428,6.795790545596741
4,1070,4.383716048873168,0.8100684702503451,0.8276795744395191,6.795790545596741
4,1080,4.362381694264578,0.811183631879821,0.8727465798617586,6.795790545596741
4,1090,4.340848136986518,0.8133754708861263,0.7860019674134431,6.795790545596741
4,1100,4.314585890327119,0.8142150486196518,0.9363818161459605,6.795790545596741
4,1110,4.298921365920312,0.8142439040612266,0.7981314654987982,6.795790545596741
4,1120,4.272679383070551,0.813973943876986,0.9734000635808471,6.795790545596741
4,1130,4.253809543203141,0.8186088369588679,0.6970807098878653,6.795790545596741
4,1140,4.2337279999263515,0.8176864856531455,0.8361648913719838,6.795790545596741
4,1150,4.218924435864112,0.8203312210661655,0.7700520568828678,6.795790545596741
4,1160,4.2018375045278695,0.822136759259866,0.8078875437688536,6.795790545596741
4,1170,4.186265317976995,0.8228650291187495,0.6962410402449505,6.795790545596741
4,1180,4.163586628055484,0.8252781826698165,0.8354953402034159,6.795790545596741
4,1190,4.145961296056681,0.8247495071885034,0.8880662392052571,6.795790545596741
4,1200,4.134389786730441,0.8274766571144884,0.5868702606236128,6.795790545596741
4,1210,4.122828866165436,0.8283106714773896,0.7240435700997682,6.795790545596741
4,1220,4.101819530793639,0.8294706929220751,0.9909199999999998,6.795790545596741
4,1230,4.085902595484448,0.8342426768750073,0.8377268298568122,6.795790545596741
4,1240,4.064610506351751,0.8352987125348892,0.9009865049347916,6.795790545596741
4,1250,4.04588139371221,0.8368826783675394,0.7918849794750565,6.795790545596741
4,1260,4.032144674948404,0.8377213646536152,0.759805198734788,6.795790545596741
4,1270,4.014920139063594,0.8394600258678726,0.8039826752653877,6.795790545596741
4,1280,4.004151458571364,0.8409043414361295,0.5256496779425017,6.795790545596741
4,1290,3.988671017812636,0.8403066355178773,0.8639017523061172,6.795790545596741
4,1300,3.9713924181801126,0.8428580876586984,0.6813583598176078,6.795790545596741
4,1310,3.950783979376107,0.8445856711223894,0.8814381047052191,6.795790545596741
4,1320,3.9364881593832934,0.8467491773552869,0.7460387497344104,6.795790545596741
4,1330,3.9255999035461313,0.8482377753562051,0.5476051300463742,6.795790545596741
4,1340,3.907806343201608,0.8498654101778877,0.8163977098809528,6.795790545596741
4,1350,3.894080218114361,0.8518506055731258,0.7762646126865287,6.795790545596741
4,1360,3.8838919374816445,0.8486354686042129,0.6956827259913918,6.795790545596741
4,1370,3.8718809095069844,0.8485858993475324,0.7335774005698108,6.795790545596741
4,1380,3.858854582890439,0.848118704247099,0.7641487610820931,6.795790545596741
4,1390,3.84293001350944,0.850186960367376,0.8437214043928088,6.795790545596741
4,1400,3.8308310692469982,0.8504413715412693,0.6048058552850548,6.795790545596741
5,10,1.1188576033057598,0.8851302200591193,0.8106075075314789,0.6795790545596742
5,20,1.1643207545855012,0.8761334380674646,0.5840947585985846,0.7419893758967872
5,30,1.2245499691804809,0.871496923212865,0.4176979133173965,0.8043996972339
5,40,1.2832625903084143,0.8704840290423311,0.5543801563728565,0.8668100185710129
5,50,1.3247466808954984,0.8667554352442715,0.7218057351119653,0.9292203399081259
5,60,1.3748131016766734,0.8611878672719477,0.5215446546219753,0.991630661245239
5,70,1.3985465784627455,0.85359328433551,0.7500774226229446,1.054040982582352
5,80,1.4516795553672202,0.8502577752147802,0.5541939344192766,1.1164513039194648
5,90,1.4962921754726595,0.847905989754307,0.565190802951739,1.1788616252565778
5,100,1.5239823001206945,0.8457370380885048,0.8979916203981079,1.2412719465936908
5,110,1.5560825295727334,0.8388186336705623,0.6884180221664441,1.3036822679308036
5,120,1.5831211286617262,0.8339727073089804,0.7643809189242454,1.3660925892679165
5,130,1.6098952723057847,0.8262443142303486,0.8527810818663294,1.4285029106050295
5,140,1.641835295225239,0.8234918725257803,0.701634657208255,1.4909132319421423
5,150,1.6807853567937752,0.8244426149767766,0.6455175138106407,1.5533235532792553
5,160,1.6946359576969645,0.8130047756415129,0.8926266048995473,1.6157338746163685
5,170,1.7286587592181855,0.8081617329955064,0.6341479331071314,1.678144195953481
5,180,1.7768262921751816,0.8060552644975061,0.4901607327227285,1.7405545172905945
5,190,1.80660866713134,0.805945052509561,0.6495084562119119,1.802964838627707
5,200,1.8304846974562454,0.7997861397019722,0.6999134229525725,1.8653751599648198
5,210,1.8507189461620634,0.8019758077344724,0.7305901947786505,1.9277854813019333
5,220,1.8790711603464778,0.8050746678606135,0.7295506183443202,1.9901958026390458
5,230,1.9077842554343012,0.7999876364871026,0.771055829864322,2.052606123976159
5,240,1.930530856953416,0.7955288351572584,0.8549637255330707,2.115016445313272
5,250,1.9475004642408074,0.7910673204684073,0.9164731795432708,2.177426766650385
5,260,1.9726313223267073,0.7967967705325241,0.7384342644612386,2.2398370879874974
5,270,1.9915775111731964,0.7978486939330096,0.8079186308687403,2.3022474093246106
5,280,2.026238986306442,0.7971885169313342,0.684753807247122,2.364657730661724
5,290,2.045252325037008,0.792750176008415,0.7430394219838365,2.4270680519988366
5,300,2.073981846989968,0.7946011493369809,0.6528143041110485,2.4894783733359493
5,310,2.1120787606391196,0.7926872513733627,0.40965747869496016,2.5518886946730626
5,320,2.1310989236926616,0.7895295638861926,0.8067353395174918,2.6142990160101753
5,330,2.148826845114612,0.7934204933845795,0.9021025826937915,2.676709337347288
5,340,2.17298263379441,0.7964724157562644,0.8300799439105392,2.7391196586844013
5,350,2.1900546280280695,0.7984359427257939,0.9244776254217617,2.801529980021514
5,360,2.212641146610506,0.7981943563703522,0.7961754764223465,2.8639403013586273
5,370,2.2215026154685065,0.7949318999614705,0.9080986387737356,2.92635062269574
5,380,2.2376762485657107,0.7934925108047204,0.878392185491576,2.988760944032853
5,390,2.2596549758895805,0.7926261561969032,0.7016420007588162,3.051171265369966
5,400,2.285870096732837,0.7894507743052375,0.7721242021021799,3.113581586707079
5,410,2.306961903266026,0.7907262024265819,0.8248065570470591,3.1759919080441916
5,420,2.3362878597386616,0.7907986152550575,0.5599236942828705,3.238402229381305
5,430,2.353329791596537,0.7944314951523723,0.8353168786649643,3.3008125507184176
5,440,2.38391468057946,0.7919715332199473,0.6651910315230387,3.3632228720555304
5,450,2.411258753494613,0.7946310209051118,0.6497939244347355,3.4256331933926436
5,460,2.4401238576612134,0.7914984528801946,0.7027565973132436,3.4880435147297564
5,470,2.4657563925515316,0.7905296922944063,0.8919405297438155,3.550453836066869
5,480,2.496208959390962,0.7918200826478585,0.6069167750606598,3.6128641574039824
5,490,2.5215816092285444,0.7959093084032067,0.6508712511395098,3.675274478741095
5,500,2.5340451171324054,0.7995528932064347,0.8371777183732917,3.737684800078209
5,510,2.5563269855006556,0.8048006372232737,0.8375870788310351,3.800095121415321
5,520,2.5878906996622844,0.803456612340973,0.5454193433657292,3.862505442752434
5,530,2.6152213225386367,0.8034182166151356,0.7645735927033789,3.9249157640895467
5,540,2.6424378580699677,0.8038781453139248,0.5523042756159215,3.98732608542666
5,550,2.666654660368132,0.8033966562436723,0.7736360916696162,4.049736406763772
5,560,2.6960656792848248,0.8076163446594763,0.530378413447895,4.112146728100885
5,570,2.7282053622967792,0.8070981168151089,0.5669210633123019,4.174557049437999
5,580,2.7532123936555717,0.8095898586627805,0.6131673996460557,4.236967370775112
5,590,2.7804122239499263,0.8136949914605325,0.6189116061806614,4.299377692112224
5,600,2.810640089816165,0.8151752843042425,0.5663234410730185,4.361788013449338
5,610,2.8431835248242283,0.8166843513275117,0.5951274027975534,4.424198334786451
5,620,2.872537466421541,0.8177323300730467,0.7577905059261615,4.486608656123563
5,630,2.8996034184594817,0.8218935790346319,0.713822992561949,4.549018977460676
5,640,2.928033559760817,0.8256490811978097,0.753068993176667,4.611429298797789
5,650,2.9557333955605065,0.8284674170458698,0.6710158712245217,4.673839620134902
5,660,2.9781925575162074,0.8285346097878308,0.8212366646524201,4.736249941472015
5,670,3.00318616546532,0.8309630351657606,0.6992291398983628,4.798660262809128
5,680,3.031560898228035,0.8335206527945229,0.7138802863418325,4.8610705841462405
5,690,3.0584212408058256,0.8374298748683667,0.6216885050910179,4.923480905483355
5,700,3.0835570870573923,0.8398931864979888,0.6290651771151707,4.985891226820467
5,710,3.106387524222776,0.8439962009104696,0.703519991726651,5.04830154815758
5,720,3.1273080591929783,0.8467920936581982,0.8237981035222056,5.110711869494693
5,730,3.153190163931173,0.8511566073273173,0.8332946956221224,5.173122190831806
5,740,3.175481378948319,0.8541658617360707,0.8035154943376162,5.235532512168918
5,750,3.198644371812116,0.8561736998024185,0.8035557274083148,5.297942833506031
5,760,3.222259198171346,0.8590654944662113,0.7020314376990429,5.3603531548431445
5,770,3.2495820359416783,0.8618346377704871,0.5882283402594395,5.422763476180257
5,780,3.279503025778114,0.8609362112856923,0.6028701903564688,5.485173797517371
5,790,3.301667805790918,0.8660282810161166,0.7941398269313437,5.547584118854483
5,800,3.3207487187255054,0.8704425133721762,0.8842980836196201,5.609994440191596
5,810,3.347448525272757,0.8724076321701398,0.6754480686738542,5.67240476152871
5,820,3.376908040318016,0.8732519404521732,0.5018134855080879,5.734815082865822
5,830,3.400053897452639,0.8748410487512298,0.8234136380981063,5.797225404202935
5,840,3.4252803958528237,0.8787953024852938,0.7236713462740061,5.8596357255400475
5,850,3.451265717187759,0.8806978478758685,0.714910717252449,5.922046046877161
5,860,3.472403185212117,0.8831641156117,0.694197462249181,5.984456368214273
5,870,3.4981850960428384,0.8867578910003513,0.7573019226956861,6.046866689551387
5,880,3.522085330246027,0.8888299408505571,0.7818961716428598,6.1092770108884995
5,890,3.5472862609414446,0.8899828614467431,0.7131612586828401,6.171687332225613
5,900,3.5747356661150658,0.8905698414502372,0.5556929251307643,6.234097653562726
5,910,3.6036444388761035,0.8915521030215907,0.5541060891183033,6.296507974899838
5,920,3.6227991401392807,0.8918561299688139,0.808903098557481,6.3589182962369515
5,930,3.650572672292897,0.8920375113910797,0.5658104122036127,6.421328617574065
5,940,3.6754912829307864,0.8923805229834101,0.6336275115058942,6.483738938911177
5,950,3.704162207791015,0.890405609141452,0.6347583821769703,6.546149260248289
5,960,3.731494769486551,0.8919348885111525,0.46095390093736316,6.6085595815854035
5,970,3.7507716188647104,0.8942076735388282,0.7439189950234798,6.670969902922517
5,980,3.7742875511924194,0.8948851346857981,0.8386364683837098,6.733380224259629
5,990,3.797462515559248,0.8962748051804462,0.8258089300026004,6.795790545596741
5,1000,3.786177689458252,0.8989447780400379,0.707038904131533,6.795790545596741
5,1010,3.7747841844507297,0.9001834942935931,0.6819349522240452,6.795790545596741
5,1020,3.765928122197208,0.9002152614205281,0.5855966427295928,6.795790545596741
5,1030,3.7571252552983543,0.9021331158813675,0.6827974221759936,6.795790545596741
5,1040,3.743927015315999,0.9046356557810122,0.6850075012717725,6.795790545596741
5,1050,3.7332102277894856,0.9058563538385432,0.7038289829724207,6.795790545596741
5,1060,3.7245650343259182,0.9070689616332299,0.6212532541121509,6.795790545596741
5,1070,3.713576022991357,0.9101368637646876,0.8382858267903037,6.795790545596741
5,1080,3.7089883888650834,0.9116836582590939,0.5413231672294423,6.795790545596741
5,1090,3.702112298671434,0.9126410942925681,0.6371158303748689,6.795790545596741
5,1100,3.692498290682325,0.9122828000422236,0.8024886099283133,6.795790545596741
5,1110,3.682815250843948,0.9117880813457977,0.6788648419180114,6.795790545596741
5,1120,3.675139589686376,0.9122354901871768,0.5664611386517817,6.795790545596741
5,1130,3.6678741482408523,0.9136867412818398,0.6822090079516228,6.795790545596741
5,1140,3.659003989985462,0.9146648160495772,0.7035457623003218,6.795790545596741
5,1150,3.650029464583135,0.9161333077020715,0.6370823290701637,6.795790545596741
5,1160,3.6441790363144255,0.9166950661997826,0.6069196155587963,6.795790545596741
5,1170,3.6340766042600525,0.9180427608903811,0.7847223263859987,6.795790545596741
5,1180,3.6296400404386775,0.9196830880475726,0.5352138948013869,6.795790545596741
5,1190,3.623257023167976,0.9200969613599532,0.6545418397982481,6.795790545596741
5,1200,3.6151569151616343,0.9206428736930793,0.749449859017835,6.795790545596741
5,1210,3.606158596872364,0.9218396519977077,0.792887515438103,6.795790545596741
5,1220,3.596035286961692,0.9220197480724807,0.6394431705462604,6.795790545596741
5,1230,3.588802602631175,0.9219234711682798,0.7178158751241435,6.795790545596741
5,1240,3.5823726891147554,0.9227987150294431,0.5201126501614797,6.795790545596741
5,1250,3.575143960664921,0.9230882057691048,0.599928887521679,6.795790545596741
5,1260,3.5695517501709206,0.9249398196401022,0.6508483009498602,6.795790545596741
5,1270,3.560140626683258,0.925563057591263,0.7158829916435144,6.795790545596741
5,1280,3.5532915504173253,0.9244171617932768,0.6662663254246951,6.795790545596741
5,1290,3.5437719864436827,0.9271635930611218,0.7974287031458042,6.795790545596741
5,1300,3.538066944899205,0.9273922661705333,0.5057732840819662,6.795790545596741
5,1310,3.5307888073981877,0.9288222892721746,0.5956666803818577,6.795790545596741
5,1320,3.523205299960083,0.9294631988885043,0.7563832541753842,6.795790545596741
5,1330,3.5148860956263173,0.9310092124193201,0.7711324491350197,6.795790545596741
5,1340,3.5108948671657467,0.9319860670191683,0.5338113716256374,6.795790545596741
5,1350,3.504211087318237,0.9325616580547709,0.7573053663845966,6.795790545596741
5,1360,3.49321506271969,0.9329251209916881,0.8235724806670174,6.795790545596741
5,1370,3.4888333730346703,0.9347440280255629,0.4832761114098464,6.795790545596741
5,1380,3.4808267178956127,0.9351354893000481,0.8226384159878014,6.795790545596741
5,1390,3.4745832495994313,0.9353329362748031,0.6255325365784475,6.795790545596741
5,1400,3.467174982220838,0.9370970844893101,0.8620122988301915,6.795790545596741
6,10,2.817687353282877,0.06709758124145632,0.9777568012744984,0.6795790545596742
6,20,2.955624264274466,0.07901079383521856,0.992530612244898,0.7419893758967872
6,30,3.089600387555605,0.10392738744052075,0.9931157188019067,0.8043996972339
6,40,3.2201654860786055,0.13330018106396327,0.9278625642064174,0.8668100185710129
6,50,3.3267500684267803,0.14223646693251188,0.9958163265306121,0.9292203399081259
6,60,3.4447892707520142,0.15426768934071053,0.9110122686997592,0.991630661245239
6,70,3.570119371178447,0.17000333499309705,0.9920408163265305,1.054040982582352
6,80,3.6899154122100724,0.18580432120576887,0.9933877551020409,1.1164513039194648
6,90,3.7772120350217806,0.19360142140384767,0.9945918367346938,1.1788616252565778
6,100,3.868022752360236,0.1902638708443864,0.9923877551020407,1.2412719465936908
6,110,3.966233402769248,0.18324848934699686,0.9946530612244897,1.3036822679308036
6,120,4.051580787254727,0.1885184855845297,0.9940204081632652,1.3660925892679165
6,130,4.124403339170836,0.20308861518077745,0.9927551020408163,1.4285029106050295
6,140,4.192971696455894,0.21741802745112263,0.9953469387755101,1.4909132319421423
6,150,4.276636235839852,0.21447290709818856,0.9910612244897958,1.5533235532792553
6,160,4.346913626555652,0.21120106798844582,0.9924081632653061,1.6157338746163685
6,170,4.428677482391608,0.2199305149484176,0.9949795918367347,1.678144195953481
6,180,4.491224112191201,0.2391038656894257,0.9950408163265306,1.7405545172905945
6,190,4.544659056664482,0.23540034329072101,0.9811836734693877,1.802964838627707
6,200,4.6112516743228325,0.24367395994154875,0.9916734693877551,1.8653751599648198
6,210,4.676598654714432,0.2515571236010013,0.9964897959183674,1.9277854813019333
6,220,4.715526887201813,0.25072792841661673,0.9923877551020409,1.9901958026390458
6,230,4.754055689322897,0.25716610863241,0.9948367346938773,2.052606123976159
6,240,4.797455454178971,0.2537743094928206,0.9899591836734694,2.115016445313272
6,250,4.838133353191754,0.25475852299675406,0.9933877551020407,2.177426766650385
6,260,4.8858301355717515,0.2503737821472134,0.9873673469387754,2.2398370879874974
6,270,4.9085987922934695,0.24768677858345226,0.9905510204081631,2.3022474093246106
6,280,4.956252838571066,0.2572362757079731,0.9943469387755102,2.364657730661724
6,290,4.966781913981945,0.26339893754989735,0.9932448979591836,2.4270680519988366
6,300,4.989983083691454,0.26659345745009294,0.9958775510204081,2.4894783733359493
6,310,5.02471076932486,0.26688783222437856,0.9978979591836733,2.5518886946730626
6,320,5.043724968213867,0.2627082697921917,0.9920408163265307,2.6142990160101753
6,330,5.070681648660859,0.26998554878637,0.9955306122448981,2.676709337347288
6,340,5.098071015468605,0.2716825223357117,0.9940204081632654,2.7391196586844013
6,350,5.127198051208783,0.2750722333234524,0.983877551020408,2.801529980021514
6,360,5.144988900162242,0.2787615467498233,0.989326530612245,2.8639403013586273
6,370,5.159655624853374,0.285154706551631,0.9922857142857142,2.92635062269574
6,380,5.1644090258802695,0.27867200126198755,0.9898571428571428,2.988760944032853
6,390,5.17000243481133,0.2843171866007133,0.9896326530612244,3.051171265369966
6,400,5.1914046542695935,0.28414256265364124,0.9873061224489798,3.113581586707079
6,410,5.172959303921953,0.2831028489287572,0.994265306122449,3.1759919080441916
6,420,5.1768942108188085,0.27618849093477504,0.9848775510204082,3.238402229381305
6,430,5.186637854096221,0.27632514071103964,0.9935510204081632,3.3008125507184176
6,440,5.170680677495405,0.2776535142616462,0.9948571428571429,3.3632228720555304
6,450,5.191100486846803,0.2864801030788836,0.9958775510204081,3.4256331933926436
6,460,5.198729919624551,0.2825194850751997,0.9941632653061225,3.4880435147297564
6,470,5.189478438745342,0.2814351445865558,0.9958979591836734,3.550453836066869
6,480,5.188344657767607,0.28471191035526366,0.9982448979591837,3.6128641574039824
6,490,5.1717343453103926,0.2810728991499962,0.9926122448979591,3.675274478741095
6,500,5.171631751189237,0.28256431526505843,0.9932448979591836,3.737684800078209
6,510,5.168806158702591,0.28356640596256844,0.932034279682991,3.800095121415321
6,520,5.15760103250792,0.28602319459018327,0.9954897959183672,3.862505442752434
6,530,5.1810849889469495,0.2882792037826154,0.9905102040816326,3.9249157640895467
6,540,5.1893616759112815,0.2923890146934847,0.8999308797090204,3.98732608542666
6,550,5.178515497639239,0.2975176481902491,0.9920204081632653,4.049736406763772
6,560,5.166309270795321,0.2936919121552222,0.9922040816326531,4.112146728100885
6,570,5.172658465806617,0.2943289031099611,0.9968979591836735,4.174557049437999
6,580,5.170063943696949,0.2973458156555341,0.9951428571428572,4.236967370775112
6,590,5.145823680716523,0.294898112307676,0.9967959183673468,4.299377692112224
6,600,5.157162783606141,0.3016906541422659,0.9307975426667076,4.361788013449338
6,610,5.174134466105764,0.3012799815691908,0.9094255379446967,4.424198334786451
6,620,5.162911726349714,0.301269300902798,0.9943673469387754,4.486608656123563
6,630,5.156151000946877,0.3045770842156784,0.9377689918857242,4.549018977460676
6,640,5.153175227999849,0.3060405516129962,0.9926938775510203,4.611429298797789
6,650,5.150958085001161,0.3082900257732592,0.9386209241113219,4.673839620134902
6,660,5.1632606938570875,0.3079841760970413,0.9874285714285715,4.736249941472015
6,670,5.15359411374689,0.30632177842205416,0.993673469387755,4.798660262809128
6,680,5.134465347090776,0.30357702333602377,0.9946530612244897,4.8610705841462405
6,690,5.111812553195609,0.3025673610590092,0.9916326530612244,4.923480905483355
6,700,5.097074898532868,0.30460010185390146,0.9332066977718634,4.985891226820467
6,710,5.100728242661766,0.30387935460837906,0.8182411883077563,5.04830154815758
6,720,5.096660119949079,0.3065558081674447,0.9676262931216278,5.110711869494693
6,730,5.069415646317275,0.30570273053708324,0.986673469387755,5.173122190831806
6,740,5.046410131589879,0.30980324313295704,0.9090095481677354,5.235532512168918
6,750,5.0391153893094955,0.3144392804275252,0.9634289169205339,5.297942833506031
6,760,5.020825667017881,0.3161403596228752,0.8951129084172431,5.3603531548431445
6,770,4.9963717467794675,0.31737127990148173,0.8593145211832379,5.422763476180257
6,780,4.99205386885717,0.3151405258629591,0.7503935670932795,5.485173797517371
6,790,4.983904635342652,0.319902520493369,0.9540887964185494,5.547584118854483
6,800,4.983377556907894,0.31640572185349075,0.9005356952613427,5.609994440191596
6,810,4.994632471826433,0.3170540269778349,0.9525247493246212,5.67240476152871
6,820,5.0027401325905005,0.31459162248334466,0.9089783151825831,5.734815082865822
6,830,4.999560723868411,0.31479028957021726,0.993081632653061,5.797225404202935
6,840,5.00268355643381,0.32244248817377436,0.9435865466572919,5.8596357255400475
6,850,4.997045250182621,0.32304569281393153,0.9935306122448979,5.922046046877161
6,860,5.000189503150451,0.320708773929232,0.9144820364954768,5.984456368214273
6,870,4.9810739407792415,0.32145533010986105,0.9930408163265305,6.046866689551387
6,880,4.978571517158241,0.3191949384562751,0.9906530612244897,6.1092770108884995
6,890,4.937892427125929,0.31393732151029996,0.9568030633836206,6.171687332225613
6,900,4.9036898660057,0.3175706602009754,0.9902040816326532,6.234097653562726
6,910,4.898880997556256,0.318185809864205,0.870471747125138,6.296507974899838
6,920,4.874833754679574,0.31716825809021026,0.9923673469387755,6.3589182962369515
6,930,4.854248431606035,0.3155916322661606,0.9926326530612245,6.421328617574065
6,940,4.852447864972792,0.3148303683885905,0.9934897959183674,6.483738938911177
6,950,4.838154578545938,0.3133992644294574,0.8160606472802963,6.546149260248289
6,960,4.819098792944425,0.3114098423279905,0.9877142857142859,6.6085595815854035
6,970,4.816543297943101,0.31002349964596965,0.8876946057082684,6.670969902922517
6,980,4.795209319467987,0.30860187291085006,0.9897755102040817,6.733380224259629
6,990,4.778461297654432,0.30959356150558553,0.9975306122448979,6.795790545596741
6,1000,4.710902128982367,0.3044621335363792,0.8983503037005691,6.795790545596741
6,1010,4.674638676843216,0.30548858612222596,0.653038068223707,6.795790545596741
6,1020,4.620788862432107,0.30351731576687124,0.9224388960540297,6.795790545596741
6,1030,4.590452293769104,0.3031025856053729,0.9600480362627091,6.795790545596741
6,1040,4.545931879850929,0.3067799197485527,0.744366823470809,6.795790545596741
6,1050,4.509519500851386,0.30928517027096436,0.9066658603966488,6.795790545596741
6,1060,4.44627492419051,0.3085891404754031,0.9838248985337484,6.795790545596741
6,1070,4.408930730417943,0.30451699381888814,0.8909097158379918,6.795790545596741
6,1080,4.370576574023193,0.3035395702619658,0.9925102040816327,6.795790545596741
6,1090,4.341807939354718,0.3064675576461999,0.9160515660145083,6.795790545596741
6,1100,4.2901105216850075,0.3092687662977611,0.9804567794953855,6.795790545596741
6,1110,4.242136750191898,0.3123834406601359,0.9963673469387755,6.795790545596741
6,1120,4.203811961035196,0.31144041840715136,0.9155699317207441,6.795790545596741
6,1130,4.1651945398335455,0.3127175577134872,0.9065274165617586,6.795790545596741
6,1140,4.121761666699055,0.3090309061320161,0.8943428356001121,6.795790545596741
6,1150,4.082811757340977,0.30693731510922106,0.9916938775510202,6.795790545596741
6,1160,4.019321974787882,0.3071575797980748,0.994265306122449,6.795790545596741
6,1170,3.989152990487014,0.309190415440631,0.8141804198255729,6.795790545596741
6,1180,3.950047943271475,0.3071170568961786,0.9920816326530613,6.795790545596741
6,1190,3.900281446536935,0.30733353796325436,0.9432230766381196,6.795790545596741
6,1200,3.8587950337564916,0.30311859682041803,0.9531242736077324,6.795790545596741
6,1210,3.811477418429076,0.3006742089119209,0.9001322623387906,6.795790545596741
6,1220,3.7656818350651187,0.29712231804524286,0.9774627118278246,6.795790545596741
6,1230,3.730402475281318,0.2926768517356639,0.9913674366514812,6.795790545596741
6,1240,3.6944253118377026,0.29062221593208054,0.8371203645203421,6.795790545596741
6,1250,3.6665218211102726,0.292427727929588,0.9188751428718867,6.795790545596741
6,1260,3.6237691872619817,0.2960020797446419,0.834888323650637,6.795790545596741
6,1270,3.589999504890944,0.2953691371219221,0.9908163265306122,6.795790545596741
6,1280,3.5633465204525425,0.2956085414864439,0.9386379812541152,6.795790545596741
6,1290,3.54360856498559,0.29676841477259763,0.9914888471500012,6.795790545596741
6,1300,3.5086984612077234,0.2949499568072006,0.9562927946273347,6.795790545596741
6,1310,3.4775876972725945,0.2937310412451405,0.9049524984639291,6.795790545596741
6,1320,3.4417746123536728,0.29378891667946516,0.9929795918367349,6.795790545596741
6,1330,3.418257616086768,0.29644307755646326,0.9162739182721558,6.795790545596741
6,1340,3.383050063510232,0.2931009200169201,0.8972445783263382,6.795790545596741
6,1350,3.355715141088851,0.29303279430761636,0.9070495102524063,6.795790545596741
6,1360,3.3273417582116833,0.2922350459990562,0.9619454079684754,6.795790545596741
6,1370,3.3070451934014433,0.2898514183297914,0.7603622186922665,6.795790545596741
6,1380,3.2819585414746237,0.28760964757154156,0.9597016814836434,6.795790545596741
6,1390,3.251171108673944,0.2877857162503096,0.90744178729734,6.795790545596741
6,1400,3.224234907055447,0.2883803741747716,0.9019575299464192,6.795790545596741
7,10,0.4708034183837726,0.19205220794217262,0.4100582744153417,0.6795790545596742
7,20,0.5041005686291026,0.19098053006563848,0.2451047864681418,0.7419893758967872
7,30,0.5183462770505188,0.18286551817904892,0.5647828355680458,0.8043996972339
7,40,0.548278005220353,0.17839197547563052,0.2547502665541575,0.8668100185710129
7,50,0.5702447348427706,0.18468511015721123,0.513237649613163,0.9292203399081259
7,60,0.5989552743108291,0.19104836921292231,0.3169727855136915,0.991630661245239
7,70,0.6228068120291171,0.20204787082375314,0.4837863805207435,1.054040982582352
7,80,0.640468478488963,0.19080982996258605,0.6716937053452192,1.1164513039194648
7,90,0.6665648719988568,0.19438355482228262,0.39072101363394346,1.1788616252565778
7,100,0.6920879882261857,0.18530482815779878,0.3958708125594631,1.2412719465936908
7,110,0.7166143915106371,0.18660522034476584,0.4094884310523851,1.3036822679308036
7,120,0.7461244371084261,0.18544830321018832,0.22776834796803724,1.3660925892679165
7,130,0.7736488384882264,0.1831006405325241,0.29326412709957045,1.4285029106050295
7,140,0.7952129318614382,0.1766109491034073,0.5367583887626071,1.4909132319421423
7,150,0.8122760442860021,0.17288553972254186,0.6655694419804922,1.5533235532792553
7,160,0.8359795775699065,0.18015020622080866,0.43031879147623775,1.6157338746163685
7,170,0.8563989163340504,0.1810027356995498,0.5747500633588188,1.678144195953481
7,180,0.8755119304508215,0.1870684443512784,0.5760796231220543,1.7405545172905945
7,190,0.8977151133306992,0.18796958587142001,0.41257368284452645,1.802964838627707
7,200,0.9143659877493351,0.19324547502157663,0.5486857535889355,1.8653751599648198
7,210,0.9317225268702335,0.19185448386965856,0.5948166338504408,1.9277854813019333
7,220,0.9436694052123193,0.1893587353066087,0.761165386264527,1.9901958026390458
7,230,0.9560336804941478,0.19061035041409036,0.8045837424156839,2.052606123976159
7,240,0.9667787363247482,0.1871428654701042,0.7485361080487778,2.115016445313272
7,250,0.9763674786580677,0.1815076766091095,0.7606975547417686,2.177426766650385
7,260,0.9925832470320023,0.18177151762446575,0.5851714771199865,2.2398370879874974
7,270,1.003595151509385,0.1814863104358997,0.7593880471242479,2.3022474093246106
7,280,1.0141197308505014,0.18437494312346314,0.7451850569280885,2.364657730661724
7,290,1.0224339675436296,0.182784965557437,0.9376402696586921,2.4270680519988366
7,300,1.0325858841497735,0.18506101876638786,0.7624045896427266,2.4894783733359493
7,310,1.0424286815224686,0.1819045175824708,0.7603044939596757,2.5518886946730626
7,320,1.0535932430962318,0.18041145481315646,0.6580693717503986,2.6142990160101753
7,330,1.0657910940788864,0.179419832147156,0.6215197743149079,2.676709337347288
7,340,1.076187343553011,0.1805540020329013,0.7395346814225795,2.7391196586844013
7,350,1.0871222774367444,0.18441243097840793,0.7120609058260942,2.801529980021514
7,360,1.0989430706382468,0.18590474813607968,0.6548787618839168,2.8639403013586273
7,370,1.0998481361625394,0.18535112637112394,0.9947812500000002,2.92635062269574
7,380,1.1083635171369837,0.18158895249861823,0.8855359519349737,2.988760944032853
7,390,1.116334093640624,0.18610789298391456,0.7778205683777334,3.051171265369966
7,400,1.1216708187159377,0.18544493302342013,0.8359233314461013,3.113581586707079
7,410,1.1263106916201253,0.18550569743236883,0.9636734144223096,3.1759919080441916
7,420,1.1312604466080844,0.18616209570960057,0.9460752132427446,3.238402229381305
7,430,1.1347116813542395,0.18735028465433343,0.8576176916153164,3.3008125507184176
7,440,1.1360581374657517,0.19284301495858813,0.9204719502961153,3.3632228720555304
7,450,1.1401937149048647,0.19535567671040227,0.8766555602222995,3.4256331933926436
7,460,1.14874595172236,0.19283592282081916,0.7946162919454431,3.4880435147297564
7,470,1.1515906016544846,0.19749616445573331,0.8924389321595825,3.550453836066869
7,480,1.150632775820853,0.20027820991736375,0.97015910581352,3.6128641574039824
7,490,1.1498188414356953,0.20731223996026799,0.9927707462920032,3.675274478741095
7,500,1.152861946902428,0.20768368817802618,0.7850505548667134,3.737684800078209
7,510,1.1620492546545729,0.20514431396550808,0.5519010158343816,3.800095121415321
7,520,1.1653881451401478,0.20127493371408756,0.9308742748236917,3.862505442752434
7,530,1.167406175043861,0.20016200292724246,0.6977884642839178,3.9249157640895467
7,540,1.1672635514397585,0.20105868332761545,0.8995217272990337,3.98732608542666
7,550,1.1619441908652004,0.19566270625013676,0.9727214668620002,4.049736406763772
7,560,1.157836899239857,0.19112462313052292,0.9074278495960069,4.112146728100885
7,570,1.160006577606588,0.19225118320854634,0.8706906804356421,4.174557049437999
7,580,1.160642394786821,0.18795666640025568,0.8967805374074821,4.236967370775112
7,590,1.1633025726906334,0.19091232950890638,0.9028835153202573,4.299377692112224
7,600,1.1636520852353633,0.18934291553203672,0.8496285937723018,4.361788013449338
7,610,1.1646149561437906,0.1885692053736138,0.8963390680588985,4.424198334786451
7,620,1.1629619120868413,0.18533566608479787,0.7675309072680008,4.486608656123563
7,630,1.1604537285412235,0.18808944236387168,0.8134952191416727,4.549018977460676
7,640,1.1657121718669958,0.18905128905562393,0.5944175804536649,4.611429298797789
7,650,1.1610595263554389,0.18800817891653235,0.7091863730038228,4.673839620134902
7,660,1.1616400688873163,0.1852280215049528,0.7777518122147438,4.736249941472015
7,670,1.159320263084843,0.18559588330188947,0.9715197970053321,4.798660262809128
7,680,1.1583706462766716,0.1835220568098566,0.951340676399885,4.8610705841462405
7,690,1.1532352412373599,0.18313212376482213,0.8905429638012725,4.923480905483355
7,700,1.1564470221058771,0.1835383387500889,0.5657020881115502,4.985891226820467
7,710,1.1559481436232193,0.18679407059887754,0.8222645797900366,5.04830154815758
7,720,1.1514987325036465,0.1882317691872435,0.9107124121810928,5.110711869494693
7,730,1.1508224660276123,0.18927169778579817,0.8058183630409241,5.173122190831806
7,740,1.1517843334792766,0.18833268591855484,0.7229334615156142,5.235532512168918
7,750,1.146089255768696,0.18526825129510918,0.8354281541733158,5.297942833506031
7,760,1.1436405869133468,0.18464140031619625,0.8202242721792998,5.3603531548431445
7,770,1.1384466438165102,0.1846516972193397,0.934722139784153,5.422763476180257
7,780,1.1413578372350326,0.18661478497125367,0.7262610659753006,5.485173797517371
7,790,1.134407629154963,0.1824192483694771,0.9906718749999998,5.547584118854483
7,800,1.1335260843851314,0.1828103037784849,0.7812157456167657,5.609994440191596
7,810,1.1290844028046598,0.18008743928809215,0.9016748661522278,5.67240476152871
7,820,1.125057965668173,0.17687057738127793,0.8974685323958917,5.734815082865822
7,830,1.1206058990933538,0.17707196351154691,0.8389783197869377,5.797225404202935
7,840,1.1207893398305133,0.17509695063674952,0.6684939280565831,5.8596357255400475
7,850,1.1206191209105265,0.17628246976635306,0.7905135041968745,5.922046046877161
7,860,1.117897617359119,0.17783926861034988,0.7634359549886576,5.984456368214273
7,870,1.114832551727088,0.17811642558808533,0.826708151860949,6.046866689551387
7,880,1.1074414287082466,0.1753649688516405,0.8808152487638777,6.1092770108884995
7,890,1.0993139728176697,0.17531560433048693,0.9320117844180954,6.171687332225613
7,900,1.0900297409958464,0.1753922754827262,0.8266991688456085,6.234097653562726
7,910,1.0839059279937115,0.17473099267222025,0.767165531551401,6.296507974899838
7,920,1.0756385725971795,0.17356929411124145,0.8346607930144316,6.3589182962369515
7,930,1.0736625653981988,0.1750418569405341,0.8761154282677015,6.421328617574065
7,940,1.0695955958452996,0.1751740100420862,0.9211903756518023,6.483738938911177
7,950,1.0667837553112094,0.1752677432625318,0.8434289323850498,6.546149260248289
7,960,1.0536396067332445,0.17483255373383963,0.9240029129362825,6.6085595815854035
7,970,1.0471936179428192,0.17534919801402263,0.9966406250000001,6.670969902922517
7,980,1.0393394116376953,0.1752062253939341,0.9359811412323344,6.733380224259629
7,990,1.0312832643038563,0.1730207211015477,0.951039077006923,6.795790545596741
7,1000,1.0143582844757577,0.1724467111548756,0.9254443856284539,6.795790545596741
7,1010,1.0002656677399828,0.17405857011200884,0.9694891657093763,6.795790545596741
7,1020,0.9866129810915927,0.17326243999803886,0.7587088534076012,6.795790545596741
7,1030,0.9709258365900425,0.16972374497838041,0.883723380740696,6.795790545596741
7,1040,0.9568524267401045,0.16848466081148095,0.8315731964856233,6.795790545596741
7,1050,0.9386239192400803,0.1655460946181986,0.8419426943174478,6.795790545596741
7,1060,0.9273990576291765,0.1666531460231433,0.798060588438855,6.795790545596741
7,1070,0.9140265560645077,0.1702800891326115,0.8267533785728528,6.795790545596741
7,1080,0.8979496340859292,0.17052390961898614,0.8036665814033036,6.795790545596741
7,1090,0.8841129196744939,0.16990490989143334,0.7215143007458754,6.795790545596741
7,1100,0.871834199840221,0.16908361994105942,0.7729324521219822,6.795790545596741
7,1110,0.8509148808292526,0.16948681713483688,0.9854375000000001,6.795790545596741
7,1120,0.839125849845717,0.16756994508998105,0.8149521187440818,6.795790545596741
7,1130,0.8238253992341937,0.16582233564960697,0.7816298139840463,6.795790545596741
7,1140,0.8112789935483629,0.1669495577747286,0.7990623972026233,6.795790545596741
7,1150,0.7954820666376412,0.16584101441596105,0.898541434917622,6.795790545596741
7,1160,0.7872506161935998,0.16714452064148855,0.7125100316306372,6.795790545596741
7,1170,0.7758125061714809,0.16745329384282448,0.7724339852843451,6.795790545596741
7,1180,0.7653523946556107,0.1685142435531706,0.8989344923182674,6.795790545596741
7,1190,0.7506670360609905,0.16841359415845633,0.8541271423929219,6.795790545596741
7,1200,0.7333836305823846,0.1704261873554461,0.909529578266282,6.795790545596741
7,1210,0.7194740482563997,0.17037565239319263,0.8992387019226575,6.795790545596741
7,1220,0.7054689325082488,0.1743390952298855,0.9628320509653874,6.795790545596741
7,1230,0.6929687594167733,0.174384611697298,0.7237170605241665,6.795790545596741
7,1240,0.6814251194458766,0.17766964057292545,0.8562068977986973,6.795790545596741
7,1250,0.6738482570615749,0.17883139047057525,0.7071764017464016,6.795790545596741
7,1260,0.6610620955192639,0.17998583892181447,0.9870468750000001,6.795790545596741
7,1270,0.6481971620349544,0.18136969967677097,0.902567600440535,6.795790545596741
7,1280,0.6377308819193104,0.181112258641971,0.8810300877181021,6.795790545596741
7,1290,0.6256764790742937,0.18086505861001018,0.8398826666162756,6.795790545596741
7,1300,0.6153941668857746,0.18124363243417735,0.7414965530429773,6.795790545596741
7,1310,0.6042116837942149,0.18260928016539063,0.860038292511814,6.795790545596741
7,1320,0.5953679383796671,0.1836544698821333,0.781117502566354,6.795790545596741
7,1330,0.5883281951588268,0.18149531381304096,0.7564141999814465,6.795790545596741
7,1340,0.5815372757289929,0.18207231898536913,0.6744666013062753,6.795790545596741
7,1350,0.5740448522438222,0.18321641654525642,0.5395125363890557,6.795790545596741
7,1360,0.5668551152316151,0.18387123355336743,0.7603015533652646,6.795790545596741
7,1370,0.5570903025466434,0.18498944663127911,0.9343421169679914,6.795790545596741
7,1380,0.5482377110883495,0.18176938085266567,0.6899671418618878,6.795790545596741
7,1390,0.5404250227226025,0.18228774250418145,0.5265086553450085,6.795790545596741
7,1400,0.5332718260242116,0.18244301855051442,0.6524841758996875,6.795790545596741
8,10,2.4757943617650837,0.19032902561030565,0.35653283325675933,0.6795790545596742
8,20,2.683359211710256,0.20824391763898809,0.39632743436869156,0.7419893758967872
8,30,2.8850420007471755,0.23005852933503265,0.5310395791120543,0.8043996972339
8,40,3.080569630937583,0.2474728286912281,0.6020007325446224,0.8668100185710129
8,50,3.280267825620594,0.25834615166760855,0.5428991108356891,0.9292203399081259
8,60,3.474975717547009,0.27864450375635147,0.6614449273668247,0.991630661245239
8,70,3.6638256780170706,0.30819611097703115,0.6383748576436511,1.054040982582352
8,80,3.8433794421005887,0.314923482032543,0.749426282552627,1.1164513039194648
8,90,4.023475081391098,0.32496826252868316,0.8473322409498085,1.1788616252565778
8,100,4.20233906138803,0.33668069557211083,0.7520461044755634,1.2412719465936908
8,110,4.376714720216506,0.3549956035417995,0.8094632733764888,1.3036822679308036
8,120,4.5686549142442745,0.3574724365411062,0.5798162737226121,1.3660925892679165
8,130,4.723499184775147,0.37817953493871553,0.9948888888888888,1.4285029106050295
8,140,4.903848440067015,0.3833614754172065,0.5962095844046885,1.4909132319421423
8,150,5.083046060711371,0.3882277707966135,0.7656660794277607,1.5533235532792553
8,160,5.242575722446821,0.4056901621469499,0.8672329801013527,1.6157338746163685
8,170,5.408431258906282,0.4111225121585707,0.8056964234498052,1.678144195953481
8,180,5.566304955461291,0.412041211026333,0.9940493827160493,1.7405545172905945
8,190,5.732411747427624,0.4178303338826096,0.8054496949208547,1.802964838627707
8,200,5.88742136288426,0.4274399487713603,0.9103919714617114,1.8653751599648198
8,210,6.045881927400999,0.4376695740477154,0.725398065280949,1.9277854813019333
8,220,6.207133605185066,0.4407050982451556,0.7887719047182952,1.9901958026390458
8,230,6.358401446528827,0.4509952731036668,0.7908818517628682,2.052606123976159
8,240,6.528195953976389,0.4485860736478493,0.8194675824112666,2.115016445313272
8,250,6.67547493997172,0.4494264721508457,0.9681499444357566,2.177426766650385
8,260,6.826158582919028,0.4593775143633807,0.8301225572919627,2.2398370879874974
8,270,6.997729901992429,0.46136323199830803,0.6233833014429633,2.3022474093246106
8,280,7.144623593073446,0.46534581583065976,0.9883568438225325,2.364657730661724
8,290,7.29133609681341,0.4738850055058365,0.9924938271604937,2.4270680519988366
8,300,7.43968160402397,0.47538156655286656,0.8448660840365578,2.4894783733359493
8,310,7.58600617685376,0.47909266805474543,0.722990649925464,2.5518886946730626
8,320,7.733655983425751,0.4832125276519327,0.908658846439273,2.6142990160101753
8,330,7.875292920791348,0.487921946834062,0.9042496012182891,2.676709337347288
8,340,8.020789965597753,0.49209178467277526,0.818562692554724,2.7391196586844013
8,350,8.172641424331598,0.4964514469874841,0.7644488696998915,2.801529980021514
8,360,8.318005188621482,0.5031856385812693,0.8580018215205051,2.8639403013586273
8,370,8.447114095556776,0.5035250001776214,0.7992046913732281,2.92635062269574
8,380,8.572398373951744,0.5090646938659513,0.9933086419753085,2.988760944032853
8,390,8.712602104303928,0.510696126388423,0.8515499875980537,3.051171265369966
8,400,8.851877118404,0.5167962694554122,0.851617018654161,3.113581586707079
8,410,8.986924243074986,0.5170089293175297,0.8624288717764055,3.1759919080441916
8,420,9.108192401660254,0.5191402479123999,0.8945395577635844,3.238402229381305
8,430,9.247125164262815,0.517498460201012,0.9430957538346169,3.3008125507184176
8,440,9.35107630225191,0.5244281483553617,0.8998475087329851,3.3632228720555304
8,450,9.480740115379998,0.5255295170454073,0.8349421316869874,3.4256331933926436
8,460,9.604621428826277,0.5337941397593983,0.8775720988630141,3.4880435147297564
8,470,9.712429183663186,0.5381340117761308,0.9016801357301741,3.550453836066869
8,480,9.845263493249758,0.540427919260891,0.9929718429194366,3.6128641574039824
8,490,9.96594204660705,0.5452561811526249,0.8908107863111345,3.675274478741095
8,500,10.084110614558757,0.5475303525372016,0.9640976040168641,3.737684800078209
8,510,10.198516144553013,0.5519160162774074,0.9467213742877199,3.800095121415321
8,520,10.314937517014638,0.5531616074276908,0.9930370370370369,3.862505442752434
8,530,10.426422536085582,0.5577413532898557,0.942756892050447,3.9249157640895467
8,540,10.554627654313247,0.5580865750896633,0.8681641420456809,3.98732608542666
8,550,10.683962151246057,0.556976008287878,0.8790118470533452,4.049736406763772
8,560,10.803354634064107,0.5604728039406588,0.8956621138472345,4.112146728100885
8,570,10.911680660199949,0.5666974386821515,0.9968641975308641,4.174557049437999
8,580,11.019515688308793,0.5717502177653513,0.901826820730413,4.236967370775112
8,590,11.135612988168033,0.5730471508311703,0.9240337545522161,4.299377692112224
8,600,11.24178553480872,0.574693688119673,0.9751414989428732,4.361788013449338
8,610,11.36115370403287,0.5756388687144394,0.9487739015003882,4.424198334786451
8,620,11.461688293424753,0.5807778148898016,0.9964074074074073,4.486608656123563
8,630,11.568840515933038,0.584709526111777,0.954387112412852,4.549018977460676
8,640,11.676224121885948,0.5867300229669354,0.9939753086419753,4.611429298797789
8,650,11.785144010957216,0.5901675966057418,0.9847594887747307,4.673839620134902
8,660,11.888404263180105,0.5943251052652936,0.8401630570005981,4.736249941472015
8,670,11.997761181062153,0.5979812142370264,0.918598739992826,4.798660262809128
8,680,12.09886355994677,0.5962295245991674,0.9970617283950617,4.8610705841462405
8,690,12.202764658780863,0.5966562887316242,0.9022983039879982,4.923480905483355
8,700,12.2810354702234,0.6032733336949628,0.9554331978097579,4.985891226820467
8,710,12.378281144514846,0.6073579675575738,0.8929066293881707,5.04830154815758
8,720,12.492612752410853,0.6055904246611961,0.9253897310535668,5.110711869494693
8,730,12.596060514383915,0.6086440046729427,0.8390323440388607,5.173122190831806
8,740,12.69441900773211,0.6112392413715197,0.8097151626616024,5.235532512168918
8,750,12.78434075453094,0.613554959729844,0.9844163238040682,5.297942833506031
8,760,12.89305020801915,0.6153689512025258,0.9088361129150989,5.3603531548431445
8,770,12.992906397981043,0.6136445822429112,0.9954814814814814,5.422763476180257
8,780,13.083942008832585,0.6172760505422666,0.8345116467899947,5.485173797517371
8,790,13.178224900367653,0.6190574746710799,0.9920493827160494,5.547584118854483
8,800,13.274229807476969,0.6197118267210517,0.917929420978918,5.609994440191596
8,810,13.35682196314361,0.6240069933458078,0.9908518518518518,5.67240476152871
8,820,13.437792183951785,0.6296354557607402,0.9536815524601236,5.734815082865822
8,830,13.533479597498353,0.629046972773727,0.9974197530864197,5.797225404202935
8,840,13.638494747713688,0.6285380056086469,0.9945802469135803,5.8596357255400475
8,850,13.731392271649792,0.6307020213996009,0.9226775653392542,5.922046046877161
8,860,13.835250614817044,0.6311272685223609,0.8506981392531389,5.984456368214273
8,870,13.90602116473074,0.6343007496882613,0.9978765432098765,6.046866689551387
8,880,13.991293336457556,0.635778164683793,0.9925432098765432,6.1092770108884995
8,890,14.083876475809802,0.6361362302380308,0.996567901234568,6.171687332225613
8,900,14.178367686540422,0.6357731811922698,0.9970123456790123,6.234097653562726
8,910,14.257244356391691,0.638224973494141,0.9001439637628961,6.296507974899838
8,920,14.346895877575777,0.6381167580257757,0.9176260366688205,6.3589182962369515
8,930,14.433717474535943,0.6386672348509226,0.8992089122476832,6.421328617574065
8,940,14.495058340260044,0.642569951991989,0.9926172839506172,6.483738938911177
8,950,14.571062062519388,0.6452871259170361,0.9906172839506173,6.546149260248289
8,960,14.660074621499898,0.646375253765773,0.9930123456790122,6.6085595815854035
8,970,14.731911640129747,0.6482826419660287,0.9956913580246913,6.670969902922517
8,980,14.809588185757317,0.6477459869776023,0.8971617526724263,6.733380224259629
8,990,14.880269338068636,0.6514788043294845,0.9921358024691358,6.795790545596741
8,1000,14.812510851118166,0.6530131436858888,0.9836729683634522,6.795790545596741
8,1010,14.759212499038833,0.6559129193732686,0.8254197961611354,6.795790545596741
8,1020,14.695941413313179,0.6555761249939316,0.9057620055141937,6.795790545596741
8,1030,14.660754443627033,0.6581549826090571,0.9480254618564088,6.795790545596741
8,1040,14.602068463950928,0.6595782197133893,0.969027870524337,6.795790545596741
8,1050,14.555638645729069,0.6578281857476223,0.854271687887177,6.795790545596741
8,1060,14.496972819400002,0.6590484059185631,0.9977901234567901,6.795790545596741
8,1070,14.430700620402288,0.6611176968405178,0.9963580246913579,6.795790545596741
8,1080,14.377550044665787,0.6639703453631948,0.9942098765432099,6.795790545596741
8,1090,14.308096760214267,0.6649077697893168,0.903126193141666,6.795790545596741
8,1100,14.251074559185128,0.6645824994171886,0.9620759201832435,6.795790545596741
8,1110,14.20212335662341,0.6642099685681159,0.9135978586065878,6.795790545596741
8,1120,14.141852236130305,0.6649473096031157,0.990530864197531,6.795790545596741
8,1130,14.082548782978117,0.6669651387740224,0.990641975308642,6.795790545596741
8,1140,14.01188608835243,0.6709931836458992,0.9952592592592595,6.795790545596741
8,1150,13.96064230447652,0.6728518120385308,0.9031982456892411,6.795790545596741
8,1160,13.89861656162008,0.6759739620244911,0.8993323513813299,6.795790545596741
8,1170,13.853308834106077,0.6770342479665211,0.8083289500566762,6.795790545596741
8,1180,13.803069329390528,0.6773500880324328,0.9046456586986074,6.795790545596741
8,1190,13.747131078038578,0.6781921115822994,0.9025149123609191,6.795790545596741
8,1200,13.69692105326596,0.6806372445890538,0.9868765432098765,6.795790545596741
8,1210,13.656911816738518,0.6804690362290791,0.9901234567901234,6.795790545596741
8,1220,13.620167384030601,0.6792954251966311,0.9187453442599051,6.795790545596741
8,1230,13.579490437133224,0.6781797120895642,0.9955555555555555,6.795790545596741
8,1240,13.528087472366906,0.6797312503161297,0.9891481481481481,6.795790545596741
8,1250,13.485201753847527,0.6818430835357934,0.9107739496536986,6.795790545596741
8,1260,13.444079389926141,0.6819516898773658,0.902085528679954,6.795790545596741
8,1270,13.404271099673341,0.6818340817133388,0.9926543209876542,6.795790545596741
8,1280,13.354888873780315,0.6831451629381884,0.9893456790123457,6.795790545596741
8,1290,13.306911392951958,0.6856157715473482,0.9073339373561884,6.795790545596741
8,1300,13.260946189217105,0.6870017914869617,0.9949506172839506,6.795790545596741
8,1310,13.21369857681382,0.6858125065810154,0.9957530864197531,6.795790545596741
8,1320,13.168954664767938,0.6874720863169715,0.934656872192331,6.795790545596741
8,1330,13.13099699751428,0.6890936012448781,0.9960987654320986,6.795790545596741
8,1340,13.080337165589738,0.6894059721455243,0.9910519015162892,6.795790545596741
8,1350,13.02707933385848,0.6895310582100742,0.9980617283950618,6.795790545596741
8,1360,12.975278874458546,0.6903694252644963,0.9931358024691356,6.795790545596741
8,1370,12.926619645298338,0.6907923904866173,0.9969382716049383,6.795790545596741
8,1380,12.880600843017515,0.6903414081233611,0.9045226514174424,6.795790545596741
8,1390,12.835465419721112,0.6908128813096093,0.9885175549845737,6.795790545596741
8,1400,12.7824075965813,0.6902533787889567,0.9941234567901235,6.795790545596741
9,10,1.5948400593683911,0.7526692883748385,0.9322242792963664,0.6795790545596742
9,20,1.6984210985297794,0.7547333743733925,0.7248935118399106,0.7419893758967872
9,30,1.8104002421858225,0.7509618773567761,0.6954416818886198,0.8043996972339
9,40,1.918042495379006,0.7661712874863977,0.6827649850475404,0.8668100185710129
9,50,2.027912314795049,0.7610942792250074,0.6244112506878744,0.9292203399081259
9,60,2.122690010185261,0.761923602183528,0.8816465644795102,0.991630661245239
9,70,2.227712624768248,0.7632365549829743,0.7568528599949713,1.054040982582352
9,80,2.313023266404512,0.7634533516036408,0.8618750691891529,1.1164513039194648
9,90,2.4018573073112313,0.7743990322602744,0.8883593612213501,1.1788616252565778
9,100,2.491841058913329,0.7792204026360743,0.9258406945077919,1.2412719465936908
9,110,2.5789892146653153,0.7816086933827129,0.850365096055898,1.3036822679308036
9,120,2.683229075765399,0.7812546990325416,0.5552618482856021,1.3660925892679165
9,130,2.7805152602536234,0.7829319155309595,0.7326641686148767,1.4285029106050295
9,140,2.861695955514138,0.7750483970070822,0.8590120085965834,1.4909132319421423
9,150,2.9474599453341224,0.7743943006328533,0.8061172173135344,1.5533235532792553
9,160,3.0318343524404385,0.779621474177004,0.9206347382828681,1.6157338746163685
9,170,3.1225474483300837,0.7843215269769017,0.8638671620843829,1.678144195953481
9,180,3.199168055187995,0.7887101207385794,0.8790208659492423,1.7405545172905945
9,190,3.2729264054046325,0.7912655276641221,0.99405,1.802964838627707
9,200,3.338278562331628,0.794398287923348,0.9006879370666674,1.8653751599648198
9,210,3.4202074920135495,0.7928840316149905,0.7905855498324021,1.9277854813019333
9,220,3.497451064865401,0.7959983955131931,0.7351943183384863,1.9901958026390458
9,230,3.569033229000923,0.7943643684901787,0.8825991509422246,2.052606123976159
9,240,3.635580004556351,0.7983562252364891,0.893739695268845,2.115016445313272
9,250,3.7064148683391243,0.7989005408139809,0.8859817451539092,2.177426766650385
9,260,3.7674154446785844,0.8003610636593002,0.9975100000000001,2.2398370879874974
9,270,3.8483166911061923,0.7985429614652331,0.6312259591446662,2.3022474093246106
9,280,3.921109039396245,0.7965499511028158,0.9478116483411576,2.364657730661724
9,290,3.9921547719472374,0.7977462735191427,0.8435051843462539,2.4270680519988366
9,300,4.068575674760633,0.800727447605583,0.871000830031261,2.4894783733359493
9,310,4.130803802070691,0.796806465372997,0.8576887695569514,2.5518886946730626
9,320,4.200267921732855,0.7949148491662489,0.8275171176814746,2.6142990160101753
9,330,4.256523075351194,0.7937414812016839,0.8706885000014651,2.676709337347288
9,340,4.314167526884253,0.78978554191885,0.9808548639916882,2.7391196586844013
9,350,4.3950014015877485,0.7848683881249559,0.8277753428963187,2.801529980021514
9,360,4.467456226914356,0.7856155767251165,0.8650071127564377,2.8639403013586273
9,370,4.532456697382846,0.7881614759948717,0.9264404167744564,2.92635062269574
9,380,4.589151297265012,0.7898725996609215,0.9299066333575647,2.988760944032853
9,390,4.653005759281266,0.7886294906567899,0.899967974017628,3.051171265369966
9,400,4.712494657573623,0.7878221949292965,0.9134274213808201,3.113581586707079
9,410,4.771956530050759,0.7887581641271546,0.99343,3.1759919080441916
9,420,4.824419010159605,0.7891955250917135,0.964649391985015,3.238402229381305
9,430,4.878931834974667,0.7902208110471496,0.9761433540224633,3.3008125507184176
9,440,4.930701662733817,0.7889422804414898,0.9141035103769191,3.3632228720555304
9,450,4.985256229890347,0.7872541376525526,0.9967199999999998,3.4256331933926436
9,460,5.0365934906721535,0.7888907717985683,0.9957999999999998,3.4880435147297564
9,470,5.095266934239761,0.789609221736002,0.8471604817235457,3.550453836066869
9,480,5.159436299192224,0.7865066016130031,0.7653032613400128,3.6128641574039824
9,490,5.207627976609814,0.7861287397421794,0.9444443467392698,3.675274478741095
9,500,5.2710164456160005,0.7838926724813309,0.8234643592961008,3.737684800078209
9,510,5.315490258214439,0.784230601611295,0.9047204005797918,3.800095121415321
9,520,5.370498380671676,0.7836617727923112,0.8970004686835633,3.862505442752434
9,530,5.427416620382119,0.7871626531292361,0.9607710792669485,3.9249157640895467
9,540,5.470521587471153,0.7870174622785979,0.9930300000000001,3.98732608542666
9,550,5.5222949254411295,0.785205035029256,0.8591729421619375,4.049736406763772
9,560,5.578418938552806,0.7830138916361702,0.7914842430452285,4.112146728100885
9,570,5.633938919869083,0.7843274388852914,0.9061516870584618,4.174557049437999
9,580,5.681416194768813,0.7819471345557162,0.9763329754686065,4.236967370775112
9,590,5.729553225356442,0.7835275915961766,0.9107281489205643,4.299377692112224
9,600,5.772987273352235,0.7802849860147132,0.9973799999999999,4.361788013449338
9,610,5.817464051186966,0.7826751556124382,0.9185806521105434,4.424198334786451
9,620,5.855598878333996,0.7853279710395933,0.9892099999999999,4.486608656123563
9,630,5.893786197290199,0.7839026531689564,0.9961499999999999,4.549018977460676
9,640,5.931933955045221,0.7855525354959855,0.843359175079706,4.611429298797789
9,650,5.979121653161869,0.7864004866871553,0.9945330071038894,4.673839620134902
9,660,6.036545467600236,0.7864478900829373,0.8764294589480321,4.736249941472015
9,670,6.088833828281381,0.7864199420277102,0.8459089166306175,4.798660262809128
9,680,6.137536888612641,0.7853485165335846,0.9214284290864558,4.8610705841462405
9,690,6.196022809683649,0.7851900253546377,0.767104037448621,4.923480905483355
9,700,6.243652247212771,0.7820827256441195,0.9035820812401353,4.985891226820467
9,710,6.292201215118689,0.7822646832642959,0.8388975753139396,5.04830154815758
9,720,6.3405594288749905,0.7851365020080698,0.9061400548104801,5.110711869494693
9,730,6.378397028946631,0.7855905161242016,0.9930899999999998,5.173122190831806
9,740,6.419438809710456,0.7858149442033865,0.9954899999999999,5.235532512168918
9,750,6.473643792694709,0.7852027675657639,0.808392317799672,5.297942833506031
9,760,6.497189979511915,0.7852899746163291,0.98898,5.3603531548431445
9,770,6.53132977207607,0.7844705437647133,0.9942066130048748,5.422763476180257
9,780,6.579520226435707,0.7846800909193735,0.9016074248592296,5.485173797517371
9,790,6.616583925733702,0.7829933279696519,0.9055691642492631,5.547584118854483
9,800,6.652647877981229,0.7853889163585337,0.9125896315882013,5.609994440191596
9,810,6.697670383214748,0.7866689064337085,0.9208041096851017,5.67240476152871
9,820,6.738353477694905,0.7853394160217143,0.9920693079790543,5.734815082865822
9,830,6.785979779207752,0.7855182412090513,0.899880749162366,5.797225404202935
9,840,6.823023710907902,0.7875884638901669,0.8924111409520968,5.8596357255400475
9,850,6.863529686068049,0.7884486776485278,0.99511,5.922046046877161
9,860,6.902153288246908,0.78638064728826,0.9659793025103112,5.984456368214273
9,870,6.938858080401044,0.7877980434636124,0.9063029017315024,6.046866689551387
9,880,6.997580040622054,0.7889192541517887,0.6342682215061565,6.1092770108884995
9,890,7.031817394976029,0.7865468671301263,0.99677,6.171687332225613
9,900,7.073836876931224,0.7861518832731986,0.866852872787612,6.234097653562726
9,910,7.1094254848526734,0.7859448291740041,0.9006172973104377,6.296507974899838
9,920,7.149747362713089,0.787083189479209,0.99748,6.3589182962369515
9,930,7.183502243399973,0.7887201973181592,0.9370182981546,6.421328617574065
9,940,7.214516609690948,0.7893530731414485,0.8513675346846183,6.483738938911177
9,950,7.247454453136752,0.7901251133819445,0.9378453365847081,6.546149260248289
9,960,7.299079229002148,0.7899834335314885,0.7853994017483272,6.6085595815854035
9,970,7.33853732265962,0.7907049813381606,0.9056819617989685,6.670969902922517
9,980,7.373902069760409,0.7903204229416745,0.8166693809854166,6.733380224259629
9,990,7.418908471110537,0.7884953439892693,0.9745628390655817,6.795790545596741
9,1000,7.390514430333161,0.7873114167715979,0.7979269647927276,6.795790545596741
9,1010,7.354885912069924,0.78631475719845,0.9926,6.795790545596741
9,1020,7.321747080203901,0.7854622611617399,0.99739,6.795790545596741
9,1030,7.286247626285398,0.7849197369055548,0.9986900000000001,6.795790545596741
9,1040,7.261489206859251,0.7863093998228161,0.8969343040554335,6.795790545596741
9,1050,7.245242805666104,0.7875742884368798,0.8668039635256818,6.795790545596741
9,1060,7.213643079261742,0.7866489854297343,0.9131424129181953,6.795790545596741
9,1070,7.188895450648017,0.7857591457118042,0.9195752014980842,6.795790545596741
9,1080,7.164450594026104,0.7855380648483821,0.8988964507994291,6.795790545596741
9,1090,7.126793544717963,0.7851352513744266,0.9960700000000001,6.795790545596741
9,1100,7.097157946845233,0.7861744848922907,0.9070941174098376,6.795790545596741
9,1110,7.079407214573505,0.7857686463154209,0.8655247900738386,6.795790545596741
9,1120,7.052952742140606,0.7869693831630342,0.922915598241573,6.795790545596741
9,1130,7.037952253711975,0.7884020497433493,0.8299748670671482,6.795790545596741
9,1140,7.017454537968409,0.7879770849854772,0.99703,6.795790545596741
9,1150,6.995204915578365,0.7883118646100931,0.9884568773675688,6.795790545596741
9,1160,6.973266504412718,0.7861469731145627,0.99719,6.795790545596741
9,1170,6.9542175906804395,0.7858756234184116,0.77624425295954,6.795790545596741
9,1180,6.936234822166243,0.7842585852435,0.908241032249699,6.795790545596741
9,1190,6.921506324928868,0.7846338372780883,0.6246874305657939,6.795790545596741
9,1200,6.899319523288173,0.7861161036808442,0.9968600000000001,6.795790545596741
9,1210,6.882664172939364,0.7869368305146831,0.8497746275424664,6.795790545596741
9,1220,6.85136351023639,0.7884443526478822,0.9062614807245275,6.795790545596741
9,1230,6.831337274602215,0.7881553018995526,0.8534585721594727,6.795790545596741
9,1240,6.802675550959782,0.7884649711946512,0.9931378168098999,6.795790545596741
9,1250,6.794594350112968,0.7875565298596103,0.8647812473901487,6.795790545596741
9,1260,6.774076966034429,0.7903990019456993,0.9453648934626931,6.795790545596741
9,1270,6.751095765115423,0.7915566400988914,0.901695004066292,6.795790545596741
9,1280,6.735936907001173,0.7919113746654518,0.9292893910210328,6.795790545596741
9,1290,6.710412610165736,0.7917788752451732,0.9960000000000001,6.795790545596741
9,1300,6.692401310380269,0.7931152854523149,0.7964804321404122,6.795790545596741
9,1310,6.6697287375318375,0.7929030449932108,0.8459958103856641,6.795790545596741
9,1320,6.655057195123864,0.7925746829312843,0.9083636056349613,6.795790545596741
9,1330,6.631703377063757,0.7910752753580165,0.896184604809871,6.795790545596741
9,1340,6.6106042853982565,0.790729614455523,0.973221123433594,6.795790545596741
9,1350,6.600812870940976,0.789911584036173,0.7391746131349252,6.795790545596741
9,1360,6.584834094533825,0.7896116030709485,0.9365337729635097,6.795790545596741
9,1370,6.577116439874652,0.7884884710965407,0.7005805705504674,6.795790545596741
9,1380,6.5598111300026165,0.7898875448770679,0.8565147497628613,6.795790545596741
9,1390,6.541085671236688,0.7915422356049712,0.7288385534274238,6.795790545596741
9,1400,6.529495402616594,0.791688809046542,0.7862683116481739,6.795790545596741
10,10,0.9920005578328436,0.6581485702077366,0.759166950615645,0.6795790545596742
10,20,1.0538216996298424,0.6565240317015751,0.5136094815427118,0.7419893758967872
10,30,1.1075440115884692,0.6528199390610857,0.6985631635405432,0.8043996972339
10,40,1.1808151876375745,0.6466114455596421,0.384124710745067,0.8668100185710129
10,50,1.2445217175618877,0.6584651219636873,0.5680952201127017,0.9292203399081259
10,60,1.2951362170307068,0.6573969508602662,0.6906701597127227,0.991630661245239
10,70,1.34114046315127,0.644489261875769,0.744181036354664,1.054040982582352
10,80,1.3972609217750942,0.6474116518499016,0.5368535143175018,1.1164513039194648
10,90,1.4593681439494726,0.6446005453338115,0.5463101126635526,1.1788616252565778
10,100,1.523263929376013,0.6368516660676028,0.4812340074922469,1.2412719465936908
10,110,1.5840820533893418,0.6300510028186821,0.5137631297781582,1.3036822679308036
10,120,1.6425237289699677,0.6278419615868849,0.4852428640511624,1.3660925892679165
10,130,1.6932873336967436,0.6285441290364993,0.6746877259263192,1.4285029106050295
10,140,1.7523305040576331,0.6204482136274986,0.5728511420230181,1.4909132319421423
10,150,1.7949941974556327,0.6210646765664392,0.8799620518380558,1.5533235532792553
10,160,1.8487572787409483,0.621585505892875,0.636485967116284,1.6157338746163685
10,170,1.904678331327013,0.6176630547104984,0.5400873018977734,1.678144195953481
10,180,1.966222882459307,0.6230191685238842,0.30827165064365486,1.7405545172905945
10,190,2.011419001031996,0.6192783866326081,0.6812591108386609,1.802964838627707
10,200,2.060736245975249,0.6217466987646493,0.7559332475827343,1.8653751599648198
10,210,2.1074279067159587,0.6230539646135581,0.8506323203700863,1.9277854813019333
10,220,2.1574768861353943,0.6213277228510917,0.6769516130513743,1.9901958026390458
10,230,2.19647280483033,0.6264139251319268,0.8047740736156982,2.052606123976159
10,240,2.2457412065793565,0.6254054505916182,0.6289011627935933,2.115016445313272
10,250,2.2944684364521777,0.6256298377070355,0.5740386734239014,2.177426766650385
10,260,2.3470494686220587,0.6272370572824592,0.6978865848086151,2.2398370879874974
10,270,2.4004499598897984,0.6303620678156162,0.6975416886841141,2.3022474093246106
10,280,2.4494014196339426,0.6298294887386893,0.5983413183620695,2.364657730661724
10,290,2.492229814203626,0.626409963607033,0.6905524285631601,2.4270680519988366
10,300,2.5355645009404273,0.6273029631367608,0.8448443592521114,2.4894783733359493
10,310,2.5791917005052034,0.6236783856223689,0.7236566888556578,2.5518886946730626
10,320,2.620357240764472,0.621839372014894,0.8632329662427886,2.6142990160101753
10,330,2.6712111038752457,0.6212088498268975,0.5625694095298479,2.676709337347288
10,340,2.7066026023028495,0.6166472990717827,0.9223771002980303,2.7391196586844013
10,350,2.7529340146681704,0.622283578797548,0.6410056355799674,2.801529980021514
10,360,2.797072331525091,0.6204143234739831,0.7257567762480583,2.8639403013586273
10,370,2.8479526943789892,0.6206125093535111,0.5947971033524408,2.92635062269574
10,380,2.894042445211953,0.6219725568121207,0.7734798340811542,2.988760944032853
10,390,2.938397109639487,0.6239794571109571,0.7653017169872595,3.051171265369966
10,400,2.9799697315531155,0.6230593427732177,0.8276165912818835,3.113581586707079
10,410,3.0265006637396006,0.6199767599859567,0.6144509069281743,3.1759919080441916
10,420,3.071979275692926,0.6191624070333825,0.776710410038268,3.238402229381305
10,430,3.113996860968576,0.6125930731394846,0.9321349617685776,3.3008125507184176
10,440,3.1600564835571836,0.6118887627566422,0.579804567764214,3.3632228720555304
10,450,3.2047934315274036,0.6121628975610827,0.685021035876577,3.4256331933926436
10,460,3.245533402337484,0.6150576837414065,0.7341780953935692,3.4880435147297564
10,470,3.2845321426749323,0.6135206691095281,0.8207865116041088,3.550453836066869
10,480,3.3241779628195793,0.6125737618534227,0.8194183612072529,3.6128641574039824
10,490,3.3733150399982863,0.6123018922098945,0.3830432930999882,3.675274478741095
10,500,3.416149353401986,0.612753552460167,0.6696735942252621,3.737684800078209
10,510,3.448659962953222,0.6116021387854671,0.8189260961580255,3.800095121415321
10,520,3.4918591607984286,0.6105978387278783,0.5955827762863594,3.862505442752434
10,530,3.5340898390575477,0.6133580382010768,0.692335143022353,3.9249157640895467
10,540,3.576210164028125,0.6141315155386242,0.722578293805579,3.98732608542666
10,550,3.6176570011871103,0.6153762972014616,0.7219370484058723,4.049736406763772
10,560,3.663226351230379,0.6129103249715169,0.8082966605851263,4.112146728100885
10,570,3.710231148517101,0.6130785439030861,0.6066519691032177,4.174557049437999
10,580,3.751793590006648,0.617299441324294,0.7659271785160635,4.236967370775112
10,590,3.7880255927795403,0.6173618092617876,0.8336088136972016,4.299377692112224
10,600,3.822306744122982,0.6147701440176561,0.8215456543221746,4.361788013449338
10,610,3.8579936293333006,0.6163607910501241,0.8956891026425456,4.424198334786451
10,620,3.896018429002023,0.614284729075639,0.7429411040527711,4.486608656123563
10,630,3.9361429747893766,0.615077296878576,0.6605738876772431,4.549018977460676
10,640,3.9759530338180236,0.6166172224654143,0.7601668421431489,4.611429298797789
10,650,4.018963999905031,0.6202250303480538,0.7233123977534437,4.673839620134902
10,660,4.059965529348485,0.6219435395021056,0.8094135839615335,4.736249941472015
10,670,4.099606017198097,0.6234133042771924,0.8306673788156334,4.798660262809128
10,680,4.139194085488229,0.6223709869912426,0.759138117390615,4.8610705841462405
10,690,4.180557013578646,0.6228057980810227,0.5768698764498581,4.923480905483355
10,700,4.223241622770188,0.6261340204503457,0.7329741575537451,4.985891226820467
10,710,4.25993799770968,0.6310362897838064,0.8184881797969418,5.04830154815758
10,720,4.300585896294006,0.630041316405392,0.876975548803031,5.110711869494693
10,730,4.334838408627601,0.6327216053327797,0.9047293028717569,5.173122190831806
10,740,4.376629408097216,0.6344336157131657,0.6827354056727929,5.235532512168918
10,750,4.412518521120089,0.6330674784332989,0.8232136614323474,5.297942833506031
10,760,4.447411989745328,0.6380954977729811,0.9896976453206345,5.3603531548431445
10,770,4.488799143132307,0.6393137882154494,0.8007099857881291,5.422763476180257
10,780,4.521566505796711,0.6392817271827298,0.9862415894150146,5.485173797517371
10,790,4.559782977008973,0.6391286590037821,0.846693049985426,5.547584118854483
10,800,4.600066415767122,0.6403052184498679,0.829791658279969,5.609994440191596
10,810,4.637633284207967,0.6403367505966004,0.8214535347695163,5.67240476152871
10,820,4.678080341699348,0.6407547941395848,0.7359850818244187,5.734815082865822
10,830,4.71973885957191,0.6396353198158744,0.7644540301069209,5.797225404202935
10,840,4.761187593260178,0.6422233163818888,0.6382491351615714,5.8596357255400475
10,850,4.797244900983587,0.6412514592923397,0.9944214876033058,5.922046046877161
10,860,4.837570942528985,0.6439884769093075,0.8115998378165541,5.984456368214273
10,870,4.872022606384346,0.6451195635387834,0.761959613624147,6.046866689551387
10,880,4.908415317828496,0.6465191244644504,0.7998852260620095,6.1092770108884995
10,890,4.949931941953745,0.6474304732329994,0.7516935717761244,6.171687332225613
10,900,4.992398916644876,0.6469484780947686,0.7780082260132146,6.234097653562726
10,910,5.022365053349408,0.6518274838941912,0.9130346917037991,6.296507974899838
10,920,5.0654786975290715,0.6513146532627596,0.5761330393737285,6.3589182962369515
10,930,5.106171487904857,0.65332636351627,0.580843385959817,6.421328617574065
10,940,5.146079683319109,0.6557634200879503,0.743196087947066,6.483738938911177
10,950,5.185331115138579,0.6559736996026984,0.792750634788229,6.546149260248289
10,960,5.222857243549756,0.6565794223153577,0.7388649053415246,6.6085595815854035
10,970,5.261624102460858,0.6595943637805431,0.7540727994259232,6.670969902922517
10,980,5.301433116834991,0.6610314443337968,0.7639084566039082,6.733380224259629
10,990,5.333707677618049,0.6609026645479464,0.7538976430471481,6.795790545596741
10,1000,5.324434777456176,0.6633317521446628,0.7572518010041802,6.795790545596741
10,1010,5.312258576260258,0.6624856238406471,0.7507343502715081,6.795790545596741
10,1020,5.301843973810063,0.6660747733820767,0.8228223677510046,6.795790545596741
10,1030,5.284900964830768,0.6676109313415163,0.847752228509926,6.795790545596741
10,1040,5.273307407785975,0.6711303718804202,0.838219988511983,6.795790545596741
10,1050,5.263617204566155,0.6730542719591122,0.8266011606314525,6.795790545596741
10,1060,5.254326914500907,0.6703966254613409,0.66297560038036,6.795790545596741
10,1070,5.2420603069155725,0.6708504514603459,0.8391014785240996,6.795790545596741
10,1080,5.233972292214909,0.6722902039900125,0.6176258077586125,6.795790545596741
10,1090,5.224253825189908,0.6721768512996567,0.8486027088542014,6.795790545596741
10,1100,5.211985899571995,0.671256757080745,0.9178099342119246,6.795790545596741
10,1110,5.198993543641192,0.6752549440056869,0.8164935007507743,6.795790545596741
10,1120,5.1880086921507145,0.676426464100424,0.8055017235772777,6.795790545596741
10,1130,5.174088933102182,0.6765753064598481,0.9623392622672533,6.795790545596741
10,1140,5.1600905856229735,0.6786176143557985,0.9080249345831367,6.795790545596741
10,1150,5.149185232159996,0.6801661796977478,0.9319041817781037,6.795790545596741
10,1160,5.139387159265221,0.6818033262779754,0.8194114784409402,6.795790545596741
10,1170,5.128811040180485,0.6825637951085632,0.8657948178220456,6.795790545596741
10,1180,5.112752566025869,0.6861753351537035,0.9433449637026035,6.795790545596741
10,1190,5.097361878070926,0.6878963528366545,0.9960247933884299,6.795790545596741
10,1200,5.087531658333858,0.6900958486780353,0.6467690150240764,6.795790545596741
10,1210,5.074193054197776,0.6924376735112397,0.8989995709318874,6.795790545596741
10,1220,5.063646877677873,0.6937118071729312,0.8530504006036811,6.795790545596741
10,1230,5.057113020515036,0.6948752251714074,0.67987096992641,6.795790545596741
10,1240,5.050517071817956,0.695803268952782,0.7059872720744201,6.795790545596741
10,1250,5.041027986951893,0.6967570173683338,0.7485307651447974,6.795790545596741
10,1260,5.0302169338147165,0.6975365506011704,0.7055772022350769,6.795790545596741
10,1270,5.018171367644868,0.6987992159388419,0.9245488962048511,6.795790545596741
10,1280,5.004916962160649,0.6988459283452817,0.9487379251047914,6.795790545596741
10,1290,4.993973262584647,0.6985261377611098,0.831153209240709,6.795790545596741
10,1300,4.987686509725,0.699498504641348,0.5623138793548931,6.795790545596741
10,1310,4.978587330494875,0.701342403518305,0.6283423216524684,6.795790545596741
10,1320,4.9684264055561504,0.702205474731578,0.8377054393866427,6.795790545596741
10,1330,4.959948744322846,0.70452438088506,0.9246987935469086,6.795790545596741
10,1340,4.952887826276279,0.7040246383721611,0.6374057660777803,6.795790545596741
10,1350,4.942807003791308,0.705868985981109,0.9146702008017369,6.795790545596741
10,1360,4.935392335252389,0.7062592898370712,0.6581819615624847,6.795790545596741
10,1370,4.924923732548997,0.7096776762934693,0.8992893615027822,6.795790545596741
10,1380,4.919663376553659,0.7107849603849967,0.4831333506365886,6.795790545596741
10,1390,4.911101323857979,0.7109251816880605,0.7008561036684446,6.795790545596741
10,1400,4.9046597275878,0.7118710162883157,0.7492466321665117,6.795790545596741
11,10,3.9536539524099297,0.7176817937426643,0.8540602593805143,0.6795790545596742
11,20,4.250697577911102,0.7308140106025025,0.7297544824982641,0.7419893758967872
11,30,4.544400873065908,0.7468275623297642,0.7268806186657136,0.8043996972339
11,40,4.818513698973147,0.7544921632787511,0.71595069832506,0.8668100185710129
11,50,5.080567587540372,0.7615641486332148,0.6734716870999369,0.9292203399081259
11,60,5.345278586431376,0.7775525998963417,0.8614071796551382,0.991630661245239
11,70,5.602290441739235,0.7857713989618467,0.7955906638947677,1.054040982582352
11,80,5.833090624087373,0.7957898477199019,0.9973541666666668,1.1164513039194648
11,90,6.084694058750394,0.8004503379110668,0.8059952332461003,1.1788616252565778
11,100,6.313683623204567,0.8069488359153458,0.8826245534308376,1.2412719465936908
11,110,6.548823895898944,0.8151928525710797,0.974750542297742,1.3036822679308036
11,120,6.776642120615295,0.8209559830999125,0.9138694063959962,1.3660925892679165
11,130,7.009086228086378,0.8238828878546258,0.8367116740158547,1.4285029106050295
11,140,7.233844278186425,0.8311005075701303,0.8406615951312177,1.4909132319421423
11,150,7.486870643923291,0.8289523868160854,0.9013571109042401,1.5533235532792553
11,160,7.705192962046517,0.8300137892997215,0.9937708333333333,1.6157338746163685
11,170,7.945293130226111,0.8295847394517777,0.9965625000000001,1.678144195953481
11,180,8.167709503024632,0.8331509295992449,0.9049942980324535,1.7405545172905945
11,190,8.370458478450397,0.8432273171575115,0.9014544245176914,1.802964838627707
11,200,8.60858132079213,0.8439562544605287,0.8983207944001265,1.8653751599648198
11,210,8.780543536961787,0.8469546186462567,0.7700214272751246,1.9277854813019333
11,220,8.960328321926017,0.8516057076997264,0.9941364812660876,1.9901958026390458
11,230,9.163891935082091,0.853365353212421,0.8634595095280744,2.052606123976159
11,240,9.340535987526799,0.8564651409513357,0.9974583333333333,2.115016445313272
11,250,9.565672001270663,0.8582485895146592,0.8027967199931834,2.177426766650385
11,260,9.762235171242375,0.8608239183638021,0.8187302991634506,2.2398370879874974
11,270,9.975090032807314,0.8624912329089209,0.8978400064727664,2.3022474093246106
11,280,10.177886824883222,0.8632717423191867,0.8064842009631967,2.364657730661724
11,290,10.398369199197738,0.8632833417830832,0.9159382197118007,2.4270680519988366
11,300,10.570220213632947,0.866443005404191,0.9979722222222221,2.4894783733359493
11,310,10.743046222385377,0.8697612461406017,0.8967395544663546,2.5518886946730626
11,320,10.91149881581126,0.873541170127066,0.9957083333333333,2.6142990160101753
11,330,11.092709645341602,0.87652764219466,0.992375,2.676709337347288
11,340,11.304521268246035,0.8774708468234573,0.8120475132595818,2.7391196586844013
11,350,11.482222604054881,0.8784623211341032,0.9979583333333334,2.801529980021514
11,360,11.654783404103867,0.8794282899450437,0.9225282698846746,2.8639403013586273
11,370,11.810788056190994,0.8798918082114877,0.9963958333333334,2.92635062269574
11,380,12.010456306725617,0.8815090397215676,0.8533044635032694,2.988760944032853
11,390,12.171494891319922,0.8847440532627171,0.9955833333333335,3.051171265369966
11,400,12.329999081843333,0.8867584653343583,0.8974722008389037,3.113581586707079
11,410,12.49861106577389,0.8894491507119398,0.9223642287917867,3.1759919080441916
11,420,12.621384119126695,0.8922997787107614,0.9963541666666667,3.238402229381305
11,430,12.811085499912247,0.893996039302897,0.9970416666666665,3.3008125507184176
11,440,12.962182809837772,0.8996894116877137,0.885571325435617,3.3632228720555304
11,450,13.149767016124184,0.8994945509070689,0.992261009557845,3.4256331933926436
11,460,13.33392053176156,0.8990052181315007,0.901283781702535,3.4880435147297564
11,470,13.491416960024672,0.9006135514848184,0.9962916666666667,3.550453836066869
11,480,13.63079000468806,0.9018389573003337,0.9954097222222222,3.6128641574039824
11,490,13.796002532632901,0.9026746941618424,0.9005582554621725,3.675274478741095
11,500,13.95735250502947,0.9047900568033741,0.9224138597261836,3.737684800078209
11,510,14.127369832242396,0.9062753180237859,0.9982430555555556,3.800095121415321
11,520,14.296042733757545,0.9083577286011262,0.997784722222222,3.862505442752434
11,530,14.395918241045436,0.9110521220291343,0.9986458333333335,3.9249157640895467
11,540,14.546082687768253,0.9122744604673412,0.9111987721219166,3.98732608542666
11,550,14.671749532267773,0.9146225028472457,0.9240648993219056,4.049736406763772
11,560,14.803670550072269,0.916620533634126,0.9959930555555555,4.112146728100885
11,570,14.952802165138191,0.9192359200158764,0.9977847222222221,4.174557049437999
11,580,15.084038110994907,0.9191663037727411,0.9031468352362394,4.236967370775112
11,590,15.226522978096984,0.9196705158065746,0.9974166666666667,4.299377692112224
11,600,15.392061598708732,0.9195504095486355,0.8976762680993312,4.361788013449338
11,610,15.53422497203359,0.9199782472988705,0.9964861111111111,4.424198334786451
11,620,15.66837083730482,0.9219774122540498,0.9943819444444445,4.486608656123563
11,630,15.780418278090991,0.9226726818112898,0.9417982881698832,4.549018977460676
11,640,15.90934653519734,0.9240192709614266,0.9703239660605594,4.611429298797789
11,650,16.06633052159237,0.9248665310747493,0.9953055555555557,4.673839620134902
11,660,16.18810788252759,0.9269889718881186,0.9971041666666667,4.736249941472015
11,670,16.33039302640808,0.9276216888660134,0.8963364684437218,4.798660262809128
11,680,16.443221378404836,0.9275750774846223,0.9926805555555553,4.8610705841462405
11,690,16.594190631969195,0.9286562733769952,0.921596178787933,4.923480905483355
11,700,16.714185244695287,0.9305467025047864,0.9910555555555556,4.985891226820467
11,710,16.853086086318616,0.9317825594812439,0.9849498875246672,5.04830154815758
11,720,16.986326509370134,0.9326145569917345,0.9956874999999998,5.110711869494693
11,730,17.097667928158415,0.9327757843646063,0.9932152777777778,5.173122190831806
11,740,17.199214844577796,0.9349987956931185,0.9531631074349969,5.235532512168918
11,750,17.32448731009577,0.935973965943353,0.9915555555555555,5.297942833506031
11,760,17.451060065271772,0.9383605743072498,0.9957083333333332,5.3603531548431445
11,770,17.58080947336823,0.9393411509951386,0.9197976524047318,5.422763476180257
11,780,17.686593479774047,0.9400245255150171,0.9970694444444443,5.485173797517371
11,790,17.781327757308222,0.9409565107489559,0.8943141606845126,5.547584118854483
11,800,17.907919435282956,0.9410490835651946,0.9963888888888889,5.609994440191596
11,810,18.03770355087625,0.9420911948104018,0.8972757347446523,5.67240476152871
11,820,18.141477396901315,0.9432237457175134,0.897043626957599,5.734815082865822
11,830,18.222504538656498,0.943865425180769,0.9969513888888889,5.797225404202935
11,840,18.354454619113586,0.944242226976913,0.8816337647955604,5.8596357255400475
11,850,18.456194598765887,0.9450493739416042,0.9126995028081337,5.922046046877161
11,860,18.568472024089957,0.9453317074749327,0.9034106473320611,5.984456368214273
11,870,18.673325284450495,0.9460298786820548,0.9975486111111111,6.046866689551387
11,880,18.790259999187786,0.9462615411826698,0.8250623546553276,6.1092770108884995
11,890,18.919372170589252,0.9462584734754554,0.9961458333333336,6.171687332225613
11,900,19.043423655177204,0.9463198425125001,0.9957500000000001,6.234097653562726
11,910,19.163460516939722,0.946354188480981,0.9351945513266052,6.296507974899838
11,920,19.252916699919364,0.9473074098989223,0.9974374999999999,6.3589182962369515
11,930,19.36699044779256,0.9486895159208666,0.9934166666666668,6.421328617574065
11,940,19.45557673506711,0.9498566421867294,0.9931944444444444,6.483738938911177
11,950,19.57500837098815,0.9497540653908001,0.9934027777777779,6.546149260248289
11,960,19.676922333976478,0.9496290827294529,0.9966597222222224,6.6085595815854035
11,970,19.80966596494418,0.9496055888134927,0.9950972222222221,6.670969902922517
11,980,19.929284880602033,0.9499189920175888,0.9973055555555556,6.733380224259629
11,990,20.025112129168736,0.9503751876942096,0.9969166666666668,6.795790545596741
11,1000,19.96616959685651,0.950963929180584,0.9964097222222221,6.795790545596741
11,1010,19.84957206220215,0.9522043065335274,0.9958263888888889,6.795790545596741
11,1020,19.77444560777151,0.9522658418930581,0.9951874999999999,6.795790545596741
11,1030,19.704172400924204,0.9525542689326065,0.9983541666666668,6.795790545596741
11,1040,19.647727083216257,0.9532393707617073,0.9963472222222223,6.795790545596741
11,1050,19.555536790515184,0.9540398796667976,0.8968188478332099,6.795790545596741
11,1060,19.50047206849796,0.954402748158828,0.9421362435553118,6.795790545596741
11,1070,19.411227184493367,0.9551528922210307,0.9963819444444445,6.795790545596741
11,1080,19.32117283026795,0.956232231505038,0.9088798977864581,6.795790545596741
11,1090,19.23754482828361,0.9574692983060717,0.9977361111111109,6.795790545596741
11,1100,19.143642490474654,0.9576415455641778,0.900712909330875,6.795790545596741
11,1110,19.067211415783444,0.958330384951557,0.9968541666666668,6.795790545596741
11,1120,18.981380821056877,0.9587612314522937,0.9937777777777779,6.795790545596741
11,1130,18.893086472797396,0.9593868806800789,0.9223215199321786,6.795790545596741
11,1140,18.818357618025257,0.9598182280237675,0.9972222222222223,6.795790545596741
11,1150,18.73748591980256,0.9609708517403731,0.8970299244560114,6.795790545596741
11,1160,18.66305062930179,0.9612645659815311,0.9957222222222221,6.795790545596741
11,1170,18.557084589891506,0.961820536100779,0.8416695543257147,6.795790545596741
11,1180,18.5110018076375,0.9625444943400887,0.8617787260845141,6.795790545596741
11,1190,18.468237604729303,0.9622839711111781,0.8967299024932313,6.795790545596741
11,1200,18.418282077058407,0.9632186477822737,0.8975604601519267,6.795790545596741
11,1210,18.35870757089105,0.9624544225565721,0.9955555555555555,6.795790545596741
11,1220,18.309339992875323,0.961735547296642,0.9954166666666666,6.795790545596741
11,1230,18.24713721934464,0.962373109066289,0.9085692973540151,6.795790545596741
11,1240,18.16246715587222,0.9624591889718723,0.9915347222222222,6.795790545596741
11,1250,18.071912628687546,0.963125436159901,0.9954305555555555,6.795790545596741
11,1260,17.984799369849284,0.9637067914511475,0.9983541666666668,6.795790545596741
11,1270,17.923926237908045,0.9642522726714455,0.9940972222222223,6.795790545596741
11,1280,17.854246066203032,0.9647007532003157,0.9021760456360747,6.795790545596741
11,1290,17.816607815623108,0.9643454980181874,0.9038848170572262,6.795790545596741
11,1300,17.77703645381858,0.9647719118867679,0.9194296886287129,6.795790545596741
11,1310,17.730426088218838,0.9648535471255113,0.8960129099866938,6.795790545596741
11,1320,17.683194807707885,0.9651734856929028,0.8319397323933801,6.795790545596741
11,1330,17.631091579778722,0.9652342836498263,0.9052145297731249,6.795790545596741
11,1340,17.561173361347855,0.9657329143223361,0.9944236111111113,6.795790545596741
11,1350,17.509719188215126,0.9662696369751378,0.9954861111111113,6.795790545596741
11,1360,17.45754897921437,0.9667500935226956,0.9249446257635201,6.795790545596741
11,1370,17.38421914762299,0.9672907996839599,0.8946698390021508,6.795790545596741
11,1380,17.32539628540993,0.9681048449225998,0.9968541666666667,6.795790545596741
11,1390,17.274918984005822,0.9682748434023138,0.7536546971907524,6.795790545596741
11,1400,17.204416108862972,0.9679947003095644,0.9951527777777777,6.795790545596741
12,10,1.4427098270423482,0.9253922301085025,0.6536767642624189,0.6795790545596742
12,20,1.5238581092897787,0.924189237060165,0.8185109971308,0.7419893758967872
12,30,1.6125834273740496,0.9281950084921853,0.6925466385394838,0.8043996972339
12,40,1.6876614153245302,0.9346631183094155,0.7950655714281663,0.8668100185710129
12,50,1.7716037679500112,0.9312289827247395,0.7666927222794868,0.9292203399081259
12,60,1.8614349172748446,0.9293627384162759,0.7161435450161507,0.991630661245239
12,70,1.9420460719296502,0.9346292820532065,0.7963954298640739,1.054040982582352
12,80,2.033106555906313,0.9348060696841249,0.6092431083537467,1.1164513039194648
12,90,2.1030973846999643,0.9336095079947897,0.7344970029837884,1.1788616252565778
12,100,2.179421183172798,0.9364300674759294,0.655016317825345,1.2412719465936908
12,110,2.24264547349311,0.9400055652754903,0.8063887732128976,1.3036822679308036
12,120,2.3086164365641118,0.9391111053194523,0.8266985346588136,1.3660925892679165
12,130,2.392841800636124,0.9381131957534203,0.8191534987117854,1.4285029106050295
12,140,2.4465411975778077,0.9407769558041216,0.9292455851232668,1.4909132319421423
12,150,2.507749879773406,0.9411828187635097,0.8945000027524678,1.5533235532792553
12,160,2.5830667206528504,0.9409307510477476,0.8164186281037518,1.6157338746163685
12,170,2.6530276338444256,0.9419940378481075,0.8261491744465846,1.678144195953481
12,180,2.7210941641502133,0.9404916531458376,0.8578006602265129,1.7405545172905945
12,190,2.770174853866539,0.9418061623968896,0.9852737635561579,1.802964838627707
12,200,2.83260147005987,0.9415236551918085,0.786447660427182,1.8653751599648198
12,210,2.882922706684097,0.9417492728091621,0.9136676284629488,1.9277854813019333
12,220,2.944854202993244,0.9409182485288523,0.7328107010602324,1.9901958026390458
12,230,3.008149991309903,0.942998223987396,0.7520006010337529,2.052606123976159
12,240,3.0595516968323326,0.9422932883309194,0.8094981504444112,2.115016445313272
12,250,3.108164932445717,0.9400531593855904,0.7777602387345037,2.177426766650385
12,260,3.16029525841161,0.9395156130957409,0.8429045491375022,2.2398370879874974
12,270,3.1999453580083306,0.9414580672488779,0.9971242603550297,2.3022474093246106
12,280,3.2603871579232155,0.9413362120499098,0.6481946862729648,2.364657730661724
12,290,3.2930522806511955,0.9395861613261802,0.9014370599635425,2.4270680519988366
12,300,3.344206758831541,0.9379388573301671,0.9142964653390806,2.4894783733359493
12,310,3.4181472299771065,0.9382427013439425,0.5477982833327462,2.5518886946730626
12,320,3.470340526292232,0.9387623137490198,0.7244873398821918,2.6142990160101753
12,330,3.5219195285477585,0.9380627653281005,0.8855658304276307,2.676709337347288
12,340,3.5689346896845136,0.9382827727395521,0.959715535520344,2.7391196586844013
12,350,3.612243584123244,0.9368636320451462,0.8143934163909604,2.801529980021514
12,360,3.661815200037493,0.9365046160986297,0.808460292596416,2.8639403013586273
12,370,3.714630108292198,0.9364651083698601,0.9955147928994084,2.92635062269574
12,380,3.749391622544844,0.9359675948816283,0.9970236686390532,2.988760944032853
12,390,3.7944684996682394,0.935528884736119,0.7816343267314467,3.051171265369966
12,400,3.8417850634315895,0.9360743686380335,0.9983846153846153,3.113581586707079
12,410,3.8808170476105293,0.9350788678329828,0.9012726443764375,3.1759919080441916
12,420,3.9157825608566497,0.9349632984626026,0.8323521025848823,3.238402229381305
12,430,3.965778106873599,0.93438217283321,0.9139781205405321,3.3008125507184176
12,440,4.0084377918747816,0.935489127825713,0.9546584779565865,3.3632228720555304
12,450,4.046643118886086,0.9341785127098328,0.9007406344421073,3.4256331933926436
12,460,4.0908889270629984,0.933233664709424,0.9964674556213018,3.4880435147297564
12,470,4.136938918709044,0.9326506485999899,0.9703407732986935,3.550453836066869
12,480,4.173597170452474,0.9319917701527104,0.8938230356774767,3.6128641574039824
12,490,4.228411727976197,0.9320104084481089,0.8079379917669908,3.675274478741095
12,500,4.271851907695273,0.9319095940564532,0.8934862554484073,3.737684800078209
12,510,4.313825254392909,0.930707314479735,0.9587813075252127,3.800095121415321
12,520,4.3628761301544685,0.9305056636516367,0.6798418297024235,3.862505442752434
12,530,4.409708732259018,0.9285735565189439,0.9120330363907077,3.9249157640895467
12,540,4.440639295782704,0.9280755033773973,0.8571075365675502,3.98732608542666
12,550,4.480392775501949,0.9267122286062057,0.8962601020403624,4.049736406763772
12,560,4.516824899741907,0.9253137506045352,0.8575276026055685,4.112146728100885
12,570,4.553423015760419,0.9260290775219522,0.997076923076923,4.174557049437999
12,580,4.586802171906512,0.9265516387768931,0.8068121320419275,4.236967370775112
12,590,4.62765627926959,0.9257670801948596,0.7984735657513836,4.299377692112224
12,600,4.668602002705617,0.9251521998694612,0.9042828987412642,4.361788013449338
12,610,4.7117480793819695,0.9228782164990988,0.9067305440580322,4.424198334786451
12,620,4.748646922246484,0.9219887992038696,0.7704261957417461,4.486608656123563
12,630,4.791981632868213,0.9218042911866672,0.8185029068389053,4.549018977460676
12,640,4.827170542150559,0.9222011186244783,0.9398861946607433,4.611429298797789
12,650,4.870886386985845,0.9224712881347028,0.8970164670776066,4.673839620134902
12,660,4.909312943363712,0.9214547351134413,0.9966331360946745,4.736249941472015
12,670,4.946342539828967,0.9212369389762574,0.7886247360938545,4.798660262809128
12,680,4.980834614963071,0.9221755959538374,0.8528564962318734,4.8610705841462405
12,690,5.021320288427144,0.921868311853133,0.8974007684193779,4.923480905483355
12,700,5.063037083396768,0.920409612666498,0.7069713720178054,4.985891226820467
12,710,5.109668028112701,0.9201075127215341,0.7370061917017995,5.04830154815758
12,720,5.149407980210661,0.9197906566923555,0.8137189264504621,5.110711869494693
12,730,5.175070789500649,0.9183277015171281,0.997656804733728,5.173122190831806
12,740,5.214126050626708,0.9177589305841264,0.8445489659899064,5.235532512168918
12,750,5.250003040243644,0.9178209520998993,0.8272929643506048,5.297942833506031
12,760,5.286662624659323,0.9182704512678685,0.8476891647889147,5.3603531548431445
12,770,5.312227137247088,0.9177450327439185,0.9036628609283598,5.422763476180257
12,780,5.347489378750719,0.9173297121200206,0.9853921788826915,5.485173797517371
12,790,5.382737143846133,0.9170635845808824,0.8866120491266297,5.547584118854483
12,800,5.406018235671668,0.9171038803836888,0.9954792899408286,5.609994440191596
12,810,5.441423842219188,0.9162345256702251,0.9037425089534219,5.67240476152871
12,820,5.47459006654274,0.9162498589717039,0.9967869822485207,5.734815082865822
12,830,5.506470011881162,0.91659207586691,0.7876003679521102,5.797225404202935
12,840,5.54513427401245,0.9157237039712158,0.9955857988165681,5.8596357255400475
12,850,5.583811893342583,0.9155010289250627,0.9049486292368074,5.922046046877161
12,860,5.608673646150493,0.9159518558125469,0.9102897688990812,5.984456368214273
12,870,5.6366074015496945,0.9160983086763461,0.8944113962485926,6.046866689551387
12,880,5.673137556551306,0.9145014936838194,0.8958995747369842,6.1092770108884995
12,890,5.705510092630513,0.9135020435114959,0.8441086578921467,6.171687332225613
12,900,5.737240827926574,0.9142004540902111,0.783892975696048,6.234097653562726
12,910,5.760701873739613,0.9137837220125555,0.9086588287164853,6.296507974899838
12,920,5.792266890584305,0.9132804042772884,0.9247680158266356,6.3589182962369515
12,930,5.820119602076831,0.9126029489536158,0.9969704142011835,6.421328617574065
12,940,5.845706931679229,0.9124862456401794,0.9305551678724772,6.483738938911177
12,950,5.868715763069121,0.9117647736358458,0.9716086538815457,6.546149260248289
12,960,5.9023584324751255,0.9126788658260887,0.9112970304235309,6.6085595815854035
12,970,5.927245901121379,0.9116912457834481,0.9977928994082841,6.670969902922517
12,980,5.9550230355126486,0.9114276287265722,0.9088829067150124,6.733380224259629
12,990,5.992992879151534,0.9107879445680988,0.897740619895883,6.795790545596741
12,1000,5.969593115956352,0.9097295597625696,0.7585622419171856,6.795790545596741
12,1010,5.935858645905865,0.9093251191946875,0.994224852071006,6.795790545596741
12,1020,5.912139428507041,0.908574593532754,0.9886267485506899,6.795790545596741
12,1030,5.887027940512409,0.908019114906071,0.9280023677862953,6.795790545596741
12,1040,5.858662058931192,0.9074123643055928,0.9534221544094936,6.795790545596741
12,1050,5.830904563120747,0.9064161285878205,0.9985207100591715,6.795790545596741
12,1060,5.812705568687565,0.9064529768347662,0.8311125653684176,6.795790545596741
12,1070,5.797130430184012,0.9059375264964207,0.9288305677526267,6.795790545596741
12,1080,5.779388799126723,0.9051367011454328,0.8776832580630737,6.795790545596741
12,1090,5.7641206435268035,0.9044715059086198,0.897619415197816,6.795790545596741
12,1100,5.734037293275177,0.9030159965271409,0.9971183431952662,6.795790545596741
12,1110,5.7108617170865426,0.9025177455254925,0.8470804401737739,6.795790545596741
12,1120,5.6936987290262495,0.9034176994470429,0.9329577017295877,6.795790545596741
12,1130,5.672803009395935,0.902772691179511,0.8995046722962133,6.795790545596741
12,1140,5.650280166666031,0.9019558830023138,0.952062371474157,6.795790545596741
12,1150,5.63300760668672,0.9013591214039437,0.7889463132870354,6.795790545596741
12,1160,5.613850017695482,0.9005176244784607,0.9647680507628265,6.795790545596741
12,1170,5.589286359329732,0.8997225352704779,0.8975934986073668,6.795790545596741
12,1180,5.573474677316755,0.8987006468787693,0.9979585798816568,6.795790545596741
12,1190,5.555820968325999,0.8984690267296205,0.9170502193927075,6.795790545596741
12,1200,5.530992213500417,0.8977797369497222,0.983145599450656,6.795790545596741
12,1210,5.5157514459363135,0.8970862423519402,0.6939929119186234,6.795790545596741
12,1220,5.496773330264661,0.8976631722967696,0.9944082840236688,6.795790545596741
12,1230,5.478802827174289,0.8975236094323089,0.7785545476469744,6.795790545596741
12,1240,5.45708355849619,0.8977421014098339,0.894491785735801,6.795790545596741
12,1250,5.438808307437336,0.897315731209898,0.933016377589374,6.795790545596741
12,1260,5.429553914829446,0.8973408951907247,0.5846517090787311,6.795790545596741
12,1270,5.414685349123945,0.8968338224040256,0.6606105252772428,6.795790545596741
12,1280,5.403936148904378,0.897253983247305,0.8756421511563441,6.795790545596741
12,1290,5.389332749156077,0.896224617913067,0.8156219573891729,6.795790545596741
12,1300,5.371637935700942,0.8968070003598888,0.8978216654890934,6.795790545596741
12,1310,5.354204127695354,0.8966344687767173,0.8981403087798604,6.795790545596741
12,1320,5.333132391749071,0.8954371406289564,0.8170374943109296,6.795790545596741
12,1330,5.319815623675122,0.8948208130859591,0.8958670777783926,6.795790545596741
12,1340,5.301392501151526,0.893789886374214,0.9967455621301777,6.795790545596741
12,1350,5.286636535842769,0.8936554443312108,0.8137087003201546,6.795790545596741
12,1360,5.271319412013478,0.8929072090840526,0.847147616963948,6.795790545596741
12,1370,5.2640031771826905,0.8920467050000113,0.7057980552415314,6.795790545596741
12,1380,5.243383570357072,0.891865518637594,0.9959940828402367,6.795790545596741
12,1390,5.228813542580113,0.8910027533901572,0.7911139236862623,6.795790545596741
12,1400,5.216143447364998,0.890141264980151,0.8690763671579935,6.795790545596741
